source/algos/ag.c:61:9: warning: Out of bound access to memory after the end of 'suff' [clang-analyzer-security.ArrayBound]
   61 |     if (suff[i] == i + 1)
      |         ^
source/algos/ag.c:74:3: note: Assuming the condition is false
   74 |   BEGIN_PREPROCESSING
      |   ^
source/algos/include/main.h:41:9: note: expanded from macro 'BEGIN_PREPROCESSING'
   41 |     if (_run_timer->start)                                                     \
      |         ^~~~~~~~~~~~~~~~~
source/algos/ag.c:74:3: note: Taking false branch
   74 |   BEGIN_PREPROCESSING
      |   ^
source/algos/include/main.h:41:5: note: expanded from macro 'BEGIN_PREPROCESSING'
   41 |     if (_run_timer->start)                                                     \
      |     ^
source/algos/ag.c:75:3: note: Calling 'preBmGsAG'
   75 |   preBmGsAG(x, m, bmGs, suff);
      |   ^~~~~~~~~~~~~~~~~~~~~~~~~~~
source/algos/ag.c:57:15: note: Assuming 'i' is >= 'm'
   57 |   for (i = 0; i < m; ++i)
      |               ^~~~~
source/algos/ag.c:57:3: note: Loop condition is false. Execution continues on line 59
   57 |   for (i = 0; i < m; ++i)
      |   ^
source/algos/ag.c:60:19: note: Assuming 'i' is >= 0
   60 |   for (i = m - 1; i >= 0; --i)
      |                   ^~~~~~
source/algos/ag.c:60:3: note: Loop condition is true.  Entering loop body
   60 |   for (i = m - 1; i >= 0; --i)
      |   ^
source/algos/ag.c:61:9: note: Access of 'suff' at index 2147483647, while it holds only 4200 'int' elements
   61 |     if (suff[i] == i + 1)
      |         ^~~~~~~
source/algos/ag.c:111:7: warning: Out of bound access to memory preceding 'skip' [clang-analyzer-security.ArrayBound]
  111 |       skip[m - 1] = m;
      |       ^~~~~~~~~~~
source/algos/ag.c:74:3: note: Assuming the condition is false
   74 |   BEGIN_PREPROCESSING
      |   ^
source/algos/include/main.h:41:9: note: expanded from macro 'BEGIN_PREPROCESSING'
   41 |     if (_run_timer->start)                                                     \
      |         ^~~~~~~~~~~~~~~~~
source/algos/ag.c:74:3: note: Taking false branch
   74 |   BEGIN_PREPROCESSING
      |   ^
source/algos/include/main.h:41:5: note: expanded from macro 'BEGIN_PREPROCESSING'
   41 |     if (_run_timer->start)                                                     \
      |     ^
source/algos/ag.c:75:3: note: Calling 'preBmGsAG'
   75 |   preBmGsAG(x, m, bmGs, suff);
      |   ^~~~~~~~~~~~~~~~~~~~~~~~~~~
source/algos/ag.c:57:15: note: Assuming 'i' is >= 'm'
   57 |   for (i = 0; i < m; ++i)
      |               ^~~~~
source/algos/ag.c:57:3: note: Loop condition is false. Execution continues on line 59
   57 |   for (i = 0; i < m; ++i)
      |   ^
source/algos/ag.c:60:19: note: Assuming 'i' is < 0
   60 |   for (i = m - 1; i >= 0; --i)
      |                   ^~~~~~
source/algos/ag.c:60:3: note: Loop condition is false. Execution continues on line 65
   60 |   for (i = m - 1; i >= 0; --i)
      |   ^
source/algos/ag.c:65:15: note: Assuming the condition is false
   65 |   for (i = 0; i <= m - 2; ++i)
      |               ^~~~~~~~~~
source/algos/ag.c:65:3: note: Loop condition is false. Execution continues on line 75
   65 |   for (i = 0; i <= m - 2; ++i)
      |   ^
source/algos/ag.c:75:3: note: Returning from 'preBmGsAG'
   75 |   preBmGsAG(x, m, bmGs, suff);
      |   ^~~~~~~~~~~~~~~~~~~~~~~~~~~
source/algos/ag.c:79:3: note: Assuming the condition is false
   79 |   END_PREPROCESSING
      |   ^
source/algos/include/main.h:52:9: note: expanded from macro 'END_PREPROCESSING'
   52 |     if (_run_timer->sum)                                                       \
      |         ^~~~~~~~~~~~~~~
source/algos/ag.c:79:3: note: Taking false branch
   79 |   END_PREPROCESSING
      |   ^
source/algos/include/main.h:52:5: note: expanded from macro 'END_PREPROCESSING'
   52 |     if (_run_timer->sum)                                                       \
      |     ^
source/algos/ag.c:85:10: note: Assuming the condition is true
   85 |   while (j <= n - m) {
      |          ^~~~~~~~~~
source/algos/ag.c:85:3: note: Loop condition is true.  Entering loop body
   85 |   while (j <= n - m) {
      |   ^
source/algos/ag.c:87:12: note: 'i' is < 0
   87 |     while (i >= 0) {
      |            ^
source/algos/ag.c:87:5: note: Loop condition is false. Execution continues on line 109
   87 |     while (i >= 0) {
      |     ^
source/algos/ag.c:109:9: note: 'i' is < 0
  109 |     if (i < 0) {
      |         ^
source/algos/ag.c:109:5: note: Taking true branch
  109 |     if (i < 0) {
      |     ^
source/algos/ag.c:111:7: note: Access of 'skip' at negative byte offset
  111 |       skip[m - 1] = m;
      |       ^~~~~~~~~~~
source/algos/akc.c:307:19: warning: Out of bound access to memory preceding 's_clink' [clang-analyzer-security.ArrayBound]
  307 |         next[p] = clink[m - k - 1];
      |                   ^
source/algos/akc.c:381:3: note: Assuming the condition is false
  381 |   BEGIN_PREPROCESSING
      |   ^
source/algos/include/main.h:41:9: note: expanded from macro 'BEGIN_PREPROCESSING'
   41 |     if (_run_timer->start)                                                     \
      |         ^~~~~~~~~~~~~~~~~
source/algos/akc.c:381:3: note: Taking false branch
  381 |   BEGIN_PREPROCESSING
      |   ^
source/algos/include/main.h:41:5: note: expanded from macro 'BEGIN_PREPROCESSING'
   41 |     if (_run_timer->start)                                                     \
      |     ^
source/algos/akc.c:382:7: note: Assuming 'm' is <= M_CUTOFF
  382 |   if (m > M_CUTOFF) {
      |       ^~~~~~~~~~~~
source/algos/akc.c:382:3: note: Taking false branch
  382 |   if (m > M_CUTOFF) {
      |   ^
source/algos/akc.c:409:3: note: Assuming the condition is false
  409 |   END_PREPROCESSING
      |   ^
source/algos/include/main.h:52:9: note: expanded from macro 'END_PREPROCESSING'
   52 |     if (_run_timer->sum)                                                       \
      |         ^~~~~~~~~~~~~~~
source/algos/akc.c:409:3: note: Taking false branch
  409 |   END_PREPROCESSING
      |   ^
source/algos/include/main.h:52:5: note: expanded from macro 'END_PREPROCESSING'
   52 |     if (_run_timer->sum)                                                       \
      |     ^
source/algos/akc.c:417:10: note: Assuming the condition is true
  417 |   while (j <= n - m) {
      |          ^~~~~~~~~~
source/algos/akc.c:417:3: note: Loop condition is true.  Entering loop body
  417 |   while (j <= n - m) {
      |   ^
source/algos/akc.c:421:5: note: Loop condition is true.  Entering loop body
  421 |     while (i >= 0) {
      |     ^
source/algos/akc.c:422:11: note: 'k' is not equal to 0
  422 |       if (k == 0) {
      |           ^
source/algos/akc.c:422:7: note: Taking false branch
  422 |       if (k == 0) {
      |       ^
source/algos/akc.c:430:11: note: Assuming the condition is false
  430 |       if (x[i] == y[i + j]) {
      |           ^~~~~~~~~~~~~~~~
source/algos/akc.c:430:7: note: Taking false branch
  430 |       if (x[i] == y[i + j]) {
      |       ^
source/algos/akc.c:434:9: note:  Execution continues on line 436
  434 |         break;
      |         ^
source/algos/akc.c:436:9: note: 'i' is >= 0
  436 |     if (i < 0) {
      |         ^
source/algos/akc.c:436:5: note: Taking false branch
  436 |     if (i < 0) {
      |     ^
source/algos/akc.c:443:19: note: '?' condition is false
  443 |       skip[ell] = MAX(0, k - 1);
      |                   ^
source/algos/akc.c:29:20: note: expanded from macro 'MAX'
   29 | #define MAX(a, b) ((a) > (b) ? (a) : (b))
      |                    ^
source/algos/akc.c:448:7: note: Taking true branch
  448 |       if (i == m - 1) {
      |       ^
source/algos/akc.c:456:7: note: Calling 'validateShift'
  456 |       validateShift(m, clink, slink, ell, skip);
      |       ^~~~~~~~~~~~~~~~~~~~~~~~~~~~~~~~~~~~~~~~~
source/algos/akc.c:281:7: note: 'm' is <= M_CUTOFF
  281 |   if (m > M_CUTOFF) {
      |       ^
source/algos/akc.c:281:3: note: Taking false branch
  281 |   if (m > M_CUTOFF) {
      |   ^
source/algos/akc.c:290:7: note: Assuming the condition is true
  290 |   if (skip[ell] < m) {
      |       ^~~~~~~~~~~~~
source/algos/akc.c:290:3: note: Taking true branch
  290 |   if (skip[ell] < m) {
      |   ^
source/algos/akc.c:295:9: note: Assuming the condition is false
  295 |     if (skip[ell] + k >= m)
      |         ^~~~~~~~~~~~~~~~~~
source/algos/akc.c:295:5: note: Taking false branch
  295 |     if (skip[ell] + k >= m)
      |     ^
source/algos/akc.c:299:9: note: Assuming the condition is false
  299 |     if (skip[ell] + k >= m)
      |         ^~~~~~~~~~~~~~~~~~
source/algos/akc.c:299:5: note: Taking false branch
  299 |     if (skip[ell] + k >= m)
      |     ^
source/algos/akc.c:302:5: note: Loop condition is true.  Entering loop body
  302 |     while (skip[ell] + k < m) {
      |     ^
source/algos/akc.c:306:11: note: Assuming the condition is true
  306 |       if (skip[j] == 1)
      |           ^~~~~~~~~~~~
source/algos/akc.c:306:7: note: Taking true branch
  306 |       if (skip[j] == 1)
      |       ^
source/algos/akc.c:307:19: note: Access of 's_clink' at negative byte offset -4
  307 |         next[p] = clink[m - k - 1];
      |                   ^~~~~~~~~~~~~~~~
source/algos/akc.c:309:19: warning: Out of bound access to memory preceding 's_slink' [clang-analyzer-security.ArrayBound]
  309 |         next[p] = slink[m - k - 1];
      |                   ^
source/algos/akc.c:381:3: note: Assuming the condition is false
  381 |   BEGIN_PREPROCESSING
      |   ^
source/algos/include/main.h:41:9: note: expanded from macro 'BEGIN_PREPROCESSING'
   41 |     if (_run_timer->start)                                                     \
      |         ^~~~~~~~~~~~~~~~~
source/algos/akc.c:381:3: note: Taking false branch
  381 |   BEGIN_PREPROCESSING
      |   ^
source/algos/include/main.h:41:5: note: expanded from macro 'BEGIN_PREPROCESSING'
   41 |     if (_run_timer->start)                                                     \
      |     ^
source/algos/akc.c:382:7: note: Assuming 'm' is <= M_CUTOFF
  382 |   if (m > M_CUTOFF) {
      |       ^~~~~~~~~~~~
source/algos/akc.c:382:3: note: Taking false branch
  382 |   if (m > M_CUTOFF) {
      |   ^
source/algos/akc.c:409:3: note: Assuming the condition is false
  409 |   END_PREPROCESSING
      |   ^
source/algos/include/main.h:52:9: note: expanded from macro 'END_PREPROCESSING'
   52 |     if (_run_timer->sum)                                                       \
      |         ^~~~~~~~~~~~~~~
source/algos/akc.c:409:3: note: Taking false branch
  409 |   END_PREPROCESSING
      |   ^
source/algos/include/main.h:52:5: note: expanded from macro 'END_PREPROCESSING'
   52 |     if (_run_timer->sum)                                                       \
      |     ^
source/algos/akc.c:417:10: note: Assuming the condition is true
  417 |   while (j <= n - m) {
      |          ^~~~~~~~~~
source/algos/akc.c:417:3: note: Loop condition is true.  Entering loop body
  417 |   while (j <= n - m) {
      |   ^
source/algos/akc.c:421:5: note: Loop condition is true.  Entering loop body
  421 |     while (i >= 0) {
      |     ^
source/algos/akc.c:422:11: note: 'k' is not equal to 0
  422 |       if (k == 0) {
      |           ^
source/algos/akc.c:422:7: note: Taking false branch
  422 |       if (k == 0) {
      |       ^
source/algos/akc.c:430:11: note: Assuming the condition is false
  430 |       if (x[i] == y[i + j]) {
      |           ^~~~~~~~~~~~~~~~
source/algos/akc.c:430:7: note: Taking false branch
  430 |       if (x[i] == y[i + j]) {
      |       ^
source/algos/akc.c:434:9: note:  Execution continues on line 436
  434 |         break;
      |         ^
source/algos/akc.c:436:9: note: 'i' is >= 0
  436 |     if (i < 0) {
      |         ^
source/algos/akc.c:436:5: note: Taking false branch
  436 |     if (i < 0) {
      |     ^
source/algos/akc.c:443:19: note: '?' condition is false
  443 |       skip[ell] = MAX(0, k - 1);
      |                   ^
source/algos/akc.c:29:20: note: expanded from macro 'MAX'
   29 | #define MAX(a, b) ((a) > (b) ? (a) : (b))
      |                    ^
source/algos/akc.c:448:7: note: Taking true branch
  448 |       if (i == m - 1) {
      |       ^
source/algos/akc.c:456:7: note: Calling 'validateShift'
  456 |       validateShift(m, clink, slink, ell, skip);
      |       ^~~~~~~~~~~~~~~~~~~~~~~~~~~~~~~~~~~~~~~~~
source/algos/akc.c:281:7: note: 'm' is <= M_CUTOFF
  281 |   if (m > M_CUTOFF) {
      |       ^
source/algos/akc.c:281:3: note: Taking false branch
  281 |   if (m > M_CUTOFF) {
      |   ^
source/algos/akc.c:290:7: note: Assuming the condition is true
  290 |   if (skip[ell] < m) {
      |       ^~~~~~~~~~~~~
source/algos/akc.c:290:3: note: Taking true branch
  290 |   if (skip[ell] < m) {
      |   ^
source/algos/akc.c:295:9: note: Assuming the condition is false
  295 |     if (skip[ell] + k >= m)
      |         ^~~~~~~~~~~~~~~~~~
source/algos/akc.c:295:5: note: Taking false branch
  295 |     if (skip[ell] + k >= m)
      |     ^
source/algos/akc.c:299:9: note: Assuming the condition is false
  299 |     if (skip[ell] + k >= m)
      |         ^~~~~~~~~~~~~~~~~~
source/algos/akc.c:299:5: note: Taking false branch
  299 |     if (skip[ell] + k >= m)
      |     ^
source/algos/akc.c:302:5: note: Loop condition is true.  Entering loop body
  302 |     while (skip[ell] + k < m) {
      |     ^
source/algos/akc.c:306:11: note: Assuming the condition is false
  306 |       if (skip[j] == 1)
      |           ^~~~~~~~~~~~
source/algos/akc.c:306:7: note: Taking false branch
  306 |       if (skip[j] == 1)
      |       ^
source/algos/akc.c:309:19: note: Access of 's_slink' at negative byte offset -4
  309 |         next[p] = slink[m - k - 1];
      |                   ^~~~~~~~~~~~~~~~
source/algos/akc.c:453:23: warning: Out of bound access to memory after the end of 's_pref' [clang-analyzer-security.ArrayBound]
  453 |           skip[ell] = pref[i + 1];
      |                       ^~~~~~~~~~~
source/algos/akc.c:381:3: note: Assuming the condition is false
  381 |   BEGIN_PREPROCESSING
      |   ^
source/algos/include/main.h:41:9: note: expanded from macro 'BEGIN_PREPROCESSING'
   41 |     if (_run_timer->start)                                                     \
      |         ^~~~~~~~~~~~~~~~~
source/algos/akc.c:381:3: note: Taking false branch
  381 |   BEGIN_PREPROCESSING
      |   ^
source/algos/include/main.h:41:5: note: expanded from macro 'BEGIN_PREPROCESSING'
   41 |     if (_run_timer->start)                                                     \
      |     ^
source/algos/akc.c:382:7: note: Assuming 'm' is <= M_CUTOFF
  382 |   if (m > M_CUTOFF) {
      |       ^~~~~~~~~~~~
source/algos/akc.c:382:3: note: Taking false branch
  382 |   if (m > M_CUTOFF) {
      |   ^
source/algos/akc.c:409:3: note: Assuming the condition is false
  409 |   END_PREPROCESSING
      |   ^
source/algos/include/main.h:52:9: note: expanded from macro 'END_PREPROCESSING'
   52 |     if (_run_timer->sum)                                                       \
      |         ^~~~~~~~~~~~~~~
source/algos/akc.c:409:3: note: Taking false branch
  409 |   END_PREPROCESSING
      |   ^
source/algos/include/main.h:52:5: note: expanded from macro 'END_PREPROCESSING'
   52 |     if (_run_timer->sum)                                                       \
      |     ^
source/algos/akc.c:417:10: note: Assuming the condition is true
  417 |   while (j <= n - m) {
      |          ^~~~~~~~~~
source/algos/akc.c:417:3: note: Loop condition is true.  Entering loop body
  417 |   while (j <= n - m) {
      |   ^
source/algos/akc.c:421:5: note: Loop condition is true.  Entering loop body
  421 |     while (i >= 0) {
      |     ^
source/algos/akc.c:422:11: note: 'k' is not equal to 0
  422 |       if (k == 0) {
      |           ^
source/algos/akc.c:422:7: note: Taking false branch
  422 |       if (k == 0) {
      |       ^
source/algos/akc.c:430:11: note: Assuming the condition is false
  430 |       if (x[i] == y[i + j]) {
      |           ^~~~~~~~~~~~~~~~
source/algos/akc.c:430:7: note: Taking false branch
  430 |       if (x[i] == y[i + j]) {
      |       ^
source/algos/akc.c:434:9: note:  Execution continues on line 436
  434 |         break;
      |         ^
source/algos/akc.c:436:9: note: 'i' is >= 0
  436 |     if (i < 0) {
      |         ^
source/algos/akc.c:436:5: note: Taking false branch
  436 |     if (i < 0) {
      |     ^
source/algos/akc.c:443:19: note: '?' condition is false
  443 |       skip[ell] = MAX(0, k - 1);
      |                   ^
source/algos/akc.c:29:20: note: expanded from macro 'MAX'
   29 | #define MAX(a, b) ((a) > (b) ? (a) : (b))
      |                    ^
source/algos/akc.c:448:7: note: Taking true branch
  448 |       if (i == m - 1) {
      |       ^
source/algos/akc.c:417:10: note: Assuming the condition is true
  417 |   while (j <= n - m) {
      |          ^~~~~~~~~~
source/algos/akc.c:417:3: note: Loop condition is true.  Entering loop body
  417 |   while (j <= n - m) {
      |   ^
source/algos/akc.c:421:5: note: Loop condition is true.  Entering loop body
  421 |     while (i >= 0) {
      |     ^
source/algos/akc.c:422:11: note: Assuming 'k' is equal to 0
  422 |       if (k == 0) {
      |           ^~~~~~
source/algos/akc.c:422:7: note: Taking true branch
  422 |       if (k == 0) {
      |       ^
source/algos/akc.c:425:13: note: Assuming 'i' is >= 0
  425 |         if (i < 0)
      |             ^~~~~
source/algos/akc.c:425:9: note: Taking false branch
  425 |         if (i < 0)
      |         ^
source/algos/akc.c:428:13: note: Assuming the condition is false
  428 |         k = MIN(skip[ell], i + 1);
      |             ^
source/algos/akc.c:28:20: note: expanded from macro 'MIN'
   28 | #define MIN(a, b) ((a) < (b) ? (a) : (b))
      |                    ^~~~~~~~~
source/algos/akc.c:428:13: note: '?' condition is false
  428 |         k = MIN(skip[ell], i + 1);
      |             ^
source/algos/akc.c:28:20: note: expanded from macro 'MIN'
   28 | #define MIN(a, b) ((a) < (b) ? (a) : (b))
      |                    ^
source/algos/akc.c:430:11: note: Assuming the condition is true
  430 |       if (x[i] == y[i + j]) {
      |           ^~~~~~~~~~~~~~~~
source/algos/akc.c:430:7: note: Taking true branch
  430 |       if (x[i] == y[i + j]) {
      |       ^
source/algos/akc.c:421:5: note: Loop condition is true.  Entering loop body
  421 |     while (i >= 0) {
      |     ^
source/algos/akc.c:422:11: note: 'k' is not equal to 0
  422 |       if (k == 0) {
      |           ^
source/algos/akc.c:422:7: note: Taking false branch
  422 |       if (k == 0) {
      |       ^
source/algos/akc.c:430:11: note: Assuming the condition is false
  430 |       if (x[i] == y[i + j]) {
      |           ^~~~~~~~~~~~~~~~
source/algos/akc.c:430:7: note: Taking false branch
  430 |       if (x[i] == y[i + j]) {
      |       ^
source/algos/akc.c:434:9: note:  Execution continues on line 436
  434 |         break;
      |         ^
source/algos/akc.c:436:9: note: 'i' is >= 0
  436 |     if (i < 0) {
      |         ^
source/algos/akc.c:436:5: note: Taking false branch
  436 |     if (i < 0) {
      |     ^
source/algos/akc.c:443:19: note: '?' condition is false
  443 |       skip[ell] = MAX(0, k - 1);
      |                   ^
source/algos/akc.c:29:20: note: expanded from macro 'MAX'
   29 | #define MAX(a, b) ((a) > (b) ? (a) : (b))
      |                    ^
source/algos/akc.c:448:7: note: Taking false branch
  448 |       if (i == m - 1) {
      |       ^
source/algos/akc.c:452:13: note: Assuming the condition is true
  452 |         if (skip[ell] == -1) {
      |             ^~~~~~~~~~~~~~~
source/algos/akc.c:452:9: note: Taking true branch
  452 |         if (skip[ell] == -1) {
      |         ^
source/algos/akc.c:453:23: note: Access of 's_pref' at index 2147483647, while it holds only 33 'int' elements
  453 |           skip[ell] = pref[i + 1];
      |                       ^~~~~~~~~~~
source/algos/akc.c:453:23: warning: Out of bound access to memory preceding 's_pref' [clang-analyzer-security.ArrayBound]
  453 |           skip[ell] = pref[i + 1];
      |                       ^~~~~~~~~~~
source/algos/akc.c:381:3: note: Assuming the condition is false
  381 |   BEGIN_PREPROCESSING
      |   ^
source/algos/include/main.h:41:9: note: expanded from macro 'BEGIN_PREPROCESSING'
   41 |     if (_run_timer->start)                                                     \
      |         ^~~~~~~~~~~~~~~~~
source/algos/akc.c:381:3: note: Taking false branch
  381 |   BEGIN_PREPROCESSING
      |   ^
source/algos/include/main.h:41:5: note: expanded from macro 'BEGIN_PREPROCESSING'
   41 |     if (_run_timer->start)                                                     \
      |     ^
source/algos/akc.c:382:7: note: Assuming 'm' is <= M_CUTOFF
  382 |   if (m > M_CUTOFF) {
      |       ^~~~~~~~~~~~
source/algos/akc.c:382:3: note: Taking false branch
  382 |   if (m > M_CUTOFF) {
      |   ^
source/algos/akc.c:409:3: note: Assuming the condition is false
  409 |   END_PREPROCESSING
      |   ^
source/algos/include/main.h:52:9: note: expanded from macro 'END_PREPROCESSING'
   52 |     if (_run_timer->sum)                                                       \
      |         ^~~~~~~~~~~~~~~
source/algos/akc.c:409:3: note: Taking false branch
  409 |   END_PREPROCESSING
      |   ^
source/algos/include/main.h:52:5: note: expanded from macro 'END_PREPROCESSING'
   52 |     if (_run_timer->sum)                                                       \
      |     ^
source/algos/akc.c:417:10: note: Assuming the condition is true
  417 |   while (j <= n - m) {
      |          ^~~~~~~~~~
source/algos/akc.c:417:3: note: Loop condition is true.  Entering loop body
  417 |   while (j <= n - m) {
      |   ^
source/algos/akc.c:421:5: note: Loop condition is true.  Entering loop body
  421 |     while (i >= 0) {
      |     ^
source/algos/akc.c:422:11: note: 'k' is not equal to 0
  422 |       if (k == 0) {
      |           ^
source/algos/akc.c:422:7: note: Taking false branch
  422 |       if (k == 0) {
      |       ^
source/algos/akc.c:430:11: note: Assuming the condition is false
  430 |       if (x[i] == y[i + j]) {
      |           ^~~~~~~~~~~~~~~~
source/algos/akc.c:430:7: note: Taking false branch
  430 |       if (x[i] == y[i + j]) {
      |       ^
source/algos/akc.c:434:9: note:  Execution continues on line 436
  434 |         break;
      |         ^
source/algos/akc.c:436:9: note: 'i' is >= 0
  436 |     if (i < 0) {
      |         ^
source/algos/akc.c:436:5: note: Taking false branch
  436 |     if (i < 0) {
      |     ^
source/algos/akc.c:443:19: note: '?' condition is false
  443 |       skip[ell] = MAX(0, k - 1);
      |                   ^
source/algos/akc.c:29:20: note: expanded from macro 'MAX'
   29 | #define MAX(a, b) ((a) > (b) ? (a) : (b))
      |                    ^
source/algos/akc.c:448:7: note: Taking true branch
  448 |       if (i == m - 1) {
      |       ^
source/algos/akc.c:417:10: note: Assuming the condition is true
  417 |   while (j <= n - m) {
      |          ^~~~~~~~~~
source/algos/akc.c:417:3: note: Loop condition is true.  Entering loop body
  417 |   while (j <= n - m) {
      |   ^
source/algos/akc.c:421:5: note: Loop condition is true.  Entering loop body
  421 |     while (i >= 0) {
      |     ^
source/algos/akc.c:422:11: note: Assuming 'k' is equal to 0
  422 |       if (k == 0) {
      |           ^~~~~~
source/algos/akc.c:422:7: note: Taking true branch
  422 |       if (k == 0) {
      |       ^
source/algos/akc.c:425:13: note: Assuming 'i' is >= 0
  425 |         if (i < 0)
      |             ^~~~~
source/algos/akc.c:425:9: note: Taking false branch
  425 |         if (i < 0)
      |         ^
source/algos/akc.c:428:13: note: Assuming the condition is false
  428 |         k = MIN(skip[ell], i + 1);
      |             ^
source/algos/akc.c:28:20: note: expanded from macro 'MIN'
   28 | #define MIN(a, b) ((a) < (b) ? (a) : (b))
      |                    ^~~~~~~~~
source/algos/akc.c:428:13: note: '?' condition is false
  428 |         k = MIN(skip[ell], i + 1);
      |             ^
source/algos/akc.c:28:20: note: expanded from macro 'MIN'
   28 | #define MIN(a, b) ((a) < (b) ? (a) : (b))
      |                    ^
source/algos/akc.c:430:11: note: Assuming the condition is false
  430 |       if (x[i] == y[i + j]) {
      |           ^~~~~~~~~~~~~~~~
source/algos/akc.c:430:7: note: Taking false branch
  430 |       if (x[i] == y[i + j]) {
      |       ^
source/algos/akc.c:434:9: note:  Execution continues on line 436
  434 |         break;
      |         ^
source/algos/akc.c:436:9: note: 'i' is >= 0
  436 |     if (i < 0) {
      |         ^
source/algos/akc.c:436:5: note: Taking false branch
  436 |     if (i < 0) {
      |     ^
source/algos/akc.c:443:19: note: '?' condition is false
  443 |       skip[ell] = MAX(0, k - 1);
      |                   ^
source/algos/akc.c:29:20: note: expanded from macro 'MAX'
   29 | #define MAX(a, b) ((a) > (b) ? (a) : (b))
      |                    ^
source/algos/akc.c:448:7: note: Taking false branch
  448 |       if (i == m - 1) {
      |       ^
source/algos/akc.c:452:13: note: Assuming the condition is true
  452 |         if (skip[ell] == -1) {
      |             ^~~~~~~~~~~~~~~
source/algos/akc.c:452:9: note: Taking true branch
  452 |         if (skip[ell] == -1) {
      |         ^
source/algos/akc.c:453:23: note: Access of 's_pref' at negative byte offset -8589934592
  453 |           skip[ell] = pref[i + 1];
      |                       ^~~~~~~~~~~
source/algos/bfs.c:40:7: warning: Out of bound access to memory around 'temp' [clang-analyzer-security.ArrayBound]
   40 |       temp[last] = i;
      |       ^~~~~~~~~~
source/algos/bfs.c:33:15: note: Assuming 'i' is > 'm'
   33 |   for (i = 0; i <= m; i++)
      |               ^~~~~~
source/algos/bfs.c:33:3: note: Loop condition is false. Execution continues on line 36
   33 |   for (i = 0; i <= m; i++)
      |   ^
source/algos/bfs.c:36:15: note: 'i' is > 'm'
   36 |   for (i = 0; i <= m; i++)
      |               ^
source/algos/bfs.c:36:3: note: Loop condition is false. Execution continues on line 38
   36 |   for (i = 0; i <= m; i++)
      |   ^
source/algos/bfs.c:38:19: note: Assuming 'i' is >= 0
   38 |   for (i = m - 2; i >= 0; i--)
      |                   ^~~~~~
source/algos/bfs.c:38:3: note: Loop condition is true.  Entering loop body
   38 |   for (i = m - 2; i >= 0; i--)
      |   ^
source/algos/bfs.c:39:9: note: Assuming index is less than the number of 'unsigned char' elements in the region
   39 |     if (x[i] == x[last]) {
      |         ^~~~
source/algos/bfs.c:39:17: note: Assuming index is less than the number of 'unsigned char' elements in the region
   39 |     if (x[i] == x[last]) {
      |                 ^~~~~~~
source/algos/bfs.c:39:9: note: Assuming the condition is true
   39 |     if (x[i] == x[last]) {
      |         ^~~~~~~~~~~~~~~
source/algos/bfs.c:39:5: note: Taking true branch
   39 |     if (x[i] == x[last]) {
      |     ^
source/algos/bfs.c:40:7: note: Access of 'temp' at a negative or overflowing index, while it holds only 4200 'int' elements
   40 |       temp[last] = i;
      |       ^~~~~~~~~~
source/algos/bm.c:61:9: warning: Out of bound access to memory after the end of 'suff' [clang-analyzer-security.ArrayBound]
   61 |     if (suff[i] == i + 1)
      |         ^
source/algos/bm.c:73:3: note: Assuming the condition is false
   73 |   BEGIN_PREPROCESSING
      |   ^
source/algos/include/main.h:41:9: note: expanded from macro 'BEGIN_PREPROCESSING'
   41 |     if (_run_timer->start)                                                     \
      |         ^~~~~~~~~~~~~~~~~
source/algos/bm.c:73:3: note: Taking false branch
   73 |   BEGIN_PREPROCESSING
      |   ^
source/algos/include/main.h:41:5: note: expanded from macro 'BEGIN_PREPROCESSING'
   41 |     if (_run_timer->start)                                                     \
      |     ^
source/algos/bm.c:74:3: note: Calling 'preBmGs'
   74 |   preBmGs(x, m, bmGs);
      |   ^~~~~~~~~~~~~~~~~~~
source/algos/bm.c:57:15: note: Assuming 'i' is >= 'm'
   57 |   for (i = 0; i < m; ++i)
      |               ^~~~~
source/algos/bm.c:57:3: note: Loop condition is false. Execution continues on line 59
   57 |   for (i = 0; i < m; ++i)
      |   ^
source/algos/bm.c:60:19: note: Assuming 'i' is >= 0
   60 |   for (i = m - 1; i >= 0; --i)
      |                   ^~~~~~
source/algos/bm.c:60:3: note: Loop condition is true.  Entering loop body
   60 |   for (i = m - 1; i >= 0; --i)
      |   ^
source/algos/bm.c:61:9: note: Access of 'suff' at index 2147483647, while it holds only 4200 'int' elements
   61 |     if (suff[i] == i + 1)
      |         ^~~~~~~
source/algos/bom.c:61:16: warning: Out of bound access to memory preceding 'L' [clang-analyzer-security.ArrayBound]
   61 |   cell->next = L[p];
      |                ^
source/algos/bom.c:91:3: note: Assuming the condition is false
   91 |   BEGIN_PREPROCESSING
      |   ^
source/algos/include/main.h:41:9: note: expanded from macro 'BEGIN_PREPROCESSING'
   41 |     if (_run_timer->start)                                                     \
      |         ^~~~~~~~~~~~~~~~~
source/algos/bom.c:91:3: note: Taking false branch
   91 |   BEGIN_PREPROCESSING
      |   ^
source/algos/include/main.h:41:5: note: expanded from macro 'BEGIN_PREPROCESSING'
   41 |     if (_run_timer->start)                                                     \
      |     ^
source/algos/bom.c:97:3: note: Calling 'oracle'
   97 |   oracle(x, m, T, L);
      |   ^~~~~~~~~~~~~~~~~~
source/algos/bom.c:70:15: note: Assuming 'i' is > 0
   70 |   for (i = m; i > 0; --i) {
      |               ^~~~~
source/algos/bom.c:70:3: note: Loop condition is true.  Entering loop body
   70 |   for (i = m; i > 0; --i) {
      |   ^
source/algos/bom.c:73:12: note: Assuming 'p' is <= 'm'
   73 |     while (p <= m && (q = getTransition(x, p, L, c)) == UNDEFINED) {
      |            ^~~~~~
source/algos/bom.c:73:12: note: Left side of '&&' is true
source/algos/bom.c:73:5: note: Loop condition is true.  Entering loop body
   73 |     while (p <= m && (q = getTransition(x, p, L, c)) == UNDEFINED) {
      |     ^
source/algos/bom.c:73:12: note: Assuming 'p' is > 'm'
   73 |     while (p <= m && (q = getTransition(x, p, L, c)) == UNDEFINED) {
      |            ^~~~~~
source/algos/bom.c:73:19: note: Left side of '&&' is false
   73 |     while (p <= m && (q = getTransition(x, p, L, c)) == UNDEFINED) {
      |                   ^
source/algos/bom.c:77:17: note: Assuming the condition is false
   77 |     S[i - 1] = (p == m + 1 ? m : q);
      |                 ^~~~~~~~~~
source/algos/bom.c:77:17: note: '?' condition is false
source/algos/bom.c:70:15: note: Assuming 'i' is > 0
   70 |   for (i = m; i > 0; --i) {
      |               ^~~~~
source/algos/bom.c:70:3: note: Loop condition is true.  Entering loop body
   70 |   for (i = m; i > 0; --i) {
      |   ^
source/algos/bom.c:73:12: note: 'p' is <= 'm'
   73 |     while (p <= m && (q = getTransition(x, p, L, c)) == UNDEFINED) {
      |            ^
source/algos/bom.c:73:12: note: Left side of '&&' is true
source/algos/bom.c:73:22: note: Assuming the condition is true
   73 |     while (p <= m && (q = getTransition(x, p, L, c)) == UNDEFINED) {
      |                      ^~~~~~~~~~~~~~~~~~~~~~~~~~~~~~~~~~~~~~~~~~~~
source/algos/bom.c:73:5: note: Loop condition is true.  Entering loop body
   73 |     while (p <= m && (q = getTransition(x, p, L, c)) == UNDEFINED) {
      |     ^
source/algos/bom.c:74:7: note: Calling 'setTransition'
   74 |       setTransition(p, i - 1, L, m, j++);
      |       ^~~~~~~~~~~~~~~~~~~~~~~~~~~~~~~~~~
source/algos/bom.c:53:7: note: 'm' is <= M_CUTOFF
   53 |   if (m > M_CUTOFF) {
      |       ^
source/algos/bom.c:53:3: note: Taking false branch
   53 |   if (m > M_CUTOFF) {
      |   ^
source/algos/bom.c:61:16: note: Access of 'L' at negative byte offset -8
   61 |   cell->next = L[p];
      |                ^~~~
source/algos/bom.c:63:1: warning: Potential memory leak [clang-analyzer-unix.Malloc]
   63 | }
      | ^
source/algos/bom.c:91:3: note: Assuming the condition is false
   91 |   BEGIN_PREPROCESSING
      |   ^
source/algos/include/main.h:41:9: note: expanded from macro 'BEGIN_PREPROCESSING'
   41 |     if (_run_timer->start)                                                     \
      |         ^~~~~~~~~~~~~~~~~
source/algos/bom.c:91:3: note: Taking false branch
   91 |   BEGIN_PREPROCESSING
      |   ^
source/algos/include/main.h:41:5: note: expanded from macro 'BEGIN_PREPROCESSING'
   41 |     if (_run_timer->start)                                                     \
      |     ^
source/algos/bom.c:97:3: note: Calling 'oracle'
   97 |   oracle(x, m, T, L);
      |   ^~~~~~~~~~~~~~~~~~
source/algos/bom.c:70:15: note: Assuming 'i' is > 0
   70 |   for (i = m; i > 0; --i) {
      |               ^~~~~
source/algos/bom.c:70:3: note: Loop condition is true.  Entering loop body
   70 |   for (i = m; i > 0; --i) {
      |   ^
source/algos/bom.c:73:12: note: Assuming 'p' is <= 'm'
   73 |     while (p <= m && (q = getTransition(x, p, L, c)) == UNDEFINED) {
      |            ^~~~~~
source/algos/bom.c:73:12: note: Left side of '&&' is true
source/algos/bom.c:73:5: note: Loop condition is true.  Entering loop body
   73 |     while (p <= m && (q = getTransition(x, p, L, c)) == UNDEFINED) {
      |     ^
source/algos/bom.c:74:7: note: Calling 'setTransition'
   74 |       setTransition(p, i - 1, L, m, j++);
      |       ^~~~~~~~~~~~~~~~~~~~~~~~~~~~~~~~~~
source/algos/bom.c:53:7: note: Assuming 'm' is > M_CUTOFF
   53 |   if (m > M_CUTOFF) {
      |       ^~~~~~~~~~~~
source/algos/bom.c:53:3: note: Taking true branch
   53 |   if (m > M_CUTOFF) {
      |   ^
source/algos/bom.c:54:18: note: Memory is allocated
   54 |     cell = (List)malloc(sizeof(struct _cell));
      |                  ^~~~~~~~~~~~~~~~~~~~~~~~~~~~
source/algos/bom.c:55:9: note: Assuming 'cell' is not equal to NULL
   55 |     if (cell == NULL)
      |         ^~~~~~~~~~~~
source/algos/bom.c:55:5: note: Taking false branch
   55 |     if (cell == NULL)
      |     ^
source/algos/bom.c:74:7: note: Returned allocated memory
   74 |       setTransition(p, i - 1, L, m, j++);
      |       ^~~~~~~~~~~~~~~~~~~~~~~~~~~~~~~~~~
source/algos/bom.c:73:12: note: Assuming 'p' is <= 'm'
   73 |     while (p <= m && (q = getTransition(x, p, L, c)) == UNDEFINED) {
      |            ^~~~~~
source/algos/bom.c:73:12: note: Left side of '&&' is true
source/algos/bom.c:73:5: note: Loop condition is true.  Entering loop body
   73 |     while (p <= m && (q = getTransition(x, p, L, c)) == UNDEFINED) {
      |     ^
source/algos/bom.c:74:7: note: Calling 'setTransition'
   74 |       setTransition(p, i - 1, L, m, j++);
      |       ^~~~~~~~~~~~~~~~~~~~~~~~~~~~~~~~~~
source/algos/bom.c:53:7: note: 'm' is > M_CUTOFF
   53 |   if (m > M_CUTOFF) {
      |       ^
source/algos/bom.c:53:3: note: Taking true branch
   53 |   if (m > M_CUTOFF) {
      |   ^
source/algos/bom.c:55:9: note: Assuming 'cell' is not equal to NULL
   55 |     if (cell == NULL)
      |         ^~~~~~~~~~~~
source/algos/bom.c:55:5: note: Taking false branch
   55 |     if (cell == NULL)
      |     ^
source/algos/bom.c:63:1: note: Potential memory leak
   63 | }
      | ^
source/algos/bom2.c:54:3: warning: Out of bound access to memory around 'S' [clang-analyzer-security.ArrayBound]
   54 |   S[m] = m + 1;
      |   ^~~~
source/algos/bom2.c:38:3: note: Assuming the condition is false
   38 |   BEGIN_PREPROCESSING
      |   ^
source/algos/include/main.h:41:9: note: expanded from macro 'BEGIN_PREPROCESSING'
   41 |     if (_run_timer->start)                                                     \
      |         ^~~~~~~~~~~~~~~~~
source/algos/bom2.c:38:3: note: Taking false branch
   38 |   BEGIN_PREPROCESSING
      |   ^
source/algos/include/main.h:41:5: note: expanded from macro 'BEGIN_PREPROCESSING'
   41 |     if (_run_timer->start)                                                     \
      |     ^
source/algos/bom2.c:41:7: note: Assuming the condition is false
   41 |   if (m + 2 > M_CUTOFF) {
      |       ^~~~~~~~~~~~~~~~
source/algos/bom2.c:41:3: note: Taking false branch
   41 |   if (m + 2 > M_CUTOFF) {
      |   ^
source/algos/bom2.c:46:17: note: Assuming the condition is false
   46 |     for (i = 0; i <= m + 1; i++)
      |                 ^~~~~~~~~~
source/algos/bom2.c:46:5: note: Loop condition is false. Execution continues on line 51
   46 |     for (i = 0; i <= m + 1; i++)
      |     ^
source/algos/bom2.c:51:3: note: Loop condition is false. Execution continues on line 54
   51 |   for (i = 0; i <= m + 1; i++)
      |   ^
source/algos/bom2.c:54:3: note: Access of 'S' at a negative or overflowing index, while it holds only 4200 'int' elements
   54 |   S[m] = m + 1;
      |   ^~~~
source/algos/colussi.c:68:9: warning: Out of bound access to memory preceding 'hmax' [clang-analyzer-security.ArrayBound]
   68 |     if (hmax[i + 1] == m)
      |         ^
source/algos/colussi.c:116:3: note: Assuming the condition is false
  116 |   BEGIN_PREPROCESSING
      |   ^
source/algos/include/main.h:41:9: note: expanded from macro 'BEGIN_PREPROCESSING'
   41 |     if (_run_timer->start)                                                     \
      |         ^~~~~~~~~~~~~~~~~
source/algos/colussi.c:116:3: note: Taking false branch
  116 |   BEGIN_PREPROCESSING
      |   ^
source/algos/include/main.h:41:5: note: expanded from macro 'BEGIN_PREPROCESSING'
   41 |     if (_run_timer->start)                                                     \
      |     ^
source/algos/colussi.c:118:8: note: Calling 'preColussi'
  118 |   nd = preColussi(x, m, h, next, shift);
      |        ^~~~~~~~~~~~~~~~~~~~~~~~~~~~~~~~
source/algos/colussi.c:42:12: note: Assuming 'i' is >= 'm'
   42 |     while (i < m && x[i] == x[i - k])
      |            ^~~~~
source/algos/colussi.c:42:18: note: Left side of '&&' is false
   42 |     while (i < m && x[i] == x[i - k])
      |                  ^
source/algos/colussi.c:46:5: note: Loop condition is false. Execution continues on line 52
   46 |     while (hmax[q - k] + k < i) {
      |     ^
source/algos/colussi.c:53:5: note: Taking true branch
   53 |     if (k == i + 1)
      |     ^
source/algos/colussi.c:55:12: note: 'k' is > 'm'
   55 |   } while (k <= m);
      |            ^
source/algos/colussi.c:38:3: note: Loop condition is false.  Exiting loop
   38 |   do {
      |   ^
source/algos/colussi.c:60:15: note: Assuming 'i' is < 1
   60 |   for (i = m; i >= 1; --i)
      |               ^~~~~~
source/algos/colussi.c:60:3: note: Loop condition is false. Execution continues on line 66
   60 |   for (i = m; i >= 1; --i)
      |   ^
source/algos/colussi.c:67:19: note: Assuming 'i' is >= 0
   67 |   for (i = m - 1; i >= 0; --i) {
      |                   ^~~~~~
source/algos/colussi.c:67:3: note: Loop condition is true.  Entering loop body
   67 |   for (i = m - 1; i >= 0; --i) {
      |   ^
source/algos/colussi.c:68:9: note: Access of 'hmax' at negative byte offset -8589934592
   68 |     if (hmax[i + 1] == m)
      |         ^~~~~~~~~~~
source/algos/colussi.c:91:3: warning: Out of bound access to memory preceding 'shift' [clang-analyzer-security.ArrayBound]
   91 |   shift[m] = rmin[0];
      |   ^
source/algos/colussi.c:116:3: note: Assuming the condition is false
  116 |   BEGIN_PREPROCESSING
      |   ^
source/algos/include/main.h:41:9: note: expanded from macro 'BEGIN_PREPROCESSING'
   41 |     if (_run_timer->start)                                                     \
      |         ^~~~~~~~~~~~~~~~~
source/algos/colussi.c:116:3: note: Taking false branch
  116 |   BEGIN_PREPROCESSING
      |   ^
source/algos/include/main.h:41:5: note: expanded from macro 'BEGIN_PREPROCESSING'
   41 |     if (_run_timer->start)                                                     \
      |     ^
source/algos/colussi.c:118:8: note: Calling 'preColussi'
  118 |   nd = preColussi(x, m, h, next, shift);
      |        ^~~~~~~~~~~~~~~~~~~~~~~~~~~~~~~~
source/algos/colussi.c:42:12: note: Assuming 'i' is >= 'm'
   42 |     while (i < m && x[i] == x[i - k])
      |            ^~~~~
source/algos/colussi.c:42:18: note: Left side of '&&' is false
   42 |     while (i < m && x[i] == x[i - k])
      |                  ^
source/algos/colussi.c:46:5: note: Loop condition is false. Execution continues on line 52
   46 |     while (hmax[q - k] + k < i) {
      |     ^
source/algos/colussi.c:53:5: note: Taking true branch
   53 |     if (k == i + 1)
      |     ^
source/algos/colussi.c:55:12: note: 'k' is > 'm'
   55 |   } while (k <= m);
      |            ^
source/algos/colussi.c:38:3: note: Loop condition is false.  Exiting loop
   38 |   do {
      |   ^
source/algos/colussi.c:60:15: note: Assuming 'i' is < 1
   60 |   for (i = m; i >= 1; --i)
      |               ^~~~~~
source/algos/colussi.c:60:3: note: Loop condition is false. Execution continues on line 66
   60 |   for (i = m; i >= 1; --i)
      |   ^
source/algos/colussi.c:67:19: note: Assuming 'i' is < 0
   67 |   for (i = m - 1; i >= 0; --i) {
      |                   ^~~~~~
source/algos/colussi.c:67:3: note: Loop condition is false. Execution continues on line 77
   67 |   for (i = m - 1; i >= 0; --i) {
      |   ^
source/algos/colussi.c:79:15: note: 'i' is >= 'm'
   79 |   for (i = 0; i < m; ++i)
      |               ^
source/algos/colussi.c:79:3: note: Loop condition is false. Execution continues on line 84
   79 |   for (i = 0; i < m; ++i)
      |   ^
source/algos/colussi.c:87:3: note: Loop condition is false. Execution continues on line 89
   87 |   for (i = 0; i <= nd; ++i)
      |   ^
source/algos/colussi.c:89:20: note: 'i' is >= 'm'
   89 |   for (i = nd + 1; i < m; ++i)
      |                    ^
source/algos/colussi.c:89:3: note: Loop condition is false. Execution continues on line 91
   89 |   for (i = nd + 1; i < m; ++i)
      |   ^
source/algos/colussi.c:91:3: note: Access of 'shift' at negative byte offset
   91 |   shift[m] = rmin[0];
      |   ^~~~~~~~
source/algos/colussi.c:127:32: warning: Out of bound access to memory preceding 'h' [clang-analyzer-security.ArrayBound]
  127 |     while (i < m && last < j + h[i] && x[h[i]] == y[j + h[i]])
      |                                ^~~~
source/algos/colussi.c:116:3: note: Assuming the condition is false
  116 |   BEGIN_PREPROCESSING
      |   ^
source/algos/include/main.h:41:9: note: expanded from macro 'BEGIN_PREPROCESSING'
   41 |     if (_run_timer->start)                                                     \
      |         ^~~~~~~~~~~~~~~~~
source/algos/colussi.c:116:3: note: Taking false branch
  116 |   BEGIN_PREPROCESSING
      |   ^
source/algos/include/main.h:41:5: note: expanded from macro 'BEGIN_PREPROCESSING'
   41 |     if (_run_timer->start)                                                     \
      |     ^
source/algos/colussi.c:119:3: note: Assuming the condition is false
  119 |   END_PREPROCESSING
      |   ^
source/algos/include/main.h:52:9: note: expanded from macro 'END_PREPROCESSING'
   52 |     if (_run_timer->sum)                                                       \
      |         ^~~~~~~~~~~~~~~
source/algos/colussi.c:119:3: note: Taking false branch
  119 |   END_PREPROCESSING
      |   ^
source/algos/include/main.h:52:5: note: expanded from macro 'END_PREPROCESSING'
   52 |     if (_run_timer->sum)                                                       \
      |     ^
source/algos/colussi.c:126:10: note: Assuming the condition is true
  126 |   while (j <= n - m) {
      |          ^~~~~~~~~~
source/algos/colussi.c:126:3: note: Loop condition is true.  Entering loop body
  126 |   while (j <= n - m) {
      |   ^
source/algos/colussi.c:127:12: note: Assuming 'i' is >= 'm'
  127 |     while (i < m && last < j + h[i] && x[h[i]] == y[j + h[i]])
      |            ^~~~~
source/algos/colussi.c:127:18: note: Left side of '&&' is false
  127 |     while (i < m && last < j + h[i] && x[h[i]] == y[j + h[i]])
      |                  ^
source/algos/colussi.c:129:9: note: 'i' is >= 'm'
  129 |     if (i >= m || last >= j + h[i]) {
      |         ^
source/algos/colussi.c:129:16: note: Left side of '||' is true
  129 |     if (i >= m || last >= j + h[i]) {
      |                ^
source/algos/colussi.c:133:9: note: Assuming 'i' is <= 'nd'
  133 |     if (i > nd)
      |         ^~~~~~
source/algos/colussi.c:133:5: note: Taking false branch
  133 |     if (i > nd)
      |     ^
source/algos/colussi.c:126:10: note: Assuming the condition is true
  126 |   while (j <= n - m) {
      |          ^~~~~~~~~~
source/algos/colussi.c:126:3: note: Loop condition is true.  Entering loop body
  126 |   while (j <= n - m) {
      |   ^
source/algos/colussi.c:127:12: note: Assuming 'i' is < 'm'
  127 |     while (i < m && last < j + h[i] && x[h[i]] == y[j + h[i]])
      |            ^~~~~
source/algos/colussi.c:127:12: note: Left side of '&&' is true
source/algos/colussi.c:127:32: note: Access of 'h' at negative byte offset
  127 |     while (i < m && last < j + h[i] && x[h[i]] == y[j + h[i]])
      |                                ^~~~
source/algos/dbww.c:54:10: warning: Right operand is negative in left shift [clang-analyzer-core.BitwiseShift]
   54 |   H = 1U << (m - 1);
      |       ~~~^~~~~~~~~~
source/algos/dbww.c:36:7: note: Assuming 'm' is <= 16
   36 |   if (m > 16)
      |       ^~~~~~
source/algos/dbww.c:36:3: note: Taking false branch
   36 |   if (m > 16)
      |   ^
source/algos/dbww.c:40:7: note: Assuming the condition is false
   40 |   if ((n / m) < 2)
      |       ^~~~~~~~~~~
source/algos/dbww.c:40:3: note: Taking false branch
   40 |   if ((n / m) < 2)
      |   ^
source/algos/dbww.c:45:3: note: Assuming the condition is false
   45 |   BEGIN_PREPROCESSING
      |   ^
source/algos/include/main.h:41:9: note: expanded from macro 'BEGIN_PREPROCESSING'
   41 |     if (_run_timer->start)                                                     \
      |         ^~~~~~~~~~~~~~~~~
source/algos/dbww.c:45:3: note: Taking false branch
   45 |   BEGIN_PREPROCESSING
      |   ^
source/algos/include/main.h:41:5: note: expanded from macro 'BEGIN_PREPROCESSING'
   41 |     if (_run_timer->start)                                                     \
      |     ^
source/algos/dbww.c:47:15: note: Assuming 'i' is >= 'm'
   47 |   for (i = 0; i < m; ++i) {
      |               ^~~~~
source/algos/dbww.c:47:3: note: Loop condition is false. Execution continues on line 54
   47 |   for (i = 0; i < m; ++i) {
      |   ^
source/algos/dbww.c:54:10: note: The result of left shift is undefined because the right operand is negative
   54 |   H = 1U << (m - 1);
      |       ~~~^~~~~~~~~~
source/algos/dbww2.c:58:10: warning: Right operand is negative in left shift [clang-analyzer-core.BitwiseShift]
   58 |   H = 1U << (m - 1);
      |       ~~~^~~~~~~~~~
source/algos/dbww2.c:41:7: note: Assuming 'm' is <= 16
   41 |   if (m > 16)
      |       ^~~~~~
source/algos/dbww2.c:41:3: note: Taking false branch
   41 |   if (m > 16)
      |   ^
source/algos/dbww2.c:45:7: note: Assuming the condition is false
   45 |   if (n / m < 2)
      |       ^~~~~~~~~
source/algos/dbww2.c:45:3: note: Taking false branch
   45 |   if (n / m < 2)
      |   ^
source/algos/dbww2.c:49:3: note: Assuming the condition is false
   49 |   BEGIN_PREPROCESSING
      |   ^
source/algos/include/main.h:41:9: note: expanded from macro 'BEGIN_PREPROCESSING'
   41 |     if (_run_timer->start)                                                     \
      |         ^~~~~~~~~~~~~~~~~
source/algos/dbww2.c:49:3: note: Taking false branch
   49 |   BEGIN_PREPROCESSING
      |   ^
source/algos/include/main.h:41:5: note: expanded from macro 'BEGIN_PREPROCESSING'
   41 |     if (_run_timer->start)                                                     \
      |     ^
source/algos/dbww2.c:51:15: note: Assuming 'i' is >= 'm'
   51 |   for (i = 0; i < m; ++i) {
      |               ^~~~~
source/algos/dbww2.c:51:3: note: Loop condition is false. Execution continues on line 58
   51 |   for (i = 0; i < m; ++i) {
      |   ^
source/algos/dbww2.c:58:10: note: The result of left shift is undefined because the right operand is negative
   58 |   H = 1U << (m - 1);
      |       ~~~^~~~~~~~~~
source/algos/ebom.c:58:3: warning: Out of bound access to memory after the end of 'S' [clang-analyzer-security.ArrayBound]
   58 |   S[m] = m + 1;
      |   ^~~~
source/algos/ebom.c:41:7: note: Assuming 'm' is >= 2
   41 |   if (m < 2)
      |       ^~~~~
source/algos/ebom.c:41:3: note: Taking false branch
   41 |   if (m < 2)
      |   ^
source/algos/ebom.c:44:3: note: Assuming the condition is false
   44 |   BEGIN_PREPROCESSING
      |   ^
source/algos/include/main.h:41:9: note: expanded from macro 'BEGIN_PREPROCESSING'
   41 |     if (_run_timer->start)                                                     \
      |         ^~~~~~~~~~~~~~~~~
source/algos/ebom.c:44:3: note: Taking false branch
   44 |   BEGIN_PREPROCESSING
      |   ^
source/algos/include/main.h:41:5: note: expanded from macro 'BEGIN_PREPROCESSING'
   41 |     if (_run_timer->start)                                                     \
      |     ^
source/algos/ebom.c:47:7: note: Assuming the condition is false
   47 |   if (m + 2 > M_CUTOFF) {
      |       ^~~~~~~~~~~~~~~~
source/algos/ebom.c:47:3: note: Taking false branch
   47 |   if (m + 2 > M_CUTOFF) {
      |   ^
source/algos/ebom.c:52:17: note: Assuming the condition is false
   52 |     for (i = 0; i <= m + 1; i++)
      |                 ^~~~~~~~~~
source/algos/ebom.c:52:5: note: Loop condition is false. Execution continues on line 55
   52 |     for (i = 0; i <= m + 1; i++)
      |     ^
source/algos/ebom.c:55:3: note: Loop condition is false. Execution continues on line 58
   55 |   for (i = 0; i <= m + 1; i++)
      |   ^
source/algos/ebom.c:58:3: note: Access of 'S' at index 2147483647, while it holds only 4200 'int' elements
   58 |   S[m] = m + 1;
      |   ^~~~
source/algos/epsm.c:56:13: warning: unknown pragma ignored [clang-diagnostic-unknown-pragmas]
   56 | #pragma GCC optimize("O3")
      |             ^
source/algos/epsm.c:315:5: warning: Call to function 'memcpy' is insecure as it does not provide security checks introduced in the C11 standard. Replace with analogous functions that support length arguments or provides boundary checks such as 'memcpy_s' in case of C11 [clang-analyzer-security.insecureAPI.DeprecatedOrUnsafeBufferHandling]
  315 |     memcpy(&word, &pattern[i], sizeof(word));
      |     ^~~~~~
source/algos/epsm.c:315:5: note: Call to function 'memcpy' is insecure as it does not provide security checks introduced in the C11 standard. Replace with analogous functions that support length arguments or provides boundary checks such as 'memcpy_s' in case of C11
  315 |     memcpy(&word, &pattern[i], sizeof(word));
      |     ^~~~~~
source/algos/fbom.c:52:3: warning: Out of bound access to memory around 'S' [clang-analyzer-security.ArrayBound]
   52 |   S[m] = m + 1;
      |   ^~~~
source/algos/fbom.c:38:3: note: Assuming the condition is false
   38 |   BEGIN_PREPROCESSING
      |   ^
source/algos/include/main.h:41:9: note: expanded from macro 'BEGIN_PREPROCESSING'
   41 |     if (_run_timer->start)                                                     \
      |         ^~~~~~~~~~~~~~~~~
source/algos/fbom.c:38:3: note: Taking false branch
   38 |   BEGIN_PREPROCESSING
      |   ^
source/algos/include/main.h:41:5: note: expanded from macro 'BEGIN_PREPROCESSING'
   41 |     if (_run_timer->start)                                                     \
      |     ^
source/algos/fbom.c:41:7: note: Assuming the condition is false
   41 |   if (m + 2 > M_CUTOFF) {
      |       ^~~~~~~~~~~~~~~~
source/algos/fbom.c:41:3: note: Taking false branch
   41 |   if (m + 2 > M_CUTOFF) {
      |   ^
source/algos/fbom.c:46:17: note: Assuming the condition is false
   46 |     for (i = 0; i <= m + 1; i++)
      |                 ^~~~~~~~~~
source/algos/fbom.c:46:5: note: Loop condition is false. Execution continues on line 49
   46 |     for (i = 0; i <= m + 1; i++)
      |     ^
source/algos/fbom.c:49:3: note: Loop condition is false. Execution continues on line 52
   49 |   for (i = 0; i <= m + 1; i++)
      |   ^
source/algos/fbom.c:52:3: note: Access of 'S' at a negative or overflowing index, while it holds only 4200 'int' elements
   52 |   S[m] = m + 1;
      |   ^~~~
source/algos/fs-w2.c:109:8: warning: Although the value stored to 'j' is used in the enclosing expression, the value is never actually read from 'j' [clang-analyzer-deadcode.DeadStores]
  109 |   s1 = j = mm1;
      |        ^   ~~~
source/algos/fs-w2.c:109:8: note: Although the value stored to 'j' is used in the enclosing expression, the value is never actually read from 'j'
  109 |   s1 = j = mm1;
      |        ^   ~~~
source/algos/gg.c:68:9: warning: Out of bound access to memory preceding 'hmax' [clang-analyzer-security.ArrayBound]
   68 |     if (hmax[i + 1] == m)
      |         ^
source/algos/gg.c:117:17: note: Assuming the condition is false
  117 |   for (ell = 0; x[ell] == x[ell + 1]; ell++)
      |                 ^~~~~~~~~~~~~~~~~~~~
source/algos/gg.c:117:3: note: Loop condition is false. Execution continues on line 119
  117 |   for (ell = 0; x[ell] == x[ell + 1]; ell++)
      |   ^
source/algos/gg.c:119:7: note: Assuming the condition is false
  119 |   if (ell == m - 1) {
      |       ^~~~~~~~~~~~
source/algos/gg.c:119:3: note: Taking false branch
  119 |   if (ell == m - 1) {
      |   ^
source/algos/gg.c:134:3: note: Assuming the condition is false
  134 |   BEGIN_PREPROCESSING
      |   ^
source/algos/include/main.h:41:9: note: expanded from macro 'BEGIN_PREPROCESSING'
   41 |     if (_run_timer->start)                                                     \
      |         ^~~~~~~~~~~~~~~~~
source/algos/gg.c:134:3: note: Taking false branch
  134 |   BEGIN_PREPROCESSING
      |   ^
source/algos/include/main.h:41:5: note: expanded from macro 'BEGIN_PREPROCESSING'
   41 |     if (_run_timer->start)                                                     \
      |     ^
source/algos/gg.c:135:8: note: Calling 'preColussi'
  135 |   nd = preColussi(x, m, h, next, shift);
      |        ^~~~~~~~~~~~~~~~~~~~~~~~~~~~~~~~
source/algos/gg.c:42:12: note: Assuming 'i' is >= 'm'
   42 |     while (i < m && x[i] == x[i - k])
      |            ^~~~~
source/algos/gg.c:42:18: note: Left side of '&&' is false
   42 |     while (i < m && x[i] == x[i - k])
      |                  ^
source/algos/gg.c:46:5: note: Loop condition is false. Execution continues on line 52
   46 |     while (hmax[q - k] + k < i) {
      |     ^
source/algos/gg.c:53:5: note: Taking true branch
   53 |     if (k == i + 1)
      |     ^
source/algos/gg.c:55:12: note: 'k' is > 'm'
   55 |   } while (k <= m);
      |            ^
source/algos/gg.c:38:3: note: Loop condition is false.  Exiting loop
   38 |   do {
      |   ^
source/algos/gg.c:60:15: note: 'i' is < 1
   60 |   for (i = m; i >= 1; --i)
      |               ^
source/algos/gg.c:60:3: note: Loop condition is false. Execution continues on line 66
   60 |   for (i = m; i >= 1; --i)
      |   ^
source/algos/gg.c:67:19: note: Assuming 'i' is >= 0
   67 |   for (i = m - 1; i >= 0; --i) {
      |                   ^~~~~~
source/algos/gg.c:67:3: note: Loop condition is true.  Entering loop body
   67 |   for (i = m - 1; i >= 0; --i) {
      |   ^
source/algos/gg.c:68:9: note: Access of 'hmax' at negative byte offset -8589934592
   68 |     if (hmax[i + 1] == m)
      |         ^~~~~~~~~~~
source/algos/gg.c:91:3: warning: Out of bound access to memory preceding 'shift' [clang-analyzer-security.ArrayBound]
   91 |   shift[m] = rmin[0];
      |   ^
source/algos/gg.c:117:17: note: Assuming the condition is false
  117 |   for (ell = 0; x[ell] == x[ell + 1]; ell++)
      |                 ^~~~~~~~~~~~~~~~~~~~
source/algos/gg.c:117:3: note: Loop condition is false. Execution continues on line 119
  117 |   for (ell = 0; x[ell] == x[ell + 1]; ell++)
      |   ^
source/algos/gg.c:119:7: note: Assuming the condition is false
  119 |   if (ell == m - 1) {
      |       ^~~~~~~~~~~~
source/algos/gg.c:119:3: note: Taking false branch
  119 |   if (ell == m - 1) {
      |   ^
source/algos/gg.c:134:3: note: Assuming the condition is false
  134 |   BEGIN_PREPROCESSING
      |   ^
source/algos/include/main.h:41:9: note: expanded from macro 'BEGIN_PREPROCESSING'
   41 |     if (_run_timer->start)                                                     \
      |         ^~~~~~~~~~~~~~~~~
source/algos/gg.c:134:3: note: Taking false branch
  134 |   BEGIN_PREPROCESSING
      |   ^
source/algos/include/main.h:41:5: note: expanded from macro 'BEGIN_PREPROCESSING'
   41 |     if (_run_timer->start)                                                     \
      |     ^
source/algos/gg.c:135:8: note: Calling 'preColussi'
  135 |   nd = preColussi(x, m, h, next, shift);
      |        ^~~~~~~~~~~~~~~~~~~~~~~~~~~~~~~~
source/algos/gg.c:42:12: note: Assuming 'i' is >= 'm'
   42 |     while (i < m && x[i] == x[i - k])
      |            ^~~~~
source/algos/gg.c:42:18: note: Left side of '&&' is false
   42 |     while (i < m && x[i] == x[i - k])
      |                  ^
source/algos/gg.c:46:5: note: Loop condition is false. Execution continues on line 52
   46 |     while (hmax[q - k] + k < i) {
      |     ^
source/algos/gg.c:53:5: note: Taking true branch
   53 |     if (k == i + 1)
      |     ^
source/algos/gg.c:55:12: note: 'k' is > 'm'
   55 |   } while (k <= m);
      |            ^
source/algos/gg.c:38:3: note: Loop condition is false.  Exiting loop
   38 |   do {
      |   ^
source/algos/gg.c:60:15: note: 'i' is < 1
   60 |   for (i = m; i >= 1; --i)
      |               ^
source/algos/gg.c:60:3: note: Loop condition is false. Execution continues on line 66
   60 |   for (i = m; i >= 1; --i)
      |   ^
source/algos/gg.c:67:19: note: Assuming 'i' is < 0
   67 |   for (i = m - 1; i >= 0; --i) {
      |                   ^~~~~~
source/algos/gg.c:67:3: note: Loop condition is false. Execution continues on line 77
   67 |   for (i = m - 1; i >= 0; --i) {
      |   ^
source/algos/gg.c:79:15: note: 'i' is >= 'm'
   79 |   for (i = 0; i < m; ++i)
      |               ^
source/algos/gg.c:79:3: note: Loop condition is false. Execution continues on line 84
   79 |   for (i = 0; i < m; ++i)
      |   ^
source/algos/gg.c:87:3: note: Loop condition is false. Execution continues on line 89
   87 |   for (i = 0; i <= nd; ++i)
      |   ^
source/algos/gg.c:89:20: note: 'i' is >= 'm'
   89 |   for (i = nd + 1; i < m; ++i)
      |                    ^
source/algos/gg.c:89:3: note: Loop condition is false. Execution continues on line 91
   89 |   for (i = nd + 1; i < m; ++i)
      |   ^
source/algos/gg.c:91:3: note: Access of 'shift' at negative byte offset
   91 |   shift[m] = rmin[0];
      |   ^~~~~~~~
source/algos/gg.c:159:34: warning: Out of bound access to memory preceding 'h' [clang-analyzer-security.ArrayBound]
  159 |       while (i < m && last < j + h[i] && x[h[i]] == y[j + h[i]])
      |                                  ^~~~
source/algos/gg.c:117:17: note: Assuming the condition is false
  117 |   for (ell = 0; x[ell] == x[ell + 1]; ell++)
      |                 ^~~~~~~~~~~~~~~~~~~~
source/algos/gg.c:117:3: note: Loop condition is false. Execution continues on line 119
  117 |   for (ell = 0; x[ell] == x[ell + 1]; ell++)
      |   ^
source/algos/gg.c:119:7: note: Assuming the condition is false
  119 |   if (ell == m - 1) {
      |       ^~~~~~~~~~~~
source/algos/gg.c:119:3: note: Taking false branch
  119 |   if (ell == m - 1) {
      |   ^
source/algos/gg.c:134:3: note: Assuming the condition is false
  134 |   BEGIN_PREPROCESSING
      |   ^
source/algos/include/main.h:41:9: note: expanded from macro 'BEGIN_PREPROCESSING'
   41 |     if (_run_timer->start)                                                     \
      |         ^~~~~~~~~~~~~~~~~
source/algos/gg.c:134:3: note: Taking false branch
  134 |   BEGIN_PREPROCESSING
      |   ^
source/algos/include/main.h:41:5: note: expanded from macro 'BEGIN_PREPROCESSING'
   41 |     if (_run_timer->start)                                                     \
      |     ^
source/algos/gg.c:136:3: note: Assuming the condition is false
  136 |   END_PREPROCESSING
      |   ^
source/algos/include/main.h:52:9: note: expanded from macro 'END_PREPROCESSING'
   52 |     if (_run_timer->sum)                                                       \
      |         ^~~~~~~~~~~~~~~
source/algos/gg.c:136:3: note: Taking false branch
  136 |   END_PREPROCESSING
      |   ^
source/algos/include/main.h:52:5: note: expanded from macro 'END_PREPROCESSING'
   52 |     if (_run_timer->sum)                                                       \
      |     ^
source/algos/gg.c:142:10: note: Assuming the condition is true
  142 |   while (j <= n - m) {
      |          ^~~~~~~~~~
source/algos/gg.c:142:3: note: Loop condition is true.  Entering loop body
  142 |   while (j <= n - m) {
      |   ^
source/algos/gg.c:143:9: note: 'heavy' is 0
  143 |     if (heavy && !i) {
      |         ^~~~~
source/algos/gg.c:143:15: note: Left side of '&&' is false
  143 |     if (heavy && !i) {
      |               ^
source/algos/gg.c:159:14: note: Assuming 'i' is >= 'm'
  159 |       while (i < m && last < j + h[i] && x[h[i]] == y[j + h[i]])
      |              ^~~~~
source/algos/gg.c:159:20: note: Left side of '&&' is false
  159 |       while (i < m && last < j + h[i] && x[h[i]] == y[j + h[i]])
      |                    ^
source/algos/gg.c:161:11: note: 'i' is >= 'm'
  161 |       if (i >= m || last >= j + h[i]) {
      |           ^
source/algos/gg.c:161:18: note: Left side of '||' is true
  161 |       if (i >= m || last >= j + h[i]) {
      |                  ^
source/algos/gg.c:165:11: note: Assuming 'i' is <= 'nd'
  165 |       if (i > nd)
      |           ^~~~~~
source/algos/gg.c:165:7: note: Taking false branch
  165 |       if (i > nd)
      |       ^
source/algos/gg.c:170:14: note: Assuming 'j' is > 'last'
  170 |     heavy = (j > last ? 0 : 1);
      |              ^~~~~~~~
source/algos/gg.c:170:14: note: '?' condition is true
source/algos/gg.c:142:10: note: Assuming the condition is true
  142 |   while (j <= n - m) {
      |          ^~~~~~~~~~
source/algos/gg.c:142:3: note: Loop condition is true.  Entering loop body
  142 |   while (j <= n - m) {
      |   ^
source/algos/gg.c:143:9: note: 'heavy' is 0
  143 |     if (heavy && !i) {
      |         ^~~~~
source/algos/gg.c:143:15: note: Left side of '&&' is false
  143 |     if (heavy && !i) {
      |               ^
source/algos/gg.c:159:14: note: Assuming 'i' is < 'm'
  159 |       while (i < m && last < j + h[i] && x[h[i]] == y[j + h[i]])
      |              ^~~~~
source/algos/gg.c:159:14: note: Left side of '&&' is true
source/algos/gg.c:159:34: note: Access of 'h' at negative byte offset
  159 |       while (i < m && last < j + h[i] && x[h[i]] == y[j + h[i]])
      |                                  ^~~~
source/algos/ildm1.c:65:3: warning: Out of bound access to memory preceding 's_xR' [clang-analyzer-security.ArrayBound]
   65 |   xR[m] = '\0';
      |   ^~~~~
source/algos/ildm1.c:43:3: note: Assuming the condition is false
   43 |   BEGIN_PREPROCESSING
      |   ^
source/algos/include/main.h:41:9: note: expanded from macro 'BEGIN_PREPROCESSING'
   41 |     if (_run_timer->start)                                                     \
      |         ^~~~~~~~~~~~~~~~~
source/algos/ildm1.c:43:3: note: Taking false branch
   43 |   BEGIN_PREPROCESSING
      |   ^
source/algos/include/main.h:41:5: note: expanded from macro 'BEGIN_PREPROCESSING'
   41 |     if (_run_timer->start)                                                     \
      |     ^
source/algos/ildm1.c:44:7: note: Assuming 'm' is <= M_CUTOFF
   44 |   if (m > M_CUTOFF) {
      |       ^~~~~~~~~~~~
source/algos/ildm1.c:44:3: note: Taking false branch
   44 |   if (m > M_CUTOFF) {
      |   ^
source/algos/ildm1.c:63:15: note: Assuming 'i' is >= 'm'
   63 |   for (i = 0; i < m; i++)
      |               ^~~~~
source/algos/ildm1.c:63:3: note: Loop condition is false. Execution continues on line 65
   63 |   for (i = 0; i < m; i++)
      |   ^
source/algos/ildm1.c:65:3: note: Access of 's_xR' at negative byte offset
   65 |   xR[m] = '\0';
      |   ^~~~~
source/algos/ildm2.c:76:3: warning: Out of bound access to memory preceding 's_xR' [clang-analyzer-security.ArrayBound]
   76 |   xR[m] = '\0';
      |   ^~~~~
source/algos/ildm2.c:54:3: note: Assuming the condition is false
   54 |   BEGIN_PREPROCESSING
      |   ^
source/algos/include/main.h:41:9: note: expanded from macro 'BEGIN_PREPROCESSING'
   41 |     if (_run_timer->start)                                                     \
      |         ^~~~~~~~~~~~~~~~~
source/algos/ildm2.c:54:3: note: Taking false branch
   54 |   BEGIN_PREPROCESSING
      |   ^
source/algos/include/main.h:41:5: note: expanded from macro 'BEGIN_PREPROCESSING'
   41 |     if (_run_timer->start)                                                     \
      |     ^
source/algos/ildm2.c:55:7: note: Assuming 'm' is <= M_CUTOFF
   55 |   if (m > M_CUTOFF) {
      |       ^~~~~~~~~~~~
source/algos/ildm2.c:55:3: note: Taking false branch
   55 |   if (m > M_CUTOFF) {
      |   ^
source/algos/ildm2.c:74:15: note: Assuming 'i' is >= 'm'
   74 |   for (i = 0; i < m; i++)
      |               ^~~~~
source/algos/ildm2.c:74:3: note: Loop condition is false. Execution continues on line 76
   74 |   for (i = 0; i < m; i++)
      |   ^
source/algos/ildm2.c:76:3: note: Access of 's_xR' at negative byte offset
   76 |   xR[m] = '\0';
      |   ^~~~~
source/algos/kmp.c:63:11: warning: Out of bound access to memory preceding 'kmpNext' [clang-analyzer-security.ArrayBound]
   63 |       i = kmpNext[i];
      |           ^~~~~~~~~~
source/algos/kmp.c:48:3: note: Assuming the condition is false
   48 |   BEGIN_PREPROCESSING
      |   ^
source/algos/include/main.h:41:9: note: expanded from macro 'BEGIN_PREPROCESSING'
   41 |     if (_run_timer->start)                                                     \
      |         ^~~~~~~~~~~~~~~~~
source/algos/kmp.c:48:3: note: Taking false branch
   48 |   BEGIN_PREPROCESSING
      |   ^
source/algos/include/main.h:41:5: note: expanded from macro 'BEGIN_PREPROCESSING'
   41 |     if (_run_timer->start)                                                     \
      |     ^
source/algos/kmp.c:50:3: note: Assuming the condition is false
   50 |   END_PREPROCESSING
      |   ^
source/algos/include/main.h:52:9: note: expanded from macro 'END_PREPROCESSING'
   52 |     if (_run_timer->sum)                                                       \
      |         ^~~~~~~~~~~~~~~
source/algos/kmp.c:50:3: note: Taking false branch
   50 |   END_PREPROCESSING
      |   ^
source/algos/include/main.h:52:5: note: expanded from macro 'END_PREPROCESSING'
   52 |     if (_run_timer->sum)                                                       \
      |     ^
source/algos/kmp.c:56:10: note: Assuming 'j' is < 'n'
   56 |   while (j < n) {
      |          ^~~~~
source/algos/kmp.c:56:3: note: Loop condition is true.  Entering loop body
   56 |   while (j < n) {
      |   ^
source/algos/kmp.c:57:12: note: Left side of '&&' is true
   57 |     while (i > -1 && x[i] != y[j])
      |            ^
source/algos/kmp.c:57:22: note: Assuming the condition is false
   57 |     while (i > -1 && x[i] != y[j])
      |                      ^~~~~~~~~~~~
source/algos/kmp.c:57:5: note: Loop condition is false. Execution continues on line 59
   57 |     while (i > -1 && x[i] != y[j])
      |     ^
source/algos/kmp.c:61:9: note: Assuming 'i' is < 'm'
   61 |     if (i >= m) {
      |         ^~~~~~
source/algos/kmp.c:61:5: note: Taking false branch
   61 |     if (i >= m) {
      |     ^
source/algos/kmp.c:56:10: note: Assuming 'j' is < 'n'
   56 |   while (j < n) {
      |          ^~~~~
source/algos/kmp.c:56:3: note: Loop condition is true.  Entering loop body
   56 |   while (j < n) {
      |   ^
source/algos/kmp.c:57:12: note: Left side of '&&' is true
   57 |     while (i > -1 && x[i] != y[j])
      |            ^
source/algos/kmp.c:57:22: note: Assuming the condition is true
   57 |     while (i > -1 && x[i] != y[j])
      |                      ^~~~~~~~~~~~
source/algos/kmp.c:57:5: note: Loop condition is true.  Entering loop body
   57 |     while (i > -1 && x[i] != y[j])
      |     ^
source/algos/kmp.c:57:12: note: Assuming the condition is false
   57 |     while (i > -1 && x[i] != y[j])
      |            ^~~~~~
source/algos/kmp.c:57:19: note: Left side of '&&' is false
   57 |     while (i > -1 && x[i] != y[j])
      |                   ^
source/algos/kmp.c:61:9: note: Assuming 'i' is >= 'm'
   61 |     if (i >= m) {
      |         ^~~~~~
source/algos/kmp.c:61:5: note: Taking true branch
   61 |     if (i >= m) {
      |     ^
source/algos/kmp.c:63:11: note: Access of 'kmpNext' at negative byte offset
   63 |       i = kmpNext[i];
      |           ^~~~~~~~~~
source/algos/kmpskip.c:89:13: warning: Out of bound access to memory preceding 'kmpNext' [clang-analyzer-security.ArrayBound]
   89 |   per = m - kmpNext[m];
      |             ^~~~~~~~~~
source/algos/kmpskip.c:71:3: note: Assuming the condition is false
   71 |   BEGIN_PREPROCESSING
      |   ^
source/algos/include/main.h:41:9: note: expanded from macro 'BEGIN_PREPROCESSING'
   41 |     if (_run_timer->start)                                                     \
      |         ^~~~~~~~~~~~~~~~~
source/algos/kmpskip.c:71:3: note: Taking false branch
   71 |   BEGIN_PREPROCESSING
      |   ^
source/algos/include/main.h:41:5: note: expanded from macro 'BEGIN_PREPROCESSING'
   41 |     if (_run_timer->start)                                                     \
      |     ^
source/algos/kmpskip.c:72:3: note: Calling 'preMp'
   72 |   preMp((char *)x, m, mpNext);
      |   ^~~~~~~~~~~~~~~~~~~~~~~~~~~
source/algos/kmpskip.c:51:10: note: Assuming 'i' is >= 'm'
   51 |   while (i < m) {
      |          ^~~~~
source/algos/kmpskip.c:51:3: note: Loop condition is false. Execution continues on line 72
   51 |   while (i < m) {
      |   ^
source/algos/kmpskip.c:72:3: note: Returning from 'preMp'
   72 |   preMp((char *)x, m, mpNext);
      |   ^~~~~~~~~~~~~~~~~~~~~~~~~~~
source/algos/kmpskip.c:79:15: note: 'i' is >= 'm'
   79 |   for (i = 1; i < m; ++i) {
      |               ^
source/algos/kmpskip.c:79:3: note: Loop condition is false. Execution continues on line 83
   79 |   for (i = 1; i < m; ++i) {
      |   ^
source/algos/kmpskip.c:83:3: note: Assuming the condition is false
   83 |   END_PREPROCESSING
      |   ^
source/algos/include/main.h:52:9: note: expanded from macro 'END_PREPROCESSING'
   52 |     if (_run_timer->sum)                                                       \
      |         ^~~~~~~~~~~~~~~
source/algos/kmpskip.c:83:3: note: Taking false branch
   83 |   END_PREPROCESSING
      |   ^
source/algos/include/main.h:52:5: note: expanded from macro 'END_PREPROCESSING'
   52 |     if (_run_timer->sum)                                                       \
      |     ^
source/algos/kmpskip.c:89:13: note: Access of 'kmpNext' at negative byte offset
   89 |   per = m - kmpNext[m];
      |             ^~~~~~~~~~
source/algos/kmpskip.c:120:28: warning: Out of bound access to memory preceding 'kmpNext' [clang-analyzer-security.ArrayBound]
  120 |     kmpStart = start + k - kmpNext[k];
      |                            ^~~~~~~~~~
source/algos/kmpskip.c:71:3: note: Assuming the condition is false
   71 |   BEGIN_PREPROCESSING
      |   ^
source/algos/include/main.h:41:9: note: expanded from macro 'BEGIN_PREPROCESSING'
   41 |     if (_run_timer->start)                                                     \
      |         ^~~~~~~~~~~~~~~~~
source/algos/kmpskip.c:71:3: note: Taking false branch
   71 |   BEGIN_PREPROCESSING
      |   ^
source/algos/include/main.h:41:5: note: expanded from macro 'BEGIN_PREPROCESSING'
   41 |     if (_run_timer->start)                                                     \
      |     ^
source/algos/kmpskip.c:79:3: note: Loop condition is false. Execution continues on line 83
   79 |   for (i = 1; i < m; ++i) {
      |   ^
source/algos/kmpskip.c:83:3: note: Assuming the condition is false
   83 |   END_PREPROCESSING
      |   ^
source/algos/include/main.h:52:9: note: expanded from macro 'END_PREPROCESSING'
   52 |     if (_run_timer->sum)                                                       \
      |         ^~~~~~~~~~~~~~~
source/algos/kmpskip.c:83:3: note: Taking false branch
   83 |   END_PREPROCESSING
      |   ^
source/algos/include/main.h:52:5: note: expanded from macro 'END_PREPROCESSING'
   52 |     if (_run_timer->sum)                                                       \
      |     ^
source/algos/kmpskip.c:93:12: note: Assuming 'j' is < 'n'
   93 |   } while (j < n && z[y[j]] < 0);
      |            ^~~~~
source/algos/kmpskip.c:93:12: note: Left side of '&&' is true
source/algos/kmpskip.c:91:3: note: Loop condition is false.  Exiting loop
   91 |   do {
      |   ^
source/algos/kmpskip.c:94:7: note: 'j' is < 'n'
   94 |   if (j >= n) {
      |       ^
source/algos/kmpskip.c:94:3: note: Taking false branch
   94 |   if (j >= n) {
      |   ^
source/algos/kmpskip.c:100:10: note: Assuming the condition is true
  100 |   while (start <= n - m) {
      |          ^~~~~~~~~~~~~~
source/algos/kmpskip.c:100:3: note: Loop condition is true.  Entering loop body
  100 |   while (start <= n - m) {
      |   ^
source/algos/kmpskip.c:101:9: note: Assuming 'start' is <= 'wall'
  101 |     if (start > wall)
      |         ^~~~~~~~~~~~
source/algos/kmpskip.c:101:5: note: Taking false branch
  101 |     if (start > wall)
      |     ^
source/algos/kmpskip.c:103:9: note: Calling 'attempt'
  103 |     k = attempt((char *)y, (char *)x, m, start, wall);
      |         ^~~~~~~~~~~~~~~~~~~~~~~~~~~~~~~~~~~~~~~~~~~~~
source/algos/kmpskip.c:61:10: note: Assuming 'k' is < 'm'
   61 |   while (k < m && x[k] == y[k + start])
      |          ^~~~~
source/algos/kmpskip.c:61:10: note: Left side of '&&' is true
source/algos/kmpskip.c:61:19: note: Assuming index is less than the number of 'char' elements in the region
   61 |   while (k < m && x[k] == y[k + start])
      |                   ^~~~
source/algos/kmpskip.c:61:3: note: Loop condition is true.  Entering loop body
   61 |   while (k < m && x[k] == y[k + start])
      |   ^
source/algos/kmpskip.c:61:10: note: Assuming 'k' is < 'm'
   61 |   while (k < m && x[k] == y[k + start])
      |          ^~~~~
source/algos/kmpskip.c:61:10: note: Left side of '&&' is true
source/algos/kmpskip.c:61:19: note: Assuming index is less than the number of 'char' elements in the region
   61 |   while (k < m && x[k] == y[k + start])
      |                   ^~~~
source/algos/kmpskip.c:61:3: note: Loop condition is false. Execution continues on line 63
   61 |   while (k < m && x[k] == y[k + start])
      |   ^
source/algos/kmpskip.c:103:9: note: Returning from 'attempt'
  103 |     k = attempt((char *)y, (char *)x, m, start, wall);
      |         ^~~~~~~~~~~~~~~~~~~~~~~~~~~~~~~~~~~~~~~~~~~~~
source/algos/kmpskip.c:105:9: note: 'k' is not equal to 'm'
  105 |     if (k == m) {
      |         ^
source/algos/kmpskip.c:105:5: note: Taking false branch
  105 |     if (k == m) {
      |     ^
source/algos/kmpskip.c:109:11: note: Assuming index is non-negative and less than 4200, the number of 'int' elements in 'list'
  109 |       i = list[i];
      |           ^~~~~~~
source/algos/kmpskip.c:110:9: note: Assuming 'i' is >= 0
  110 |     if (i < 0) {
      |         ^~~~~
source/algos/kmpskip.c:110:5: note: Taking false branch
  110 |     if (i < 0) {
      |     ^
source/algos/kmpskip.c:120:28: note: Access of 'kmpNext' at negative byte offset
  120 |     kmpStart = start + k - kmpNext[k];
      |                            ^~~~~~~~~~
source/algos/kmpskip.c:138:26: warning: Out of bound access to memory preceding 'mpNext' [clang-analyzer-security.ArrayBound]
  138 |         kmpStart += (k - mpNext[k]);
      |                          ^~~~~~~~~
source/algos/kmpskip.c:71:3: note: Assuming the condition is false
   71 |   BEGIN_PREPROCESSING
      |   ^
source/algos/include/main.h:41:9: note: expanded from macro 'BEGIN_PREPROCESSING'
   41 |     if (_run_timer->start)                                                     \
      |         ^~~~~~~~~~~~~~~~~
source/algos/kmpskip.c:71:3: note: Taking false branch
   71 |   BEGIN_PREPROCESSING
      |   ^
source/algos/include/main.h:41:5: note: expanded from macro 'BEGIN_PREPROCESSING'
   41 |     if (_run_timer->start)                                                     \
      |     ^
source/algos/kmpskip.c:79:3: note: Loop condition is false. Execution continues on line 83
   79 |   for (i = 1; i < m; ++i) {
      |   ^
source/algos/kmpskip.c:83:3: note: Assuming the condition is false
   83 |   END_PREPROCESSING
      |   ^
source/algos/include/main.h:52:9: note: expanded from macro 'END_PREPROCESSING'
   52 |     if (_run_timer->sum)                                                       \
      |         ^~~~~~~~~~~~~~~
source/algos/kmpskip.c:83:3: note: Taking false branch
   83 |   END_PREPROCESSING
      |   ^
source/algos/include/main.h:52:5: note: expanded from macro 'END_PREPROCESSING'
   52 |     if (_run_timer->sum)                                                       \
      |     ^
source/algos/kmpskip.c:93:12: note: Assuming 'j' is < 'n'
   93 |   } while (j < n && z[y[j]] < 0);
      |            ^~~~~
source/algos/kmpskip.c:93:12: note: Left side of '&&' is true
source/algos/kmpskip.c:91:3: note: Loop condition is false.  Exiting loop
   91 |   do {
      |   ^
source/algos/kmpskip.c:94:7: note: 'j' is < 'n'
   94 |   if (j >= n) {
      |       ^
source/algos/kmpskip.c:94:3: note: Taking false branch
   94 |   if (j >= n) {
      |   ^
source/algos/kmpskip.c:100:10: note: Assuming the condition is true
  100 |   while (start <= n - m) {
      |          ^~~~~~~~~~~~~~
source/algos/kmpskip.c:100:3: note: Loop condition is true.  Entering loop body
  100 |   while (start <= n - m) {
      |   ^
source/algos/kmpskip.c:101:9: note: Assuming 'start' is <= 'wall'
  101 |     if (start > wall)
      |         ^~~~~~~~~~~~
source/algos/kmpskip.c:101:5: note: Taking false branch
  101 |     if (start > wall)
      |     ^
source/algos/kmpskip.c:105:9: note: 'k' is not equal to 'm'
  105 |     if (k == m) {
      |         ^
source/algos/kmpskip.c:105:5: note: Taking false branch
  105 |     if (k == m) {
      |     ^
source/algos/kmpskip.c:110:9: note: Assuming 'i' is >= 0
  110 |     if (i < 0) {
      |         ^~~~~
source/algos/kmpskip.c:110:5: note: Taking false branch
  110 |     if (i < 0) {
      |     ^
source/algos/kmpskip.c:123:12: note: Assuming 'start' is >= 'kmpStart'
  123 |     while (start < kmpStart || (kmpStart < start && start < wall)) {
      |            ^~~~~~~~~~~~~~~~
source/algos/kmpskip.c:123:12: note: Left side of '||' is false
source/algos/kmpskip.c:123:33: note: Assuming 'kmpStart' is < 'start'
  123 |     while (start < kmpStart || (kmpStart < start && start < wall)) {
      |                                 ^~~~~~~~~~~~~~~~
source/algos/kmpskip.c:123:33: note: Left side of '&&' is true
source/algos/kmpskip.c:123:53: note: Assuming 'start' is < 'wall'
  123 |     while (start < kmpStart || (kmpStart < start && start < wall)) {
      |                                                     ^~~~~~~~~~~~
source/algos/kmpskip.c:123:5: note: Loop condition is true.  Entering loop body
  123 |     while (start < kmpStart || (kmpStart < start && start < wall)) {
      |     ^
source/algos/kmpskip.c:124:11: note: 'start' is >= 'kmpStart'
  124 |       if (start < kmpStart) {
      |           ^~~~~
source/algos/kmpskip.c:124:7: note: Taking false branch
  124 |       if (start < kmpStart) {
      |       ^
source/algos/kmpskip.c:138:26: note: Access of 'mpNext' at negative byte offset -4
  138 |         kmpStart += (k - mpNext[k]);
      |                          ^~~~~~~~~
source/algos/lhc1.c:175:31: warning: Out of bound access to memory preceding 'KMP' [clang-analyzer-security.ArrayBound]
  175 |                 pattern_pos = KMP[pattern_pos];
      |                               ^~~~~~~~~~~~~~~~
source/algos/lhc1.c:113:9: note: Assuming 'm' is >= Q
  113 |     if (m < Q) return -1;  // have to be at least Q in length to search.
      |         ^~~~~
source/algos/lhc1.c:113:5: note: Taking false branch
  113 |     if (m < Q) return -1;  // have to be at least Q in length to search.
      |     ^
source/algos/lhc1.c:118:5: note: Assuming the condition is false
  118 |     BEGIN_PREPROCESSING
      |     ^
source/algos/include/main.h:41:9: note: expanded from macro 'BEGIN_PREPROCESSING'
   41 |     if (_run_timer->start)                                                     \
      |         ^~~~~~~~~~~~~~~~~
source/algos/lhc1.c:118:5: note: Taking false branch
  118 |     BEGIN_PREPROCESSING
      |     ^
source/algos/include/main.h:41:5: note: expanded from macro 'BEGIN_PREPROCESSING'
   41 |     if (_run_timer->start)                                                     \
      |     ^
source/algos/lhc1.c:122:5: note: Assuming the condition is false
  122 |     END_PREPROCESSING
      |     ^
source/algos/include/main.h:52:9: note: expanded from macro 'END_PREPROCESSING'
   52 |     if (_run_timer->sum)                                                       \
      |         ^~~~~~~~~~~~~~~
source/algos/lhc1.c:122:5: note: Taking false branch
  122 |     END_PREPROCESSING
      |     ^
source/algos/include/main.h:52:5: note: expanded from macro 'END_PREPROCESSING'
   52 |     if (_run_timer->sum)                                                       \
      |     ^
source/algos/lhc1.c:132:12: note: Assuming 'pos' is < 'n'
  132 |     while (pos < n) {
      |            ^~~~~~~
source/algos/lhc1.c:132:5: note: Loop condition is true.  Entering loop body
  132 |     while (pos < n) {
      |     ^
source/algos/lhc1.c:137:13: note: Assuming 'V' is not equal to 0
  137 |         if (V) {
      |             ^
source/algos/lhc1.c:137:9: note: Taking true branch
  137 |         if (V) {
      |         ^
source/algos/lhc1.c:140:39: note: Assuming 'end_first_qgram_pos' is > 'rightmost_match_pos'
  140 |             const int scan_back_pos = MAX(end_first_qgram_pos, rightmost_match_pos) + Q;
      |                                       ^
source/algos/include/define.h:21:20: note: expanded from macro 'MAX'
   21 | #define MAX(a, b) ((a) > (b) ? (a) : (b))
      |                    ^~~~~~~~~
source/algos/lhc1.c:140:39: note: '?' condition is true
  140 |             const int scan_back_pos = MAX(end_first_qgram_pos, rightmost_match_pos) + Q;
      |                                       ^
source/algos/include/define.h:21:20: note: expanded from macro 'MAX'
   21 | #define MAX(a, b) ((a) > (b) ? (a) : (b))
      |                    ^
source/algos/lhc1.c:144:20: note: Assuming 'pos' is < 'scan_back_pos'
  144 |             while (pos >= scan_back_pos)
      |                    ^~~~~~~~~~~~~~~~~~~~
source/algos/lhc1.c:144:13: note: Loop condition is false. Execution continues on line 154
  144 |             while (pos >= scan_back_pos)
      |             ^
source/algos/lhc1.c:156:17: note: 'window_start_pos' is > 'next_verify_pos'
  156 |             if (window_start_pos > next_verify_pos) {
      |                 ^~~~~~~~~~~~~~~~
source/algos/lhc1.c:156:13: note: Taking true branch
  156 |             if (window_start_pos > next_verify_pos) {
      |             ^
source/algos/lhc1.c:163:13: note: Loop condition is true.  Entering loop body
  163 |             while (pattern_pos >= next_verify_pos - window_start_pos) {
      |             ^
source/algos/lhc1.c:166:24: note: 'pattern_pos' is < 'm'
  166 |                 while (pattern_pos < m && x[pattern_pos] == y[next_verify_pos]) {
      |                        ^~~~~~~~~~~
source/algos/lhc1.c:166:24: note: Left side of '&&' is true
source/algos/lhc1.c:166:17: note: Loop condition is false. Execution continues on line 172
  166 |                 while (pattern_pos < m && x[pattern_pos] == y[next_verify_pos]) {
      |                 ^
source/algos/lhc1.c:172:21: note: 'pattern_pos' is not equal to 'm'
  172 |                 if (pattern_pos == m) count++;
      |                     ^~~~~~~~~~~
source/algos/lhc1.c:172:17: note: Taking false branch
  172 |                 if (pattern_pos == m) count++;
      |                 ^
source/algos/lhc1.c:176:21: note: Assuming 'pattern_pos' is < 0
  176 |                 if (pattern_pos < 0) {
      |                     ^~~~~~~~~~~~~~~
source/algos/lhc1.c:176:17: note: Taking true branch
  176 |                 if (pattern_pos < 0) {
      |                 ^
source/algos/lhc1.c:163:20: note: Assuming the condition is true
  163 |             while (pattern_pos >= next_verify_pos - window_start_pos) {
      |                    ^~~~~~~~~~~~~~~~~~~~~~~~~~~~~~~~~~~~~~~~~~~~~~~~~
source/algos/lhc1.c:163:13: note: Loop condition is true.  Entering loop body
  163 |             while (pattern_pos >= next_verify_pos - window_start_pos) {
      |             ^
source/algos/lhc1.c:166:24: note: Assuming 'pattern_pos' is >= 'm'
  166 |                 while (pattern_pos < m && x[pattern_pos] == y[next_verify_pos]) {
      |                        ^~~~~~~~~~~~~~~
source/algos/lhc1.c:166:40: note: Left side of '&&' is false
  166 |                 while (pattern_pos < m && x[pattern_pos] == y[next_verify_pos]) {
      |                                        ^
source/algos/lhc1.c:172:21: note: Assuming 'pattern_pos' is not equal to 'm'
  172 |                 if (pattern_pos == m) count++;
      |                     ^~~~~~~~~~~~~~~~
source/algos/lhc1.c:172:17: note: Taking false branch
  172 |                 if (pattern_pos == m) count++;
      |                 ^
source/algos/lhc1.c:175:31: note: Access of 'KMP' at negative byte offset
  175 |                 pattern_pos = KMP[pattern_pos];
      |                               ^~~~~~~~~~~~~~~~
source/algos/lhc2.c:175:31: warning: Out of bound access to memory preceding 'KMP' [clang-analyzer-security.ArrayBound]
  175 |                 pattern_pos = KMP[pattern_pos];
      |                               ^~~~~~~~~~~~~~~~
source/algos/lhc2.c:113:9: note: Assuming 'm' is >= Q
  113 |     if (m < Q) return -1;  // have to be at least Q in length to search.
      |         ^~~~~
source/algos/lhc2.c:113:5: note: Taking false branch
  113 |     if (m < Q) return -1;  // have to be at least Q in length to search.
      |     ^
source/algos/lhc2.c:118:5: note: Assuming the condition is false
  118 |     BEGIN_PREPROCESSING
      |     ^
source/algos/include/main.h:41:9: note: expanded from macro 'BEGIN_PREPROCESSING'
   41 |     if (_run_timer->start)                                                     \
      |         ^~~~~~~~~~~~~~~~~
source/algos/lhc2.c:118:5: note: Taking false branch
  118 |     BEGIN_PREPROCESSING
      |     ^
source/algos/include/main.h:41:5: note: expanded from macro 'BEGIN_PREPROCESSING'
   41 |     if (_run_timer->start)                                                     \
      |     ^
source/algos/lhc2.c:122:5: note: Assuming the condition is false
  122 |     END_PREPROCESSING
      |     ^
source/algos/include/main.h:52:9: note: expanded from macro 'END_PREPROCESSING'
   52 |     if (_run_timer->sum)                                                       \
      |         ^~~~~~~~~~~~~~~
source/algos/lhc2.c:122:5: note: Taking false branch
  122 |     END_PREPROCESSING
      |     ^
source/algos/include/main.h:52:5: note: expanded from macro 'END_PREPROCESSING'
   52 |     if (_run_timer->sum)                                                       \
      |     ^
source/algos/lhc2.c:132:12: note: Assuming 'pos' is < 'n'
  132 |     while (pos < n) {
      |            ^~~~~~~
source/algos/lhc2.c:132:5: note: Loop condition is true.  Entering loop body
  132 |     while (pos < n) {
      |     ^
source/algos/lhc2.c:137:13: note: Assuming 'V' is not equal to 0
  137 |         if (V) {
      |             ^
source/algos/lhc2.c:137:9: note: Taking true branch
  137 |         if (V) {
      |         ^
source/algos/lhc2.c:140:39: note: Assuming 'end_first_qgram_pos' is > 'rightmost_match_pos'
  140 |             const int scan_back_pos = MAX(end_first_qgram_pos, rightmost_match_pos) + Q;
      |                                       ^
source/algos/include/define.h:21:20: note: expanded from macro 'MAX'
   21 | #define MAX(a, b) ((a) > (b) ? (a) : (b))
      |                    ^~~~~~~~~
source/algos/lhc2.c:140:39: note: '?' condition is true
  140 |             const int scan_back_pos = MAX(end_first_qgram_pos, rightmost_match_pos) + Q;
      |                                       ^
source/algos/include/define.h:21:20: note: expanded from macro 'MAX'
   21 | #define MAX(a, b) ((a) > (b) ? (a) : (b))
      |                    ^
source/algos/lhc2.c:144:20: note: Assuming 'pos' is < 'scan_back_pos'
  144 |             while (pos >= scan_back_pos)
      |                    ^~~~~~~~~~~~~~~~~~~~
source/algos/lhc2.c:144:13: note: Loop condition is false. Execution continues on line 154
  144 |             while (pos >= scan_back_pos)
      |             ^
source/algos/lhc2.c:156:17: note: Assuming 'window_start_pos' is > 'next_verify_pos'
  156 |             if (window_start_pos > next_verify_pos) {
      |                 ^~~~~~~~~~~~~~~~~~~~~~~~~~~~~~~~~~
source/algos/lhc2.c:156:13: note: Taking true branch
  156 |             if (window_start_pos > next_verify_pos) {
      |             ^
source/algos/lhc2.c:163:13: note: Loop condition is true.  Entering loop body
  163 |             while (pattern_pos >= next_verify_pos - window_start_pos) {
      |             ^
source/algos/lhc2.c:166:24: note: 'pattern_pos' is < 'm'
  166 |                 while (pattern_pos < m && x[pattern_pos] == y[next_verify_pos]) {
      |                        ^~~~~~~~~~~
source/algos/lhc2.c:166:24: note: Left side of '&&' is true
source/algos/lhc2.c:166:17: note: Loop condition is false. Execution continues on line 172
  166 |                 while (pattern_pos < m && x[pattern_pos] == y[next_verify_pos]) {
      |                 ^
source/algos/lhc2.c:172:21: note: 'pattern_pos' is not equal to 'm'
  172 |                 if (pattern_pos == m) count++;
      |                     ^~~~~~~~~~~
source/algos/lhc2.c:172:17: note: Taking false branch
  172 |                 if (pattern_pos == m) count++;
      |                 ^
source/algos/lhc2.c:176:21: note: Assuming 'pattern_pos' is < 0
  176 |                 if (pattern_pos < 0) {
      |                     ^~~~~~~~~~~~~~~
source/algos/lhc2.c:176:17: note: Taking true branch
  176 |                 if (pattern_pos < 0) {
      |                 ^
source/algos/lhc2.c:163:20: note: Assuming the condition is true
  163 |             while (pattern_pos >= next_verify_pos - window_start_pos) {
      |                    ^~~~~~~~~~~~~~~~~~~~~~~~~~~~~~~~~~~~~~~~~~~~~~~~~
source/algos/lhc2.c:163:13: note: Loop condition is true.  Entering loop body
  163 |             while (pattern_pos >= next_verify_pos - window_start_pos) {
      |             ^
source/algos/lhc2.c:166:24: note: Assuming 'pattern_pos' is >= 'm'
  166 |                 while (pattern_pos < m && x[pattern_pos] == y[next_verify_pos]) {
      |                        ^~~~~~~~~~~~~~~
source/algos/lhc2.c:166:40: note: Left side of '&&' is false
  166 |                 while (pattern_pos < m && x[pattern_pos] == y[next_verify_pos]) {
      |                                        ^
source/algos/lhc2.c:172:21: note: Assuming 'pattern_pos' is not equal to 'm'
  172 |                 if (pattern_pos == m) count++;
      |                     ^~~~~~~~~~~~~~~~
source/algos/lhc2.c:172:17: note: Taking false branch
  172 |                 if (pattern_pos == m) count++;
      |                 ^
source/algos/lhc2.c:175:31: note: Access of 'KMP' at negative byte offset
  175 |                 pattern_pos = KMP[pattern_pos];
      |                               ^~~~~~~~~~~~~~~~
source/algos/lhc3.c:175:31: warning: Out of bound access to memory preceding 'KMP' [clang-analyzer-security.ArrayBound]
  175 |                 pattern_pos = KMP[pattern_pos];
      |                               ^~~~~~~~~~~~~~~~
source/algos/lhc3.c:114:9: note: Assuming 'm' is >= Q
  114 |     if (m < Q) return -1;  // have to be at least Q in length to search.
      |         ^~~~~
source/algos/lhc3.c:114:5: note: Taking false branch
  114 |     if (m < Q) return -1;  // have to be at least Q in length to search.
      |     ^
source/algos/lhc3.c:119:5: note: Assuming the condition is false
  119 |     BEGIN_PREPROCESSING
      |     ^
source/algos/include/main.h:41:9: note: expanded from macro 'BEGIN_PREPROCESSING'
   41 |     if (_run_timer->start)                                                     \
      |         ^~~~~~~~~~~~~~~~~
source/algos/lhc3.c:119:5: note: Taking false branch
  119 |     BEGIN_PREPROCESSING
      |     ^
source/algos/include/main.h:41:5: note: expanded from macro 'BEGIN_PREPROCESSING'
   41 |     if (_run_timer->start)                                                     \
      |     ^
source/algos/lhc3.c:123:5: note: Assuming the condition is false
  123 |     END_PREPROCESSING
      |     ^
source/algos/include/main.h:52:9: note: expanded from macro 'END_PREPROCESSING'
   52 |     if (_run_timer->sum)                                                       \
      |         ^~~~~~~~~~~~~~~
source/algos/lhc3.c:123:5: note: Taking false branch
  123 |     END_PREPROCESSING
      |     ^
source/algos/include/main.h:52:5: note: expanded from macro 'END_PREPROCESSING'
   52 |     if (_run_timer->sum)                                                       \
      |     ^
source/algos/lhc3.c:133:12: note: Assuming 'pos' is < 'n'
  133 |     while (pos < n) {
      |            ^~~~~~~
source/algos/lhc3.c:133:5: note: Loop condition is true.  Entering loop body
  133 |     while (pos < n) {
      |     ^
source/algos/lhc3.c:138:13: note: Assuming 'V' is not equal to 0
  138 |         if (V) {
      |             ^
source/algos/lhc3.c:138:9: note: Taking true branch
  138 |         if (V) {
      |         ^
source/algos/lhc3.c:141:39: note: Assuming 'end_first_qgram_pos' is > 'rightmost_match_pos'
  141 |             const int scan_back_pos = MAX(end_first_qgram_pos, rightmost_match_pos) + Q;
      |                                       ^
source/algos/include/define.h:21:20: note: expanded from macro 'MAX'
   21 | #define MAX(a, b) ((a) > (b) ? (a) : (b))
      |                    ^~~~~~~~~
source/algos/lhc3.c:141:39: note: '?' condition is true
  141 |             const int scan_back_pos = MAX(end_first_qgram_pos, rightmost_match_pos) + Q;
      |                                       ^
source/algos/include/define.h:21:20: note: expanded from macro 'MAX'
   21 | #define MAX(a, b) ((a) > (b) ? (a) : (b))
      |                    ^
source/algos/lhc3.c:145:20: note: Assuming 'pos' is < 'scan_back_pos'
  145 |             while (pos >= scan_back_pos)
      |                    ^~~~~~~~~~~~~~~~~~~~
source/algos/lhc3.c:145:13: note: Loop condition is false. Execution continues on line 155
  145 |             while (pos >= scan_back_pos)
      |             ^
source/algos/lhc3.c:157:17: note: Assuming 'window_start_pos' is <= 'next_verify_pos'
  157 |             if (window_start_pos > next_verify_pos) {
      |                 ^~~~~~~~~~~~~~~~~~~~~~~~~~~~~~~~~~
source/algos/lhc3.c:157:13: note: Taking false branch
  157 |             if (window_start_pos > next_verify_pos) {
      |             ^
source/algos/lhc3.c:163:20: note: Assuming the condition is true
  163 |             while (pattern_pos >= next_verify_pos - window_start_pos) {
      |                    ^~~~~~~~~~~~~~~~~~~~~~~~~~~~~~~~~~~~~~~~~~~~~~~~~
source/algos/lhc3.c:163:13: note: Loop condition is true.  Entering loop body
  163 |             while (pattern_pos >= next_verify_pos - window_start_pos) {
      |             ^
source/algos/lhc3.c:166:24: note: 'pattern_pos' is < 'm'
  166 |                 while (pattern_pos < m && x[pattern_pos] == y[next_verify_pos]) {
      |                        ^~~~~~~~~~~
source/algos/lhc3.c:166:24: note: Left side of '&&' is true
source/algos/lhc3.c:166:43: note: Assuming the condition is false
  166 |                 while (pattern_pos < m && x[pattern_pos] == y[next_verify_pos]) {
      |                                           ^~~~~~~~~~~~~~~~~~~~~~~~~~~~~~~~~~~~
source/algos/lhc3.c:166:17: note: Loop condition is false. Execution continues on line 172
  166 |                 while (pattern_pos < m && x[pattern_pos] == y[next_verify_pos]) {
      |                 ^
source/algos/lhc3.c:172:21: note: 'pattern_pos' is not equal to 'm'
  172 |                 if (pattern_pos == m) count++;
      |                     ^~~~~~~~~~~
source/algos/lhc3.c:172:17: note: Taking false branch
  172 |                 if (pattern_pos == m) count++;
      |                 ^
source/algos/lhc3.c:176:21: note: Assuming 'pattern_pos' is < 0
  176 |                 if (pattern_pos < 0) {
      |                     ^~~~~~~~~~~~~~~
source/algos/lhc3.c:176:17: note: Taking true branch
  176 |                 if (pattern_pos < 0) {
      |                 ^
source/algos/lhc3.c:163:20: note: Assuming the condition is true
  163 |             while (pattern_pos >= next_verify_pos - window_start_pos) {
      |                    ^~~~~~~~~~~~~~~~~~~~~~~~~~~~~~~~~~~~~~~~~~~~~~~~~
source/algos/lhc3.c:163:13: note: Loop condition is true.  Entering loop body
  163 |             while (pattern_pos >= next_verify_pos - window_start_pos) {
      |             ^
source/algos/lhc3.c:166:24: note: Assuming 'pattern_pos' is >= 'm'
  166 |                 while (pattern_pos < m && x[pattern_pos] == y[next_verify_pos]) {
      |                        ^~~~~~~~~~~~~~~
source/algos/lhc3.c:166:40: note: Left side of '&&' is false
  166 |                 while (pattern_pos < m && x[pattern_pos] == y[next_verify_pos]) {
      |                                        ^
source/algos/lhc3.c:172:21: note: Assuming 'pattern_pos' is not equal to 'm'
  172 |                 if (pattern_pos == m) count++;
      |                     ^~~~~~~~~~~~~~~~
source/algos/lhc3.c:172:17: note: Taking false branch
  172 |                 if (pattern_pos == m) count++;
      |                 ^
source/algos/lhc3.c:175:31: note: Access of 'KMP' at negative byte offset
  175 |                 pattern_pos = KMP[pattern_pos];
      |                               ^~~~~~~~~~~~~~~~
source/algos/lhc4.c:175:31: warning: Out of bound access to memory preceding 'KMP' [clang-analyzer-security.ArrayBound]
  175 |                 pattern_pos = KMP[pattern_pos];
      |                               ^~~~~~~~~~~~~~~~
source/algos/lhc4.c:113:9: note: Assuming 'm' is >= Q
  113 |     if (m < Q) return -1;  // have to be at least Q in length to search.
      |         ^~~~~
source/algos/lhc4.c:113:5: note: Taking false branch
  113 |     if (m < Q) return -1;  // have to be at least Q in length to search.
      |     ^
source/algos/lhc4.c:118:5: note: Assuming the condition is false
  118 |     BEGIN_PREPROCESSING
      |     ^
source/algos/include/main.h:41:9: note: expanded from macro 'BEGIN_PREPROCESSING'
   41 |     if (_run_timer->start)                                                     \
      |         ^~~~~~~~~~~~~~~~~
source/algos/lhc4.c:118:5: note: Taking false branch
  118 |     BEGIN_PREPROCESSING
      |     ^
source/algos/include/main.h:41:5: note: expanded from macro 'BEGIN_PREPROCESSING'
   41 |     if (_run_timer->start)                                                     \
      |     ^
source/algos/lhc4.c:122:5: note: Assuming the condition is false
  122 |     END_PREPROCESSING
      |     ^
source/algos/include/main.h:52:9: note: expanded from macro 'END_PREPROCESSING'
   52 |     if (_run_timer->sum)                                                       \
      |         ^~~~~~~~~~~~~~~
source/algos/lhc4.c:122:5: note: Taking false branch
  122 |     END_PREPROCESSING
      |     ^
source/algos/include/main.h:52:5: note: expanded from macro 'END_PREPROCESSING'
   52 |     if (_run_timer->sum)                                                       \
      |     ^
source/algos/lhc4.c:132:12: note: Assuming 'pos' is < 'n'
  132 |     while (pos < n) {
      |            ^~~~~~~
source/algos/lhc4.c:132:5: note: Loop condition is true.  Entering loop body
  132 |     while (pos < n) {
      |     ^
source/algos/lhc4.c:137:13: note: Assuming 'V' is not equal to 0
  137 |         if (V) {
      |             ^
source/algos/lhc4.c:137:9: note: Taking true branch
  137 |         if (V) {
      |         ^
source/algos/lhc4.c:140:39: note: Assuming 'end_first_qgram_pos' is > 'rightmost_match_pos'
  140 |             const int scan_back_pos = MAX(end_first_qgram_pos, rightmost_match_pos) + Q;
      |                                       ^
source/algos/include/define.h:21:20: note: expanded from macro 'MAX'
   21 | #define MAX(a, b) ((a) > (b) ? (a) : (b))
      |                    ^~~~~~~~~
source/algos/lhc4.c:140:39: note: '?' condition is true
  140 |             const int scan_back_pos = MAX(end_first_qgram_pos, rightmost_match_pos) + Q;
      |                                       ^
source/algos/include/define.h:21:20: note: expanded from macro 'MAX'
   21 | #define MAX(a, b) ((a) > (b) ? (a) : (b))
      |                    ^
source/algos/lhc4.c:144:20: note: Assuming 'pos' is < 'scan_back_pos'
  144 |             while (pos >= scan_back_pos)
      |                    ^~~~~~~~~~~~~~~~~~~~
source/algos/lhc4.c:144:13: note: Loop condition is false. Execution continues on line 154
  144 |             while (pos >= scan_back_pos)
      |             ^
source/algos/lhc4.c:156:17: note: Assuming 'window_start_pos' is <= 'next_verify_pos'
  156 |             if (window_start_pos > next_verify_pos) {
      |                 ^~~~~~~~~~~~~~~~~~~~~~~~~~~~~~~~~~
source/algos/lhc4.c:156:13: note: Taking false branch
  156 |             if (window_start_pos > next_verify_pos) {
      |             ^
source/algos/lhc4.c:163:20: note: Assuming the condition is true
  163 |             while (pattern_pos >= next_verify_pos - window_start_pos) {
      |                    ^~~~~~~~~~~~~~~~~~~~~~~~~~~~~~~~~~~~~~~~~~~~~~~~~
source/algos/lhc4.c:163:13: note: Loop condition is true.  Entering loop body
  163 |             while (pattern_pos >= next_verify_pos - window_start_pos) {
      |             ^
source/algos/lhc4.c:166:24: note: 'pattern_pos' is < 'm'
  166 |                 while (pattern_pos < m && x[pattern_pos] == y[next_verify_pos]) {
      |                        ^~~~~~~~~~~
source/algos/lhc4.c:166:24: note: Left side of '&&' is true
source/algos/lhc4.c:166:43: note: Assuming the condition is false
  166 |                 while (pattern_pos < m && x[pattern_pos] == y[next_verify_pos]) {
      |                                           ^~~~~~~~~~~~~~~~~~~~~~~~~~~~~~~~~~~~
source/algos/lhc4.c:166:17: note: Loop condition is false. Execution continues on line 172
  166 |                 while (pattern_pos < m && x[pattern_pos] == y[next_verify_pos]) {
      |                 ^
source/algos/lhc4.c:172:21: note: 'pattern_pos' is not equal to 'm'
  172 |                 if (pattern_pos == m) count++;
      |                     ^~~~~~~~~~~
source/algos/lhc4.c:172:17: note: Taking false branch
  172 |                 if (pattern_pos == m) count++;
      |                 ^
source/algos/lhc4.c:176:21: note: Assuming 'pattern_pos' is < 0
  176 |                 if (pattern_pos < 0) {
      |                     ^~~~~~~~~~~~~~~
source/algos/lhc4.c:176:17: note: Taking true branch
  176 |                 if (pattern_pos < 0) {
      |                 ^
source/algos/lhc4.c:163:20: note: Assuming the condition is true
  163 |             while (pattern_pos >= next_verify_pos - window_start_pos) {
      |                    ^~~~~~~~~~~~~~~~~~~~~~~~~~~~~~~~~~~~~~~~~~~~~~~~~
source/algos/lhc4.c:163:13: note: Loop condition is true.  Entering loop body
  163 |             while (pattern_pos >= next_verify_pos - window_start_pos) {
      |             ^
source/algos/lhc4.c:166:24: note: Assuming 'pattern_pos' is >= 'm'
  166 |                 while (pattern_pos < m && x[pattern_pos] == y[next_verify_pos]) {
      |                        ^~~~~~~~~~~~~~~
source/algos/lhc4.c:166:40: note: Left side of '&&' is false
  166 |                 while (pattern_pos < m && x[pattern_pos] == y[next_verify_pos]) {
      |                                        ^
source/algos/lhc4.c:172:21: note: Assuming 'pattern_pos' is not equal to 'm'
  172 |                 if (pattern_pos == m) count++;
      |                     ^~~~~~~~~~~~~~~~
source/algos/lhc4.c:172:17: note: Taking false branch
  172 |                 if (pattern_pos == m) count++;
      |                 ^
source/algos/lhc4.c:175:31: note: Access of 'KMP' at negative byte offset
  175 |                 pattern_pos = KMP[pattern_pos];
      |                               ^~~~~~~~~~~~~~~~
source/algos/lhc5.c:175:31: warning: Out of bound access to memory preceding 'KMP' [clang-analyzer-security.ArrayBound]
  175 |                 pattern_pos = KMP[pattern_pos];
      |                               ^~~~~~~~~~~~~~~~
source/algos/lhc5.c:113:9: note: Assuming 'm' is >= Q
  113 |     if (m < Q) return -1;  // have to be at least Q in length to search.
      |         ^~~~~
source/algos/lhc5.c:113:5: note: Taking false branch
  113 |     if (m < Q) return -1;  // have to be at least Q in length to search.
      |     ^
source/algos/lhc5.c:118:5: note: Assuming the condition is false
  118 |     BEGIN_PREPROCESSING
      |     ^
source/algos/include/main.h:41:9: note: expanded from macro 'BEGIN_PREPROCESSING'
   41 |     if (_run_timer->start)                                                     \
      |         ^~~~~~~~~~~~~~~~~
source/algos/lhc5.c:118:5: note: Taking false branch
  118 |     BEGIN_PREPROCESSING
      |     ^
source/algos/include/main.h:41:5: note: expanded from macro 'BEGIN_PREPROCESSING'
   41 |     if (_run_timer->start)                                                     \
      |     ^
source/algos/lhc5.c:122:5: note: Assuming the condition is false
  122 |     END_PREPROCESSING
      |     ^
source/algos/include/main.h:52:9: note: expanded from macro 'END_PREPROCESSING'
   52 |     if (_run_timer->sum)                                                       \
      |         ^~~~~~~~~~~~~~~
source/algos/lhc5.c:122:5: note: Taking false branch
  122 |     END_PREPROCESSING
      |     ^
source/algos/include/main.h:52:5: note: expanded from macro 'END_PREPROCESSING'
   52 |     if (_run_timer->sum)                                                       \
      |     ^
source/algos/lhc5.c:132:12: note: Assuming 'pos' is < 'n'
  132 |     while (pos < n) {
      |            ^~~~~~~
source/algos/lhc5.c:132:5: note: Loop condition is true.  Entering loop body
  132 |     while (pos < n) {
      |     ^
source/algos/lhc5.c:137:13: note: Assuming 'V' is not equal to 0
  137 |         if (V) {
      |             ^
source/algos/lhc5.c:137:9: note: Taking true branch
  137 |         if (V) {
      |         ^
source/algos/lhc5.c:140:39: note: Assuming 'end_first_qgram_pos' is > 'rightmost_match_pos'
  140 |             const int scan_back_pos = MAX(end_first_qgram_pos, rightmost_match_pos) + Q;
      |                                       ^
source/algos/include/define.h:21:20: note: expanded from macro 'MAX'
   21 | #define MAX(a, b) ((a) > (b) ? (a) : (b))
      |                    ^~~~~~~~~
source/algos/lhc5.c:140:39: note: '?' condition is true
  140 |             const int scan_back_pos = MAX(end_first_qgram_pos, rightmost_match_pos) + Q;
      |                                       ^
source/algos/include/define.h:21:20: note: expanded from macro 'MAX'
   21 | #define MAX(a, b) ((a) > (b) ? (a) : (b))
      |                    ^
source/algos/lhc5.c:144:20: note: Assuming 'pos' is < 'scan_back_pos'
  144 |             while (pos >= scan_back_pos)
      |                    ^~~~~~~~~~~~~~~~~~~~
source/algos/lhc5.c:144:13: note: Loop condition is false. Execution continues on line 154
  144 |             while (pos >= scan_back_pos)
      |             ^
source/algos/lhc5.c:156:17: note: Assuming 'window_start_pos' is <= 'next_verify_pos'
  156 |             if (window_start_pos > next_verify_pos) {
      |                 ^~~~~~~~~~~~~~~~~~~~~~~~~~~~~~~~~~
source/algos/lhc5.c:156:13: note: Taking false branch
  156 |             if (window_start_pos > next_verify_pos) {
      |             ^
source/algos/lhc5.c:163:20: note: Assuming the condition is true
  163 |             while (pattern_pos >= next_verify_pos - window_start_pos) {
      |                    ^~~~~~~~~~~~~~~~~~~~~~~~~~~~~~~~~~~~~~~~~~~~~~~~~
source/algos/lhc5.c:163:13: note: Loop condition is true.  Entering loop body
  163 |             while (pattern_pos >= next_verify_pos - window_start_pos) {
      |             ^
source/algos/lhc5.c:166:24: note: 'pattern_pos' is < 'm'
  166 |                 while (pattern_pos < m && x[pattern_pos] == y[next_verify_pos]) {
      |                        ^~~~~~~~~~~
source/algos/lhc5.c:166:24: note: Left side of '&&' is true
source/algos/lhc5.c:166:43: note: Assuming the condition is false
  166 |                 while (pattern_pos < m && x[pattern_pos] == y[next_verify_pos]) {
      |                                           ^~~~~~~~~~~~~~~~~~~~~~~~~~~~~~~~~~~~
source/algos/lhc5.c:166:17: note: Loop condition is false. Execution continues on line 172
  166 |                 while (pattern_pos < m && x[pattern_pos] == y[next_verify_pos]) {
      |                 ^
source/algos/lhc5.c:172:21: note: 'pattern_pos' is not equal to 'm'
  172 |                 if (pattern_pos == m) count++;
      |                     ^~~~~~~~~~~
source/algos/lhc5.c:172:17: note: Taking false branch
  172 |                 if (pattern_pos == m) count++;
      |                 ^
source/algos/lhc5.c:176:21: note: Assuming 'pattern_pos' is < 0
  176 |                 if (pattern_pos < 0) {
      |                     ^~~~~~~~~~~~~~~
source/algos/lhc5.c:176:17: note: Taking true branch
  176 |                 if (pattern_pos < 0) {
      |                 ^
source/algos/lhc5.c:163:20: note: Assuming the condition is true
  163 |             while (pattern_pos >= next_verify_pos - window_start_pos) {
      |                    ^~~~~~~~~~~~~~~~~~~~~~~~~~~~~~~~~~~~~~~~~~~~~~~~~
source/algos/lhc5.c:163:13: note: Loop condition is true.  Entering loop body
  163 |             while (pattern_pos >= next_verify_pos - window_start_pos) {
      |             ^
source/algos/lhc5.c:166:24: note: Assuming 'pattern_pos' is >= 'm'
  166 |                 while (pattern_pos < m && x[pattern_pos] == y[next_verify_pos]) {
      |                        ^~~~~~~~~~~~~~~
source/algos/lhc5.c:166:40: note: Left side of '&&' is false
  166 |                 while (pattern_pos < m && x[pattern_pos] == y[next_verify_pos]) {
      |                                        ^
source/algos/lhc5.c:172:21: note: Assuming 'pattern_pos' is not equal to 'm'
  172 |                 if (pattern_pos == m) count++;
      |                     ^~~~~~~~~~~~~~~~
source/algos/lhc5.c:172:17: note: Taking false branch
  172 |                 if (pattern_pos == m) count++;
      |                 ^
source/algos/lhc5.c:175:31: note: Access of 'KMP' at negative byte offset
  175 |                 pattern_pos = KMP[pattern_pos];
      |                               ^~~~~~~~~~~~~~~~
source/algos/lhc6.c:175:31: warning: Out of bound access to memory preceding 'KMP' [clang-analyzer-security.ArrayBound]
  175 |                 pattern_pos = KMP[pattern_pos];
      |                               ^~~~~~~~~~~~~~~~
source/algos/lhc6.c:113:9: note: Assuming 'm' is >= Q
  113 |     if (m < Q) return -1;  // have to be at least Q in length to search.
      |         ^~~~~
source/algos/lhc6.c:113:5: note: Taking false branch
  113 |     if (m < Q) return -1;  // have to be at least Q in length to search.
      |     ^
source/algos/lhc6.c:118:5: note: Assuming the condition is false
  118 |     BEGIN_PREPROCESSING
      |     ^
source/algos/include/main.h:41:9: note: expanded from macro 'BEGIN_PREPROCESSING'
   41 |     if (_run_timer->start)                                                     \
      |         ^~~~~~~~~~~~~~~~~
source/algos/lhc6.c:118:5: note: Taking false branch
  118 |     BEGIN_PREPROCESSING
      |     ^
source/algos/include/main.h:41:5: note: expanded from macro 'BEGIN_PREPROCESSING'
   41 |     if (_run_timer->start)                                                     \
      |     ^
source/algos/lhc6.c:122:5: note: Assuming the condition is false
  122 |     END_PREPROCESSING
      |     ^
source/algos/include/main.h:52:9: note: expanded from macro 'END_PREPROCESSING'
   52 |     if (_run_timer->sum)                                                       \
      |         ^~~~~~~~~~~~~~~
source/algos/lhc6.c:122:5: note: Taking false branch
  122 |     END_PREPROCESSING
      |     ^
source/algos/include/main.h:52:5: note: expanded from macro 'END_PREPROCESSING'
   52 |     if (_run_timer->sum)                                                       \
      |     ^
source/algos/lhc6.c:132:12: note: Assuming 'pos' is < 'n'
  132 |     while (pos < n) {
      |            ^~~~~~~
source/algos/lhc6.c:132:5: note: Loop condition is true.  Entering loop body
  132 |     while (pos < n) {
      |     ^
source/algos/lhc6.c:137:13: note: Assuming 'V' is not equal to 0
  137 |         if (V) {
      |             ^
source/algos/lhc6.c:137:9: note: Taking true branch
  137 |         if (V) {
      |         ^
source/algos/lhc6.c:140:39: note: Assuming 'end_first_qgram_pos' is > 'rightmost_match_pos'
  140 |             const int scan_back_pos = MAX(end_first_qgram_pos, rightmost_match_pos) + Q;
      |                                       ^
source/algos/include/define.h:21:20: note: expanded from macro 'MAX'
   21 | #define MAX(a, b) ((a) > (b) ? (a) : (b))
      |                    ^~~~~~~~~
source/algos/lhc6.c:140:39: note: '?' condition is true
  140 |             const int scan_back_pos = MAX(end_first_qgram_pos, rightmost_match_pos) + Q;
      |                                       ^
source/algos/include/define.h:21:20: note: expanded from macro 'MAX'
   21 | #define MAX(a, b) ((a) > (b) ? (a) : (b))
      |                    ^
source/algos/lhc6.c:144:20: note: Assuming 'pos' is < 'scan_back_pos'
  144 |             while (pos >= scan_back_pos)
      |                    ^~~~~~~~~~~~~~~~~~~~
source/algos/lhc6.c:144:13: note: Loop condition is false. Execution continues on line 154
  144 |             while (pos >= scan_back_pos)
      |             ^
source/algos/lhc6.c:156:17: note: Assuming 'window_start_pos' is <= 'next_verify_pos'
  156 |             if (window_start_pos > next_verify_pos) {
      |                 ^~~~~~~~~~~~~~~~~~~~~~~~~~~~~~~~~~
source/algos/lhc6.c:156:13: note: Taking false branch
  156 |             if (window_start_pos > next_verify_pos) {
      |             ^
source/algos/lhc6.c:163:20: note: Assuming the condition is true
  163 |             while (pattern_pos >= next_verify_pos - window_start_pos) {
      |                    ^~~~~~~~~~~~~~~~~~~~~~~~~~~~~~~~~~~~~~~~~~~~~~~~~
source/algos/lhc6.c:163:13: note: Loop condition is true.  Entering loop body
  163 |             while (pattern_pos >= next_verify_pos - window_start_pos) {
      |             ^
source/algos/lhc6.c:166:24: note: 'pattern_pos' is < 'm'
  166 |                 while (pattern_pos < m && x[pattern_pos] == y[next_verify_pos]) {
      |                        ^~~~~~~~~~~
source/algos/lhc6.c:166:24: note: Left side of '&&' is true
source/algos/lhc6.c:166:43: note: Assuming the condition is false
  166 |                 while (pattern_pos < m && x[pattern_pos] == y[next_verify_pos]) {
      |                                           ^~~~~~~~~~~~~~~~~~~~~~~~~~~~~~~~~~~~
source/algos/lhc6.c:166:17: note: Loop condition is false. Execution continues on line 172
  166 |                 while (pattern_pos < m && x[pattern_pos] == y[next_verify_pos]) {
      |                 ^
source/algos/lhc6.c:172:21: note: 'pattern_pos' is not equal to 'm'
  172 |                 if (pattern_pos == m) count++;
      |                     ^~~~~~~~~~~
source/algos/lhc6.c:172:17: note: Taking false branch
  172 |                 if (pattern_pos == m) count++;
      |                 ^
source/algos/lhc6.c:176:21: note: Assuming 'pattern_pos' is < 0
  176 |                 if (pattern_pos < 0) {
      |                     ^~~~~~~~~~~~~~~
source/algos/lhc6.c:176:17: note: Taking true branch
  176 |                 if (pattern_pos < 0) {
      |                 ^
source/algos/lhc6.c:163:20: note: Assuming the condition is true
  163 |             while (pattern_pos >= next_verify_pos - window_start_pos) {
      |                    ^~~~~~~~~~~~~~~~~~~~~~~~~~~~~~~~~~~~~~~~~~~~~~~~~
source/algos/lhc6.c:163:13: note: Loop condition is true.  Entering loop body
  163 |             while (pattern_pos >= next_verify_pos - window_start_pos) {
      |             ^
source/algos/lhc6.c:166:24: note: Assuming 'pattern_pos' is >= 'm'
  166 |                 while (pattern_pos < m && x[pattern_pos] == y[next_verify_pos]) {
      |                        ^~~~~~~~~~~~~~~
source/algos/lhc6.c:166:40: note: Left side of '&&' is false
  166 |                 while (pattern_pos < m && x[pattern_pos] == y[next_verify_pos]) {
      |                                        ^
source/algos/lhc6.c:172:21: note: Assuming 'pattern_pos' is not equal to 'm'
  172 |                 if (pattern_pos == m) count++;
      |                     ^~~~~~~~~~~~~~~~
source/algos/lhc6.c:172:17: note: Taking false branch
  172 |                 if (pattern_pos == m) count++;
      |                 ^
source/algos/lhc6.c:175:31: note: Access of 'KMP' at negative byte offset
  175 |                 pattern_pos = KMP[pattern_pos];
      |                               ^~~~~~~~~~~~~~~~
source/algos/lhc7.c:175:31: warning: Out of bound access to memory preceding 'KMP' [clang-analyzer-security.ArrayBound]
  175 |                 pattern_pos = KMP[pattern_pos];
      |                               ^~~~~~~~~~~~~~~~
source/algos/lhc7.c:113:9: note: Assuming 'm' is >= Q
  113 |     if (m < Q) return -1;  // have to be at least Q in length to search.
      |         ^~~~~
source/algos/lhc7.c:113:5: note: Taking false branch
  113 |     if (m < Q) return -1;  // have to be at least Q in length to search.
      |     ^
source/algos/lhc7.c:118:5: note: Assuming the condition is false
  118 |     BEGIN_PREPROCESSING
      |     ^
source/algos/include/main.h:41:9: note: expanded from macro 'BEGIN_PREPROCESSING'
   41 |     if (_run_timer->start)                                                     \
      |         ^~~~~~~~~~~~~~~~~
source/algos/lhc7.c:118:5: note: Taking false branch
  118 |     BEGIN_PREPROCESSING
      |     ^
source/algos/include/main.h:41:5: note: expanded from macro 'BEGIN_PREPROCESSING'
   41 |     if (_run_timer->start)                                                     \
      |     ^
source/algos/lhc7.c:122:5: note: Assuming the condition is false
  122 |     END_PREPROCESSING
      |     ^
source/algos/include/main.h:52:9: note: expanded from macro 'END_PREPROCESSING'
   52 |     if (_run_timer->sum)                                                       \
      |         ^~~~~~~~~~~~~~~
source/algos/lhc7.c:122:5: note: Taking false branch
  122 |     END_PREPROCESSING
      |     ^
source/algos/include/main.h:52:5: note: expanded from macro 'END_PREPROCESSING'
   52 |     if (_run_timer->sum)                                                       \
      |     ^
source/algos/lhc7.c:132:12: note: Assuming 'pos' is < 'n'
  132 |     while (pos < n) {
      |            ^~~~~~~
source/algos/lhc7.c:132:5: note: Loop condition is true.  Entering loop body
  132 |     while (pos < n) {
      |     ^
source/algos/lhc7.c:137:13: note: Assuming 'V' is not equal to 0
  137 |         if (V) {
      |             ^
source/algos/lhc7.c:137:9: note: Taking true branch
  137 |         if (V) {
      |         ^
source/algos/lhc7.c:140:39: note: Assuming 'end_first_qgram_pos' is > 'rightmost_match_pos'
  140 |             const int scan_back_pos = MAX(end_first_qgram_pos, rightmost_match_pos) + Q;
      |                                       ^
source/algos/include/define.h:21:20: note: expanded from macro 'MAX'
   21 | #define MAX(a, b) ((a) > (b) ? (a) : (b))
      |                    ^~~~~~~~~
source/algos/lhc7.c:140:39: note: '?' condition is true
  140 |             const int scan_back_pos = MAX(end_first_qgram_pos, rightmost_match_pos) + Q;
      |                                       ^
source/algos/include/define.h:21:20: note: expanded from macro 'MAX'
   21 | #define MAX(a, b) ((a) > (b) ? (a) : (b))
      |                    ^
source/algos/lhc7.c:144:20: note: Assuming 'pos' is < 'scan_back_pos'
  144 |             while (pos >= scan_back_pos)
      |                    ^~~~~~~~~~~~~~~~~~~~
source/algos/lhc7.c:144:13: note: Loop condition is false. Execution continues on line 154
  144 |             while (pos >= scan_back_pos)
      |             ^
source/algos/lhc7.c:156:17: note: Assuming 'window_start_pos' is <= 'next_verify_pos'
  156 |             if (window_start_pos > next_verify_pos) {
      |                 ^~~~~~~~~~~~~~~~~~~~~~~~~~~~~~~~~~
source/algos/lhc7.c:156:13: note: Taking false branch
  156 |             if (window_start_pos > next_verify_pos) {
      |             ^
source/algos/lhc7.c:163:20: note: Assuming the condition is true
  163 |             while (pattern_pos >= next_verify_pos - window_start_pos) {
      |                    ^~~~~~~~~~~~~~~~~~~~~~~~~~~~~~~~~~~~~~~~~~~~~~~~~
source/algos/lhc7.c:163:13: note: Loop condition is true.  Entering loop body
  163 |             while (pattern_pos >= next_verify_pos - window_start_pos) {
      |             ^
source/algos/lhc7.c:166:24: note: 'pattern_pos' is < 'm'
  166 |                 while (pattern_pos < m && x[pattern_pos] == y[next_verify_pos]) {
      |                        ^~~~~~~~~~~
source/algos/lhc7.c:166:24: note: Left side of '&&' is true
source/algos/lhc7.c:166:43: note: Assuming the condition is false
  166 |                 while (pattern_pos < m && x[pattern_pos] == y[next_verify_pos]) {
      |                                           ^~~~~~~~~~~~~~~~~~~~~~~~~~~~~~~~~~~~
source/algos/lhc7.c:166:17: note: Loop condition is false. Execution continues on line 172
  166 |                 while (pattern_pos < m && x[pattern_pos] == y[next_verify_pos]) {
      |                 ^
source/algos/lhc7.c:172:21: note: 'pattern_pos' is not equal to 'm'
  172 |                 if (pattern_pos == m) count++;
      |                     ^~~~~~~~~~~
source/algos/lhc7.c:172:17: note: Taking false branch
  172 |                 if (pattern_pos == m) count++;
      |                 ^
source/algos/lhc7.c:176:21: note: Assuming 'pattern_pos' is < 0
  176 |                 if (pattern_pos < 0) {
      |                     ^~~~~~~~~~~~~~~
source/algos/lhc7.c:176:17: note: Taking true branch
  176 |                 if (pattern_pos < 0) {
      |                 ^
source/algos/lhc7.c:163:20: note: Assuming the condition is true
  163 |             while (pattern_pos >= next_verify_pos - window_start_pos) {
      |                    ^~~~~~~~~~~~~~~~~~~~~~~~~~~~~~~~~~~~~~~~~~~~~~~~~
source/algos/lhc7.c:163:13: note: Loop condition is true.  Entering loop body
  163 |             while (pattern_pos >= next_verify_pos - window_start_pos) {
      |             ^
source/algos/lhc7.c:166:24: note: Assuming 'pattern_pos' is >= 'm'
  166 |                 while (pattern_pos < m && x[pattern_pos] == y[next_verify_pos]) {
      |                        ^~~~~~~~~~~~~~~
source/algos/lhc7.c:166:40: note: Left side of '&&' is false
  166 |                 while (pattern_pos < m && x[pattern_pos] == y[next_verify_pos]) {
      |                                        ^
source/algos/lhc7.c:172:21: note: Assuming 'pattern_pos' is not equal to 'm'
  172 |                 if (pattern_pos == m) count++;
      |                     ^~~~~~~~~~~~~~~~
source/algos/lhc7.c:172:17: note: Taking false branch
  172 |                 if (pattern_pos == m) count++;
      |                 ^
source/algos/lhc7.c:175:31: note: Access of 'KMP' at negative byte offset
  175 |                 pattern_pos = KMP[pattern_pos];
      |                               ^~~~~~~~~~~~~~~~
source/algos/lhc8.c:175:31: warning: Out of bound access to memory preceding 'KMP' [clang-analyzer-security.ArrayBound]
  175 |                 pattern_pos = KMP[pattern_pos];
      |                               ^~~~~~~~~~~~~~~~
source/algos/lhc8.c:113:9: note: Assuming 'm' is >= Q
  113 |     if (m < Q) return -1;  // have to be at least Q in length to search.
      |         ^~~~~
source/algos/lhc8.c:113:5: note: Taking false branch
  113 |     if (m < Q) return -1;  // have to be at least Q in length to search.
      |     ^
source/algos/lhc8.c:118:5: note: Assuming the condition is false
  118 |     BEGIN_PREPROCESSING
      |     ^
source/algos/include/main.h:41:9: note: expanded from macro 'BEGIN_PREPROCESSING'
   41 |     if (_run_timer->start)                                                     \
      |         ^~~~~~~~~~~~~~~~~
source/algos/lhc8.c:118:5: note: Taking false branch
  118 |     BEGIN_PREPROCESSING
      |     ^
source/algos/include/main.h:41:5: note: expanded from macro 'BEGIN_PREPROCESSING'
   41 |     if (_run_timer->start)                                                     \
      |     ^
source/algos/lhc8.c:122:5: note: Assuming the condition is false
  122 |     END_PREPROCESSING
      |     ^
source/algos/include/main.h:52:9: note: expanded from macro 'END_PREPROCESSING'
   52 |     if (_run_timer->sum)                                                       \
      |         ^~~~~~~~~~~~~~~
source/algos/lhc8.c:122:5: note: Taking false branch
  122 |     END_PREPROCESSING
      |     ^
source/algos/include/main.h:52:5: note: expanded from macro 'END_PREPROCESSING'
   52 |     if (_run_timer->sum)                                                       \
      |     ^
source/algos/lhc8.c:132:12: note: Assuming 'pos' is < 'n'
  132 |     while (pos < n) {
      |            ^~~~~~~
source/algos/lhc8.c:132:5: note: Loop condition is true.  Entering loop body
  132 |     while (pos < n) {
      |     ^
source/algos/lhc8.c:137:13: note: Assuming 'V' is not equal to 0
  137 |         if (V) {
      |             ^
source/algos/lhc8.c:137:9: note: Taking true branch
  137 |         if (V) {
      |         ^
source/algos/lhc8.c:140:39: note: Assuming 'end_first_qgram_pos' is > 'rightmost_match_pos'
  140 |             const int scan_back_pos = MAX(end_first_qgram_pos, rightmost_match_pos) + Q;
      |                                       ^
source/algos/include/define.h:21:20: note: expanded from macro 'MAX'
   21 | #define MAX(a, b) ((a) > (b) ? (a) : (b))
      |                    ^~~~~~~~~
source/algos/lhc8.c:140:39: note: '?' condition is true
  140 |             const int scan_back_pos = MAX(end_first_qgram_pos, rightmost_match_pos) + Q;
      |                                       ^
source/algos/include/define.h:21:20: note: expanded from macro 'MAX'
   21 | #define MAX(a, b) ((a) > (b) ? (a) : (b))
      |                    ^
source/algos/lhc8.c:144:20: note: Assuming 'pos' is < 'scan_back_pos'
  144 |             while (pos >= scan_back_pos)
      |                    ^~~~~~~~~~~~~~~~~~~~
source/algos/lhc8.c:144:13: note: Loop condition is false. Execution continues on line 154
  144 |             while (pos >= scan_back_pos)
      |             ^
source/algos/lhc8.c:156:17: note: Assuming 'window_start_pos' is <= 'next_verify_pos'
  156 |             if (window_start_pos > next_verify_pos) {
      |                 ^~~~~~~~~~~~~~~~~~~~~~~~~~~~~~~~~~
source/algos/lhc8.c:156:13: note: Taking false branch
  156 |             if (window_start_pos > next_verify_pos) {
      |             ^
source/algos/lhc8.c:163:20: note: Assuming the condition is true
  163 |             while (pattern_pos >= next_verify_pos - window_start_pos) {
      |                    ^~~~~~~~~~~~~~~~~~~~~~~~~~~~~~~~~~~~~~~~~~~~~~~~~
source/algos/lhc8.c:163:13: note: Loop condition is true.  Entering loop body
  163 |             while (pattern_pos >= next_verify_pos - window_start_pos) {
      |             ^
source/algos/lhc8.c:166:24: note: 'pattern_pos' is < 'm'
  166 |                 while (pattern_pos < m && x[pattern_pos] == y[next_verify_pos]) {
      |                        ^~~~~~~~~~~
source/algos/lhc8.c:166:24: note: Left side of '&&' is true
source/algos/lhc8.c:166:43: note: Assuming the condition is false
  166 |                 while (pattern_pos < m && x[pattern_pos] == y[next_verify_pos]) {
      |                                           ^~~~~~~~~~~~~~~~~~~~~~~~~~~~~~~~~~~~
source/algos/lhc8.c:166:17: note: Loop condition is false. Execution continues on line 172
  166 |                 while (pattern_pos < m && x[pattern_pos] == y[next_verify_pos]) {
      |                 ^
source/algos/lhc8.c:172:21: note: 'pattern_pos' is not equal to 'm'
  172 |                 if (pattern_pos == m) count++;
      |                     ^~~~~~~~~~~
source/algos/lhc8.c:172:17: note: Taking false branch
  172 |                 if (pattern_pos == m) count++;
      |                 ^
source/algos/lhc8.c:176:21: note: Assuming 'pattern_pos' is < 0
  176 |                 if (pattern_pos < 0) {
      |                     ^~~~~~~~~~~~~~~
source/algos/lhc8.c:176:17: note: Taking true branch
  176 |                 if (pattern_pos < 0) {
      |                 ^
source/algos/lhc8.c:163:20: note: Assuming the condition is true
  163 |             while (pattern_pos >= next_verify_pos - window_start_pos) {
      |                    ^~~~~~~~~~~~~~~~~~~~~~~~~~~~~~~~~~~~~~~~~~~~~~~~~
source/algos/lhc8.c:163:13: note: Loop condition is true.  Entering loop body
  163 |             while (pattern_pos >= next_verify_pos - window_start_pos) {
      |             ^
source/algos/lhc8.c:166:24: note: Assuming 'pattern_pos' is >= 'm'
  166 |                 while (pattern_pos < m && x[pattern_pos] == y[next_verify_pos]) {
      |                        ^~~~~~~~~~~~~~~
source/algos/lhc8.c:166:40: note: Left side of '&&' is false
  166 |                 while (pattern_pos < m && x[pattern_pos] == y[next_verify_pos]) {
      |                                        ^
source/algos/lhc8.c:172:21: note: Assuming 'pattern_pos' is not equal to 'm'
  172 |                 if (pattern_pos == m) count++;
      |                     ^~~~~~~~~~~~~~~~
source/algos/lhc8.c:172:17: note: Taking false branch
  172 |                 if (pattern_pos == m) count++;
      |                 ^
source/algos/lhc8.c:175:31: note: Access of 'KMP' at negative byte offset
  175 |                 pattern_pos = KMP[pattern_pos];
      |                               ^~~~~~~~~~~~~~~~
source/algos/lwfr3.c:123:14: warning: Out of bound access to memory preceding 'kmpNext' [clang-analyzer-security.ArrayBound]
  123 |         st = kmpNext[st];
      |              ^~~~~~~~~~~
source/algos/lwfr3.c:70:7: note: Assuming 'm' is >= Q
   70 |   if (m < Q)
      |       ^~~~~
source/algos/lwfr3.c:70:3: note: Taking false branch
   70 |   if (m < Q)
      |   ^
source/algos/lwfr3.c:73:3: note: Assuming the condition is false
   73 |   BEGIN_PREPROCESSING
      |   ^
source/algos/include/main.h:41:9: note: expanded from macro 'BEGIN_PREPROCESSING'
   41 |     if (_run_timer->start)                                                     \
      |         ^~~~~~~~~~~~~~~~~
source/algos/lwfr3.c:73:3: note: Taking false branch
   73 |   BEGIN_PREPROCESSING
      |   ^
source/algos/include/main.h:41:5: note: expanded from macro 'BEGIN_PREPROCESSING'
   41 |     if (_run_timer->start)                                                     \
      |     ^
source/algos/lwfr3.c:77:7: note: Assuming the condition is true
   77 |   if (m % Q != 0)
      |       ^~~~~~~~~~
source/algos/lwfr3.c:77:3: note: Taking true branch
   77 |   if (m % Q != 0)
      |   ^
source/algos/lwfr3.c:82:15: note: Assuming 'i' is >= 'm'
   82 |   for (i = 0; i < m; i++)
      |               ^~~~~
source/algos/lwfr3.c:82:3: note: Loop condition is false. Execution continues on line 84
   82 |   for (i = 0; i < m; i++)
      |   ^
source/algos/lwfr3.c:84:3: note: Assuming the condition is false
   84 |   END_PREPROCESSING
      |   ^
source/algos/include/main.h:52:9: note: expanded from macro 'END_PREPROCESSING'
   52 |     if (_run_timer->sum)                                                       \
      |         ^~~~~~~~~~~~~~~
source/algos/lwfr3.c:84:3: note: Taking false branch
   84 |   END_PREPROCESSING
      |   ^
source/algos/include/main.h:52:5: note: expanded from macro 'END_PREPROCESSING'
   52 |     if (_run_timer->sum)                                                       \
      |     ^
source/algos/lwfr3.c:91:7: note: Assuming the condition is false
   91 |   if (!memcmp(x, y, plen))
      |       ^~~~~~~~~~~~~~~~~~~
source/algos/lwfr3.c:91:3: note: Taking false branch
   91 |   if (!memcmp(x, y, plen))
      |   ^
source/algos/lwfr3.c:94:10: note: Assuming 'j' is < 'n'
   94 |   while (j < n) {
      |          ^~~~~
source/algos/lwfr3.c:94:3: note: Loop condition is true.  Entering loop body
   94 |   while (j < n) {
      |   ^
source/algos/lwfr3.c:96:5: note: Loop condition is true.  Entering loop body
   96 |     while (!F[h]) {
      |     ^
source/algos/lwfr3.c:96:5: note: Loop condition is false. Execution continues on line 100
source/algos/lwfr3.c:101:9: note: Assuming 'b' is >= 'tp'
  101 |     if (b < tp)
      |         ^~~~~~
source/algos/lwfr3.c:101:5: note: Taking false branch
  101 |     if (b < tp)
      |     ^
source/algos/lwfr3.c:103:13: note: Assuming 'test' is not equal to 0
  103 |     while ((test = F[h]) && j > b) {
      |             ^~~~
source/algos/lwfr3.c:103:12: note: Left side of '&&' is true
  103 |     while ((test = F[h]) && j > b) {
      |            ^
source/algos/lwfr3.c:103:29: note: Assuming 'j' is <= 'b'
  103 |     while ((test = F[h]) && j > b) {
      |                             ^~~~~
source/algos/lwfr3.c:103:5: note: Loop condition is false. Execution continues on line 109
  103 |     while ((test = F[h]) && j > b) {
      |     ^
source/algos/lwfr3.c:109:9: note: Assuming 'j' is <= 'b'
  109 |     if (j <= b && test) {
      |         ^~~~~~
source/algos/lwfr3.c:109:9: note: Left side of '&&' is true
source/algos/lwfr3.c:109:19: note: 'test' is not equal to 0
  109 |     if (j <= b && test) {
      |                   ^~~~
source/algos/lwfr3.c:109:5: note: Taking true branch
  109 |     if (j <= b && test) {
      |     ^
source/algos/lwfr3.c:111:11: note: Assuming 'lf' is <= 'tp'
  111 |       if (lf > tp) {
      |           ^~~~~~~
source/algos/lwfr3.c:111:7: note: Taking false branch
  111 |       if (lf > tp) {
      |       ^
source/algos/lwfr3.c:116:14: note: Assuming the condition is true
  116 |       while (st >= tp - lf) {
      |              ^~~~~~~~~~~~~
source/algos/lwfr3.c:116:7: note: Loop condition is true.  Entering loop body
  116 |       while (st >= tp - lf) {
      |       ^
source/algos/lwfr3.c:117:16: note: 'st' is < 'plen'
  117 |         while (st < plen && x[st] == y[tp]) {
      |                ^~
source/algos/lwfr3.c:117:16: note: Left side of '&&' is true
source/algos/lwfr3.c:117:29: note: Assuming the condition is false
  117 |         while (st < plen && x[st] == y[tp]) {
      |                             ^~~~~~~~~~~~~~
source/algos/lwfr3.c:117:9: note: Loop condition is false. Execution continues on line 121
  117 |         while (st < plen && x[st] == y[tp]) {
      |         ^
source/algos/lwfr3.c:121:13: note: 'st' is not equal to 'plen'
  121 |         if (st == plen && lf <= n - plen)
      |             ^~
source/algos/lwfr3.c:121:24: note: Left side of '&&' is false
  121 |         if (st == plen && lf <= n - plen)
      |                        ^
source/algos/lwfr3.c:124:13: note: Assuming 'st' is < 0
  124 |         if (st < 0) {
      |             ^~~~~~
source/algos/lwfr3.c:124:9: note: Taking true branch
  124 |         if (st < 0) {
      |         ^
source/algos/lwfr3.c:116:14: note: Assuming the condition is true
  116 |       while (st >= tp - lf) {
      |              ^~~~~~~~~~~~~
source/algos/lwfr3.c:116:7: note: Loop condition is true.  Entering loop body
  116 |       while (st >= tp - lf) {
      |       ^
source/algos/lwfr3.c:117:16: note: Assuming 'st' is >= 'plen'
  117 |         while (st < plen && x[st] == y[tp]) {
      |                ^~~~~~~~~
source/algos/lwfr3.c:117:26: note: Left side of '&&' is false
  117 |         while (st < plen && x[st] == y[tp]) {
      |                          ^
source/algos/lwfr3.c:121:13: note: Assuming 'st' is not equal to 'plen'
  121 |         if (st == plen && lf <= n - plen)
      |             ^~~~~~~~~~
source/algos/lwfr3.c:121:24: note: Left side of '&&' is false
  121 |         if (st == plen && lf <= n - plen)
      |                        ^
source/algos/lwfr3.c:123:14: note: Access of 'kmpNext' at negative byte offset
  123 |         st = kmpNext[st];
      |              ^~~~~~~~~~~
source/algos/lwfr4.c:123:14: warning: Out of bound access to memory preceding 'kmpNext' [clang-analyzer-security.ArrayBound]
  123 |         st = kmpNext[st];
      |              ^~~~~~~~~~~
source/algos/lwfr4.c:70:7: note: Assuming 'm' is >= Q
   70 |   if (m < Q)
      |       ^~~~~
source/algos/lwfr4.c:70:3: note: Taking false branch
   70 |   if (m < Q)
      |   ^
source/algos/lwfr4.c:73:3: note: Assuming the condition is false
   73 |   BEGIN_PREPROCESSING
      |   ^
source/algos/include/main.h:41:9: note: expanded from macro 'BEGIN_PREPROCESSING'
   41 |     if (_run_timer->start)                                                     \
      |         ^~~~~~~~~~~~~~~~~
source/algos/lwfr4.c:73:3: note: Taking false branch
   73 |   BEGIN_PREPROCESSING
      |   ^
source/algos/include/main.h:41:5: note: expanded from macro 'BEGIN_PREPROCESSING'
   41 |     if (_run_timer->start)                                                     \
      |     ^
source/algos/lwfr4.c:77:7: note: Assuming the condition is true
   77 |   if (m % Q != 0)
      |       ^~~~~~~~~~
source/algos/lwfr4.c:77:3: note: Taking true branch
   77 |   if (m % Q != 0)
      |   ^
source/algos/lwfr4.c:82:15: note: Assuming 'i' is >= 'm'
   82 |   for (i = 0; i < m; i++)
      |               ^~~~~
source/algos/lwfr4.c:82:3: note: Loop condition is false. Execution continues on line 84
   82 |   for (i = 0; i < m; i++)
      |   ^
source/algos/lwfr4.c:84:3: note: Assuming the condition is false
   84 |   END_PREPROCESSING
      |   ^
source/algos/include/main.h:52:9: note: expanded from macro 'END_PREPROCESSING'
   52 |     if (_run_timer->sum)                                                       \
      |         ^~~~~~~~~~~~~~~
source/algos/lwfr4.c:84:3: note: Taking false branch
   84 |   END_PREPROCESSING
      |   ^
source/algos/include/main.h:52:5: note: expanded from macro 'END_PREPROCESSING'
   52 |     if (_run_timer->sum)                                                       \
      |     ^
source/algos/lwfr4.c:91:7: note: Assuming the condition is false
   91 |   if (!memcmp(x, y, plen))
      |       ^~~~~~~~~~~~~~~~~~~
source/algos/lwfr4.c:91:3: note: Taking false branch
   91 |   if (!memcmp(x, y, plen))
      |   ^
source/algos/lwfr4.c:94:10: note: Assuming 'j' is < 'n'
   94 |   while (j < n) {
      |          ^~~~~
source/algos/lwfr4.c:94:3: note: Loop condition is true.  Entering loop body
   94 |   while (j < n) {
      |   ^
source/algos/lwfr4.c:96:5: note: Loop condition is true.  Entering loop body
   96 |     while (!F[h]) {
      |     ^
source/algos/lwfr4.c:96:5: note: Loop condition is false. Execution continues on line 100
source/algos/lwfr4.c:101:9: note: Assuming 'b' is >= 'tp'
  101 |     if (b < tp)
      |         ^~~~~~
source/algos/lwfr4.c:101:5: note: Taking false branch
  101 |     if (b < tp)
      |     ^
source/algos/lwfr4.c:103:13: note: Assuming 'test' is not equal to 0
  103 |     while ((test = F[h]) && j > b) {
      |             ^~~~
source/algos/lwfr4.c:103:12: note: Left side of '&&' is true
  103 |     while ((test = F[h]) && j > b) {
      |            ^
source/algos/lwfr4.c:103:29: note: Assuming 'j' is <= 'b'
  103 |     while ((test = F[h]) && j > b) {
      |                             ^~~~~
source/algos/lwfr4.c:103:5: note: Loop condition is false. Execution continues on line 109
  103 |     while ((test = F[h]) && j > b) {
      |     ^
source/algos/lwfr4.c:109:9: note: Assuming 'j' is <= 'b'
  109 |     if (j <= b && test) {
      |         ^~~~~~
source/algos/lwfr4.c:109:9: note: Left side of '&&' is true
source/algos/lwfr4.c:109:19: note: 'test' is not equal to 0
  109 |     if (j <= b && test) {
      |                   ^~~~
source/algos/lwfr4.c:109:5: note: Taking true branch
  109 |     if (j <= b && test) {
      |     ^
source/algos/lwfr4.c:111:11: note: Assuming 'lf' is <= 'tp'
  111 |       if (lf > tp) {
      |           ^~~~~~~
source/algos/lwfr4.c:111:7: note: Taking false branch
  111 |       if (lf > tp) {
      |       ^
source/algos/lwfr4.c:116:14: note: Assuming the condition is true
  116 |       while (st >= tp - lf) {
      |              ^~~~~~~~~~~~~
source/algos/lwfr4.c:116:7: note: Loop condition is true.  Entering loop body
  116 |       while (st >= tp - lf) {
      |       ^
source/algos/lwfr4.c:117:16: note: 'st' is < 'plen'
  117 |         while (st < plen && x[st] == y[tp]) {
      |                ^~
source/algos/lwfr4.c:117:16: note: Left side of '&&' is true
source/algos/lwfr4.c:117:29: note: Assuming the condition is false
  117 |         while (st < plen && x[st] == y[tp]) {
      |                             ^~~~~~~~~~~~~~
source/algos/lwfr4.c:117:9: note: Loop condition is false. Execution continues on line 121
  117 |         while (st < plen && x[st] == y[tp]) {
      |         ^
source/algos/lwfr4.c:121:13: note: 'st' is not equal to 'plen'
  121 |         if (st == plen && lf <= n - plen)
      |             ^~
source/algos/lwfr4.c:121:24: note: Left side of '&&' is false
  121 |         if (st == plen && lf <= n - plen)
      |                        ^
source/algos/lwfr4.c:124:13: note: Assuming 'st' is < 0
  124 |         if (st < 0) {
      |             ^~~~~~
source/algos/lwfr4.c:124:9: note: Taking true branch
  124 |         if (st < 0) {
      |         ^
source/algos/lwfr4.c:116:14: note: Assuming the condition is true
  116 |       while (st >= tp - lf) {
      |              ^~~~~~~~~~~~~
source/algos/lwfr4.c:116:7: note: Loop condition is true.  Entering loop body
  116 |       while (st >= tp - lf) {
      |       ^
source/algos/lwfr4.c:117:16: note: Assuming 'st' is >= 'plen'
  117 |         while (st < plen && x[st] == y[tp]) {
      |                ^~~~~~~~~
source/algos/lwfr4.c:117:26: note: Left side of '&&' is false
  117 |         while (st < plen && x[st] == y[tp]) {
      |                          ^
source/algos/lwfr4.c:121:13: note: Assuming 'st' is not equal to 'plen'
  121 |         if (st == plen && lf <= n - plen)
      |             ^~~~~~~~~~
source/algos/lwfr4.c:121:24: note: Left side of '&&' is false
  121 |         if (st == plen && lf <= n - plen)
      |                        ^
source/algos/lwfr4.c:123:14: note: Access of 'kmpNext' at negative byte offset
  123 |         st = kmpNext[st];
      |              ^~~~~~~~~~~
source/algos/lwfr5.c:124:14: warning: Out of bound access to memory preceding 'kmpNext' [clang-analyzer-security.ArrayBound]
  124 |         st = kmpNext[st];
      |              ^~~~~~~~~~~
source/algos/lwfr5.c:71:7: note: Assuming 'm' is >= Q
   71 |   if (m < Q)
      |       ^~~~~
source/algos/lwfr5.c:71:3: note: Taking false branch
   71 |   if (m < Q)
      |   ^
source/algos/lwfr5.c:74:3: note: Assuming the condition is false
   74 |   BEGIN_PREPROCESSING
      |   ^
source/algos/include/main.h:41:9: note: expanded from macro 'BEGIN_PREPROCESSING'
   41 |     if (_run_timer->start)                                                     \
      |         ^~~~~~~~~~~~~~~~~
source/algos/lwfr5.c:74:3: note: Taking false branch
   74 |   BEGIN_PREPROCESSING
      |   ^
source/algos/include/main.h:41:5: note: expanded from macro 'BEGIN_PREPROCESSING'
   41 |     if (_run_timer->start)                                                     \
      |     ^
source/algos/lwfr5.c:78:7: note: Assuming the condition is true
   78 |   if (m % Q != 0)
      |       ^~~~~~~~~~
source/algos/lwfr5.c:78:3: note: Taking true branch
   78 |   if (m % Q != 0)
      |   ^
source/algos/lwfr5.c:83:15: note: Assuming 'i' is >= 'm'
   83 |   for (i = 0; i < m; i++)
      |               ^~~~~
source/algos/lwfr5.c:83:3: note: Loop condition is false. Execution continues on line 85
   83 |   for (i = 0; i < m; i++)
      |   ^
source/algos/lwfr5.c:85:3: note: Assuming the condition is false
   85 |   END_PREPROCESSING
      |   ^
source/algos/include/main.h:52:9: note: expanded from macro 'END_PREPROCESSING'
   52 |     if (_run_timer->sum)                                                       \
      |         ^~~~~~~~~~~~~~~
source/algos/lwfr5.c:85:3: note: Taking false branch
   85 |   END_PREPROCESSING
      |   ^
source/algos/include/main.h:52:5: note: expanded from macro 'END_PREPROCESSING'
   52 |     if (_run_timer->sum)                                                       \
      |     ^
source/algos/lwfr5.c:92:7: note: Assuming the condition is false
   92 |   if (!memcmp(x, y, plen))
      |       ^~~~~~~~~~~~~~~~~~~
source/algos/lwfr5.c:92:3: note: Taking false branch
   92 |   if (!memcmp(x, y, plen))
      |   ^
source/algos/lwfr5.c:95:10: note: Assuming 'j' is < 'n'
   95 |   while (j < n) {
      |          ^~~~~
source/algos/lwfr5.c:95:3: note: Loop condition is true.  Entering loop body
   95 |   while (j < n) {
      |   ^
source/algos/lwfr5.c:97:5: note: Loop condition is true.  Entering loop body
   97 |     while (!F[h]) {
      |     ^
source/algos/lwfr5.c:97:5: note: Loop condition is false. Execution continues on line 101
source/algos/lwfr5.c:102:9: note: Assuming 'b' is >= 'tp'
  102 |     if (b < tp)
      |         ^~~~~~
source/algos/lwfr5.c:102:5: note: Taking false branch
  102 |     if (b < tp)
      |     ^
source/algos/lwfr5.c:104:13: note: Assuming 'test' is not equal to 0
  104 |     while ((test = F[h]) && j > b) {
      |             ^~~~
source/algos/lwfr5.c:104:12: note: Left side of '&&' is true
  104 |     while ((test = F[h]) && j > b) {
      |            ^
source/algos/lwfr5.c:104:29: note: Assuming 'j' is <= 'b'
  104 |     while ((test = F[h]) && j > b) {
      |                             ^~~~~
source/algos/lwfr5.c:104:5: note: Loop condition is false. Execution continues on line 110
  104 |     while ((test = F[h]) && j > b) {
      |     ^
source/algos/lwfr5.c:110:9: note: Assuming 'j' is <= 'b'
  110 |     if (j <= b && test) {
      |         ^~~~~~
source/algos/lwfr5.c:110:9: note: Left side of '&&' is true
source/algos/lwfr5.c:110:19: note: 'test' is not equal to 0
  110 |     if (j <= b && test) {
      |                   ^~~~
source/algos/lwfr5.c:110:5: note: Taking true branch
  110 |     if (j <= b && test) {
      |     ^
source/algos/lwfr5.c:112:11: note: Assuming 'lf' is <= 'tp'
  112 |       if (lf > tp) {
      |           ^~~~~~~
source/algos/lwfr5.c:112:7: note: Taking false branch
  112 |       if (lf > tp) {
      |       ^
source/algos/lwfr5.c:117:14: note: Assuming the condition is true
  117 |       while (st >= tp - lf) {
      |              ^~~~~~~~~~~~~
source/algos/lwfr5.c:117:7: note: Loop condition is true.  Entering loop body
  117 |       while (st >= tp - lf) {
      |       ^
source/algos/lwfr5.c:118:16: note: 'st' is < 'plen'
  118 |         while (st < plen && x[st] == y[tp]) {
      |                ^~
source/algos/lwfr5.c:118:16: note: Left side of '&&' is true
source/algos/lwfr5.c:118:29: note: Assuming the condition is false
  118 |         while (st < plen && x[st] == y[tp]) {
      |                             ^~~~~~~~~~~~~~
source/algos/lwfr5.c:118:9: note: Loop condition is false. Execution continues on line 122
  118 |         while (st < plen && x[st] == y[tp]) {
      |         ^
source/algos/lwfr5.c:122:13: note: 'st' is not equal to 'plen'
  122 |         if (st == plen && lf <= n - plen)
      |             ^~
source/algos/lwfr5.c:122:24: note: Left side of '&&' is false
  122 |         if (st == plen && lf <= n - plen)
      |                        ^
source/algos/lwfr5.c:125:13: note: Assuming 'st' is < 0
  125 |         if (st < 0) {
      |             ^~~~~~
source/algos/lwfr5.c:125:9: note: Taking true branch
  125 |         if (st < 0) {
      |         ^
source/algos/lwfr5.c:117:14: note: Assuming the condition is true
  117 |       while (st >= tp - lf) {
      |              ^~~~~~~~~~~~~
source/algos/lwfr5.c:117:7: note: Loop condition is true.  Entering loop body
  117 |       while (st >= tp - lf) {
      |       ^
source/algos/lwfr5.c:118:16: note: Assuming 'st' is >= 'plen'
  118 |         while (st < plen && x[st] == y[tp]) {
      |                ^~~~~~~~~
source/algos/lwfr5.c:118:26: note: Left side of '&&' is false
  118 |         while (st < plen && x[st] == y[tp]) {
      |                          ^
source/algos/lwfr5.c:122:13: note: Assuming 'st' is not equal to 'plen'
  122 |         if (st == plen && lf <= n - plen)
      |             ^~~~~~~~~~
source/algos/lwfr5.c:122:24: note: Left side of '&&' is false
  122 |         if (st == plen && lf <= n - plen)
      |                        ^
source/algos/lwfr5.c:124:14: note: Access of 'kmpNext' at negative byte offset
  124 |         st = kmpNext[st];
      |              ^~~~~~~~~~~
source/algos/lwfr6.c:125:14: warning: Out of bound access to memory preceding 'kmpNext' [clang-analyzer-security.ArrayBound]
  125 |         st = kmpNext[st];
      |              ^~~~~~~~~~~
source/algos/lwfr6.c:72:7: note: Assuming 'm' is >= Q
   72 |   if (m < Q)
      |       ^~~~~
source/algos/lwfr6.c:72:3: note: Taking false branch
   72 |   if (m < Q)
      |   ^
source/algos/lwfr6.c:75:3: note: Assuming the condition is false
   75 |   BEGIN_PREPROCESSING
      |   ^
source/algos/include/main.h:41:9: note: expanded from macro 'BEGIN_PREPROCESSING'
   41 |     if (_run_timer->start)                                                     \
      |         ^~~~~~~~~~~~~~~~~
source/algos/lwfr6.c:75:3: note: Taking false branch
   75 |   BEGIN_PREPROCESSING
      |   ^
source/algos/include/main.h:41:5: note: expanded from macro 'BEGIN_PREPROCESSING'
   41 |     if (_run_timer->start)                                                     \
      |     ^
source/algos/lwfr6.c:79:7: note: Assuming the condition is true
   79 |   if (m % Q != 0)
      |       ^~~~~~~~~~
source/algos/lwfr6.c:79:3: note: Taking true branch
   79 |   if (m % Q != 0)
      |   ^
source/algos/lwfr6.c:84:15: note: Assuming 'i' is >= 'm'
   84 |   for (i = 0; i < m; i++)
      |               ^~~~~
source/algos/lwfr6.c:84:3: note: Loop condition is false. Execution continues on line 86
   84 |   for (i = 0; i < m; i++)
      |   ^
source/algos/lwfr6.c:86:3: note: Assuming the condition is false
   86 |   END_PREPROCESSING
      |   ^
source/algos/include/main.h:52:9: note: expanded from macro 'END_PREPROCESSING'
   52 |     if (_run_timer->sum)                                                       \
      |         ^~~~~~~~~~~~~~~
source/algos/lwfr6.c:86:3: note: Taking false branch
   86 |   END_PREPROCESSING
      |   ^
source/algos/include/main.h:52:5: note: expanded from macro 'END_PREPROCESSING'
   52 |     if (_run_timer->sum)                                                       \
      |     ^
source/algos/lwfr6.c:93:7: note: Assuming the condition is false
   93 |   if (!memcmp(x, y, plen))
      |       ^~~~~~~~~~~~~~~~~~~
source/algos/lwfr6.c:93:3: note: Taking false branch
   93 |   if (!memcmp(x, y, plen))
      |   ^
source/algos/lwfr6.c:96:10: note: Assuming 'j' is < 'n'
   96 |   while (j < n) {
      |          ^~~~~
source/algos/lwfr6.c:96:3: note: Loop condition is true.  Entering loop body
   96 |   while (j < n) {
      |   ^
source/algos/lwfr6.c:98:5: note: Loop condition is true.  Entering loop body
   98 |     while (!F[h]) {
      |     ^
source/algos/lwfr6.c:98:5: note: Loop condition is false. Execution continues on line 102
source/algos/lwfr6.c:103:9: note: Assuming 'b' is >= 'tp'
  103 |     if (b < tp)
      |         ^~~~~~
source/algos/lwfr6.c:103:5: note: Taking false branch
  103 |     if (b < tp)
      |     ^
source/algos/lwfr6.c:105:13: note: Assuming 'test' is not equal to 0
  105 |     while ((test = F[h]) && j > b) {
      |             ^~~~
source/algos/lwfr6.c:105:12: note: Left side of '&&' is true
  105 |     while ((test = F[h]) && j > b) {
      |            ^
source/algos/lwfr6.c:105:29: note: Assuming 'j' is <= 'b'
  105 |     while ((test = F[h]) && j > b) {
      |                             ^~~~~
source/algos/lwfr6.c:105:5: note: Loop condition is false. Execution continues on line 111
  105 |     while ((test = F[h]) && j > b) {
      |     ^
source/algos/lwfr6.c:111:9: note: Assuming 'j' is <= 'b'
  111 |     if (j <= b && test) {
      |         ^~~~~~
source/algos/lwfr6.c:111:9: note: Left side of '&&' is true
source/algos/lwfr6.c:111:19: note: 'test' is not equal to 0
  111 |     if (j <= b && test) {
      |                   ^~~~
source/algos/lwfr6.c:111:5: note: Taking true branch
  111 |     if (j <= b && test) {
      |     ^
source/algos/lwfr6.c:113:11: note: Assuming 'lf' is <= 'tp'
  113 |       if (lf > tp) {
      |           ^~~~~~~
source/algos/lwfr6.c:113:7: note: Taking false branch
  113 |       if (lf > tp) {
      |       ^
source/algos/lwfr6.c:118:14: note: Assuming the condition is true
  118 |       while (st >= tp - lf) {
      |              ^~~~~~~~~~~~~
source/algos/lwfr6.c:118:7: note: Loop condition is true.  Entering loop body
  118 |       while (st >= tp - lf) {
      |       ^
source/algos/lwfr6.c:119:16: note: 'st' is < 'plen'
  119 |         while (st < plen && x[st] == y[tp]) {
      |                ^~
source/algos/lwfr6.c:119:16: note: Left side of '&&' is true
source/algos/lwfr6.c:119:29: note: Assuming the condition is false
  119 |         while (st < plen && x[st] == y[tp]) {
      |                             ^~~~~~~~~~~~~~
source/algos/lwfr6.c:119:9: note: Loop condition is false. Execution continues on line 123
  119 |         while (st < plen && x[st] == y[tp]) {
      |         ^
source/algos/lwfr6.c:123:13: note: 'st' is not equal to 'plen'
  123 |         if (st == plen && lf <= n - plen)
      |             ^~
source/algos/lwfr6.c:123:24: note: Left side of '&&' is false
  123 |         if (st == plen && lf <= n - plen)
      |                        ^
source/algos/lwfr6.c:126:13: note: Assuming 'st' is < 0
  126 |         if (st < 0) {
      |             ^~~~~~
source/algos/lwfr6.c:126:9: note: Taking true branch
  126 |         if (st < 0) {
      |         ^
source/algos/lwfr6.c:118:14: note: Assuming the condition is true
  118 |       while (st >= tp - lf) {
      |              ^~~~~~~~~~~~~
source/algos/lwfr6.c:118:7: note: Loop condition is true.  Entering loop body
  118 |       while (st >= tp - lf) {
      |       ^
source/algos/lwfr6.c:119:16: note: Assuming 'st' is >= 'plen'
  119 |         while (st < plen && x[st] == y[tp]) {
      |                ^~~~~~~~~
source/algos/lwfr6.c:119:26: note: Left side of '&&' is false
  119 |         while (st < plen && x[st] == y[tp]) {
      |                          ^
source/algos/lwfr6.c:123:13: note: Assuming 'st' is not equal to 'plen'
  123 |         if (st == plen && lf <= n - plen)
      |             ^~~~~~~~~~
source/algos/lwfr6.c:123:24: note: Left side of '&&' is false
  123 |         if (st == plen && lf <= n - plen)
      |                        ^
source/algos/lwfr6.c:125:14: note: Access of 'kmpNext' at negative byte offset
  125 |         st = kmpNext[st];
      |              ^~~~~~~~~~~
source/algos/lwfr7.c:125:14: warning: Out of bound access to memory preceding 'kmpNext' [clang-analyzer-security.ArrayBound]
  125 |         st = kmpNext[st];
      |              ^~~~~~~~~~~
source/algos/lwfr7.c:72:7: note: Assuming 'm' is >= Q
   72 |   if (m < Q)
      |       ^~~~~
source/algos/lwfr7.c:72:3: note: Taking false branch
   72 |   if (m < Q)
      |   ^
source/algos/lwfr7.c:75:3: note: Assuming the condition is false
   75 |   BEGIN_PREPROCESSING
      |   ^
source/algos/include/main.h:41:9: note: expanded from macro 'BEGIN_PREPROCESSING'
   41 |     if (_run_timer->start)                                                     \
      |         ^~~~~~~~~~~~~~~~~
source/algos/lwfr7.c:75:3: note: Taking false branch
   75 |   BEGIN_PREPROCESSING
      |   ^
source/algos/include/main.h:41:5: note: expanded from macro 'BEGIN_PREPROCESSING'
   41 |     if (_run_timer->start)                                                     \
      |     ^
source/algos/lwfr7.c:79:7: note: Assuming the condition is true
   79 |   if (m % Q != 0)
      |       ^~~~~~~~~~
source/algos/lwfr7.c:79:3: note: Taking true branch
   79 |   if (m % Q != 0)
      |   ^
source/algos/lwfr7.c:84:15: note: Assuming 'i' is >= 'm'
   84 |   for (i = 0; i < m; i++)
      |               ^~~~~
source/algos/lwfr7.c:84:3: note: Loop condition is false. Execution continues on line 86
   84 |   for (i = 0; i < m; i++)
      |   ^
source/algos/lwfr7.c:86:3: note: Assuming the condition is false
   86 |   END_PREPROCESSING
      |   ^
source/algos/include/main.h:52:9: note: expanded from macro 'END_PREPROCESSING'
   52 |     if (_run_timer->sum)                                                       \
      |         ^~~~~~~~~~~~~~~
source/algos/lwfr7.c:86:3: note: Taking false branch
   86 |   END_PREPROCESSING
      |   ^
source/algos/include/main.h:52:5: note: expanded from macro 'END_PREPROCESSING'
   52 |     if (_run_timer->sum)                                                       \
      |     ^
source/algos/lwfr7.c:93:7: note: Assuming the condition is false
   93 |   if (!memcmp(x, y, plen))
      |       ^~~~~~~~~~~~~~~~~~~
source/algos/lwfr7.c:93:3: note: Taking false branch
   93 |   if (!memcmp(x, y, plen))
      |   ^
source/algos/lwfr7.c:96:10: note: Assuming 'j' is < 'n'
   96 |   while (j < n) {
      |          ^~~~~
source/algos/lwfr7.c:96:3: note: Loop condition is true.  Entering loop body
   96 |   while (j < n) {
      |   ^
source/algos/lwfr7.c:98:5: note: Loop condition is true.  Entering loop body
   98 |     while (!F[h]) {
      |     ^
source/algos/lwfr7.c:98:5: note: Loop condition is false. Execution continues on line 102
source/algos/lwfr7.c:103:9: note: Assuming 'b' is >= 'tp'
  103 |     if (b < tp)
      |         ^~~~~~
source/algos/lwfr7.c:103:5: note: Taking false branch
  103 |     if (b < tp)
      |     ^
source/algos/lwfr7.c:105:13: note: Assuming 'test' is not equal to 0
  105 |     while ((test = F[h]) && j > b) {
      |             ^~~~
source/algos/lwfr7.c:105:12: note: Left side of '&&' is true
  105 |     while ((test = F[h]) && j > b) {
      |            ^
source/algos/lwfr7.c:105:29: note: Assuming 'j' is <= 'b'
  105 |     while ((test = F[h]) && j > b) {
      |                             ^~~~~
source/algos/lwfr7.c:105:5: note: Loop condition is false. Execution continues on line 111
  105 |     while ((test = F[h]) && j > b) {
      |     ^
source/algos/lwfr7.c:111:9: note: Assuming 'j' is <= 'b'
  111 |     if (j <= b && test) {
      |         ^~~~~~
source/algos/lwfr7.c:111:9: note: Left side of '&&' is true
source/algos/lwfr7.c:111:19: note: 'test' is not equal to 0
  111 |     if (j <= b && test) {
      |                   ^~~~
source/algos/lwfr7.c:111:5: note: Taking true branch
  111 |     if (j <= b && test) {
      |     ^
source/algos/lwfr7.c:113:11: note: Assuming 'lf' is <= 'tp'
  113 |       if (lf > tp) {
      |           ^~~~~~~
source/algos/lwfr7.c:113:7: note: Taking false branch
  113 |       if (lf > tp) {
      |       ^
source/algos/lwfr7.c:118:14: note: Assuming the condition is true
  118 |       while (st >= tp - lf) {
      |              ^~~~~~~~~~~~~
source/algos/lwfr7.c:118:7: note: Loop condition is true.  Entering loop body
  118 |       while (st >= tp - lf) {
      |       ^
source/algos/lwfr7.c:119:16: note: 'st' is < 'plen'
  119 |         while (st < plen && x[st] == y[tp]) {
      |                ^~
source/algos/lwfr7.c:119:16: note: Left side of '&&' is true
source/algos/lwfr7.c:119:29: note: Assuming the condition is false
  119 |         while (st < plen && x[st] == y[tp]) {
      |                             ^~~~~~~~~~~~~~
source/algos/lwfr7.c:119:9: note: Loop condition is false. Execution continues on line 123
  119 |         while (st < plen && x[st] == y[tp]) {
      |         ^
source/algos/lwfr7.c:123:13: note: 'st' is not equal to 'plen'
  123 |         if (st == plen && lf <= n - plen)
      |             ^~
source/algos/lwfr7.c:123:24: note: Left side of '&&' is false
  123 |         if (st == plen && lf <= n - plen)
      |                        ^
source/algos/lwfr7.c:126:13: note: Assuming 'st' is < 0
  126 |         if (st < 0) {
      |             ^~~~~~
source/algos/lwfr7.c:126:9: note: Taking true branch
  126 |         if (st < 0) {
      |         ^
source/algos/lwfr7.c:118:14: note: Assuming the condition is true
  118 |       while (st >= tp - lf) {
      |              ^~~~~~~~~~~~~
source/algos/lwfr7.c:118:7: note: Loop condition is true.  Entering loop body
  118 |       while (st >= tp - lf) {
      |       ^
source/algos/lwfr7.c:119:16: note: Assuming 'st' is >= 'plen'
  119 |         while (st < plen && x[st] == y[tp]) {
      |                ^~~~~~~~~
source/algos/lwfr7.c:119:26: note: Left side of '&&' is false
  119 |         while (st < plen && x[st] == y[tp]) {
      |                          ^
source/algos/lwfr7.c:123:13: note: Assuming 'st' is not equal to 'plen'
  123 |         if (st == plen && lf <= n - plen)
      |             ^~~~~~~~~~
source/algos/lwfr7.c:123:24: note: Left side of '&&' is false
  123 |         if (st == plen && lf <= n - plen)
      |                        ^
source/algos/lwfr7.c:125:14: note: Access of 'kmpNext' at negative byte offset
  125 |         st = kmpNext[st];
      |              ^~~~~~~~~~~
source/algos/lwfr8.c:125:14: warning: Out of bound access to memory preceding 'kmpNext' [clang-analyzer-security.ArrayBound]
  125 |         st = kmpNext[st];
      |              ^~~~~~~~~~~
source/algos/lwfr8.c:72:7: note: Assuming 'm' is >= Q
   72 |   if (m < Q)
      |       ^~~~~
source/algos/lwfr8.c:72:3: note: Taking false branch
   72 |   if (m < Q)
      |   ^
source/algos/lwfr8.c:75:3: note: Assuming the condition is false
   75 |   BEGIN_PREPROCESSING
      |   ^
source/algos/include/main.h:41:9: note: expanded from macro 'BEGIN_PREPROCESSING'
   41 |     if (_run_timer->start)                                                     \
      |         ^~~~~~~~~~~~~~~~~
source/algos/lwfr8.c:75:3: note: Taking false branch
   75 |   BEGIN_PREPROCESSING
      |   ^
source/algos/include/main.h:41:5: note: expanded from macro 'BEGIN_PREPROCESSING'
   41 |     if (_run_timer->start)                                                     \
      |     ^
source/algos/lwfr8.c:79:7: note: Assuming the condition is true
   79 |   if (m % Q != 0)
      |       ^~~~~~~~~~
source/algos/lwfr8.c:79:3: note: Taking true branch
   79 |   if (m % Q != 0)
      |   ^
source/algos/lwfr8.c:84:15: note: Assuming 'i' is >= 'm'
   84 |   for (i = 0; i < m; i++)
      |               ^~~~~
source/algos/lwfr8.c:84:3: note: Loop condition is false. Execution continues on line 86
   84 |   for (i = 0; i < m; i++)
      |   ^
source/algos/lwfr8.c:86:3: note: Assuming the condition is false
   86 |   END_PREPROCESSING
      |   ^
source/algos/include/main.h:52:9: note: expanded from macro 'END_PREPROCESSING'
   52 |     if (_run_timer->sum)                                                       \
      |         ^~~~~~~~~~~~~~~
source/algos/lwfr8.c:86:3: note: Taking false branch
   86 |   END_PREPROCESSING
      |   ^
source/algos/include/main.h:52:5: note: expanded from macro 'END_PREPROCESSING'
   52 |     if (_run_timer->sum)                                                       \
      |     ^
source/algos/lwfr8.c:93:7: note: Assuming the condition is false
   93 |   if (!memcmp(x, y, plen))
      |       ^~~~~~~~~~~~~~~~~~~
source/algos/lwfr8.c:93:3: note: Taking false branch
   93 |   if (!memcmp(x, y, plen))
      |   ^
source/algos/lwfr8.c:96:10: note: Assuming 'j' is < 'n'
   96 |   while (j < n) {
      |          ^~~~~
source/algos/lwfr8.c:96:3: note: Loop condition is true.  Entering loop body
   96 |   while (j < n) {
      |   ^
source/algos/lwfr8.c:98:5: note: Loop condition is true.  Entering loop body
   98 |     while (!F[h]) {
      |     ^
source/algos/lwfr8.c:98:5: note: Loop condition is false. Execution continues on line 102
source/algos/lwfr8.c:103:9: note: Assuming 'b' is >= 'tp'
  103 |     if (b < tp)
      |         ^~~~~~
source/algos/lwfr8.c:103:5: note: Taking false branch
  103 |     if (b < tp)
      |     ^
source/algos/lwfr8.c:105:13: note: Assuming 'test' is not equal to 0
  105 |     while ((test = F[h]) && j > b) {
      |             ^~~~
source/algos/lwfr8.c:105:12: note: Left side of '&&' is true
  105 |     while ((test = F[h]) && j > b) {
      |            ^
source/algos/lwfr8.c:105:29: note: Assuming 'j' is <= 'b'
  105 |     while ((test = F[h]) && j > b) {
      |                             ^~~~~
source/algos/lwfr8.c:105:5: note: Loop condition is false. Execution continues on line 111
  105 |     while ((test = F[h]) && j > b) {
      |     ^
source/algos/lwfr8.c:111:9: note: Assuming 'j' is <= 'b'
  111 |     if (j <= b && test) {
      |         ^~~~~~
source/algos/lwfr8.c:111:9: note: Left side of '&&' is true
source/algos/lwfr8.c:111:19: note: 'test' is not equal to 0
  111 |     if (j <= b && test) {
      |                   ^~~~
source/algos/lwfr8.c:111:5: note: Taking true branch
  111 |     if (j <= b && test) {
      |     ^
source/algos/lwfr8.c:113:11: note: Assuming 'lf' is <= 'tp'
  113 |       if (lf > tp) {
      |           ^~~~~~~
source/algos/lwfr8.c:113:7: note: Taking false branch
  113 |       if (lf > tp) {
      |       ^
source/algos/lwfr8.c:118:14: note: Assuming the condition is true
  118 |       while (st >= tp - lf) {
      |              ^~~~~~~~~~~~~
source/algos/lwfr8.c:118:7: note: Loop condition is true.  Entering loop body
  118 |       while (st >= tp - lf) {
      |       ^
source/algos/lwfr8.c:119:16: note: 'st' is < 'plen'
  119 |         while (st < plen && x[st] == y[tp]) {
      |                ^~
source/algos/lwfr8.c:119:16: note: Left side of '&&' is true
source/algos/lwfr8.c:119:29: note: Assuming the condition is false
  119 |         while (st < plen && x[st] == y[tp]) {
      |                             ^~~~~~~~~~~~~~
source/algos/lwfr8.c:119:9: note: Loop condition is false. Execution continues on line 123
  119 |         while (st < plen && x[st] == y[tp]) {
      |         ^
source/algos/lwfr8.c:123:13: note: 'st' is not equal to 'plen'
  123 |         if (st == plen && lf <= n - plen)
      |             ^~
source/algos/lwfr8.c:123:24: note: Left side of '&&' is false
  123 |         if (st == plen && lf <= n - plen)
      |                        ^
source/algos/lwfr8.c:126:13: note: Assuming 'st' is < 0
  126 |         if (st < 0) {
      |             ^~~~~~
source/algos/lwfr8.c:126:9: note: Taking true branch
  126 |         if (st < 0) {
      |         ^
source/algos/lwfr8.c:118:14: note: Assuming the condition is true
  118 |       while (st >= tp - lf) {
      |              ^~~~~~~~~~~~~
source/algos/lwfr8.c:118:7: note: Loop condition is true.  Entering loop body
  118 |       while (st >= tp - lf) {
      |       ^
source/algos/lwfr8.c:119:16: note: Assuming 'st' is >= 'plen'
  119 |         while (st < plen && x[st] == y[tp]) {
      |                ^~~~~~~~~
source/algos/lwfr8.c:119:26: note: Left side of '&&' is false
  119 |         while (st < plen && x[st] == y[tp]) {
      |                          ^
source/algos/lwfr8.c:123:13: note: Assuming 'st' is not equal to 'plen'
  123 |         if (st == plen && lf <= n - plen)
      |             ^~~~~~~~~~
source/algos/lwfr8.c:123:24: note: Left side of '&&' is false
  123 |         if (st == plen && lf <= n - plen)
      |                        ^
source/algos/lwfr8.c:125:14: note: Access of 'kmpNext' at negative byte offset
  125 |         st = kmpNext[st];
      |              ^~~~~~~~~~~
source/algos/musl1.c:141:6: warning: Assigned value is uninitialized [clang-analyzer-core.uninitialized.Assign]
  141 |   ms = prep->ms;
      |      ^
source/algos/musl1.c:216:3: note: Assuming the condition is false
  216 |   BEGIN_PREPROCESSING
      |   ^
source/algos/include/main.h:41:9: note: expanded from macro 'BEGIN_PREPROCESSING'
   41 |     if (_run_timer->start)                                                     \
      |         ^~~~~~~~~~~~~~~~~
source/algos/musl1.c:216:3: note: Taking false branch
  216 |   BEGIN_PREPROCESSING
      |   ^
source/algos/include/main.h:41:5: note: expanded from macro 'BEGIN_PREPROCESSING'
   41 |     if (_run_timer->start)                                                     \
      |     ^
source/algos/musl1.c:221:7: note: Assuming 'm' is <= 4
  221 |   if (m > 4) {
      |       ^~~~~
source/algos/musl1.c:221:3: note: Taking false branch
  221 |   if (m > 4) {
      |   ^
source/algos/musl1.c:226:3: note: Assuming the condition is false
  226 |   END_PREPROCESSING
      |   ^
source/algos/include/main.h:52:9: note: expanded from macro 'END_PREPROCESSING'
   52 |     if (_run_timer->sum)                                                       \
      |         ^~~~~~~~~~~~~~~
source/algos/musl1.c:226:3: note: Taking false branch
  226 |   END_PREPROCESSING
      |   ^
source/algos/include/main.h:52:5: note: expanded from macro 'END_PREPROCESSING'
   52 |     if (_run_timer->sum)                                                       \
      |     ^
source/algos/musl1.c:232:15: note: Calling 'musl_memmem'
  232 |   while ((p = musl_memmem((char *)y, n, (char *)x, m, &prep))) {
      |               ^~~~~~~~~~~~~~~~~~~~~~~~~~~~~~~~~~~~~~~~~~~~~~
source/algos/musl1.c:191:7: note: Assuming 'l' is not equal to 0
  191 |   if (!l)
      |       ^~
source/algos/musl1.c:191:3: note: Taking false branch
  191 |   if (!l)
      |   ^
source/algos/musl1.c:195:7: note: Assuming 'k' is >= 'l'
  195 |   if (k < l)
      |       ^~~~~
source/algos/musl1.c:195:3: note: Taking false branch
  195 |   if (k < l)
      |   ^
source/algos/musl1.c:200:7: note: Assuming 'h' is non-null
  200 |   if (!h || l == 1)
      |       ^~
source/algos/musl1.c:200:7: note: Left side of '||' is false
source/algos/musl1.c:200:13: note: Assuming 'l' is not equal to 1
  200 |   if (!h || l == 1)
      |             ^~~~~~
source/algos/musl1.c:200:3: note: Taking false branch
  200 |   if (!h || l == 1)
      |   ^
source/algos/musl1.c:203:7: note: Assuming 'k' is >= 'l'
  203 |   if (k < l)
      |       ^~~~~
source/algos/musl1.c:203:3: note: Taking false branch
  203 |   if (k < l)
      |   ^
source/algos/musl1.c:205:7: note: Assuming 'l' is not equal to 2
  205 |   if (l == 2)
      |       ^~~~~~
source/algos/musl1.c:205:3: note: Taking false branch
  205 |   if (l == 2)
      |   ^
source/algos/musl1.c:207:7: note: Assuming 'l' is not equal to 3
  207 |   if (l == 3)
      |       ^~~~~~
source/algos/musl1.c:207:3: note: Taking false branch
  207 |   if (l == 3)
      |   ^
source/algos/musl1.c:209:7: note: Assuming 'l' is not equal to 4
  209 |   if (l == 4)
      |       ^~~~~~
source/algos/musl1.c:209:3: note: Taking false branch
  209 |   if (l == 4)
      |   ^
source/algos/musl1.c:212:10: note: Calling 'twoway_memmem'
  212 |   return twoway_memmem(h, h + k, n, l, prep);
      |          ^~~~~~~~~~~~~~~~~~~~~~~~~~~~~~~~~~~
source/algos/musl1.c:141:6: note: Assigned value is uninitialized
  141 |   ms = prep->ms;
      |      ^ ~~~~~~~~
source/algos/musl1.c:223:5: warning: Call to function 'memset' is insecure as it does not provide security checks introduced in the C11 standard. Replace with analogous functions that support length arguments or provides boundary checks such as 'memset_s' in case of C11 [clang-analyzer-security.insecureAPI.DeprecatedOrUnsafeBufferHandling]
  223 |     memset(prep.byteset, 0, sizeof(prep.byteset));
      |     ^~~~~~
source/algos/musl1.c:223:5: note: Call to function 'memset' is insecure as it does not provide security checks introduced in the C11 standard. Replace with analogous functions that support length arguments or provides boundary checks such as 'memset_s' in case of C11
  223 |     memset(prep.byteset, 0, sizeof(prep.byteset));
      |     ^~~~~~
source/algos/sebom.c:55:3: warning: Out of bound access to memory after the end of 'S' [clang-analyzer-security.ArrayBound]
   55 |   S[m] = m + 1;
      |   ^~~~
source/algos/sebom.c:35:7: note: Assuming 'm' is >= 2
   35 |   if (m < 2)
      |       ^~~~~
source/algos/sebom.c:35:3: note: Taking false branch
   35 |   if (m < 2)
      |   ^
source/algos/sebom.c:39:3: note: Assuming the condition is false
   39 |   BEGIN_PREPROCESSING
      |   ^
source/algos/include/main.h:41:9: note: expanded from macro 'BEGIN_PREPROCESSING'
   41 |     if (_run_timer->start)                                                     \
      |         ^~~~~~~~~~~~~~~~~
source/algos/sebom.c:39:3: note: Taking false branch
   39 |   BEGIN_PREPROCESSING
      |   ^
source/algos/include/main.h:41:5: note: expanded from macro 'BEGIN_PREPROCESSING'
   41 |     if (_run_timer->start)                                                     \
      |     ^
source/algos/sebom.c:42:7: note: Assuming the condition is false
   42 |   if (m + 2 > M_CUTOFF) {
      |       ^~~~~~~~~~~~~~~~
source/algos/sebom.c:42:3: note: Taking false branch
   42 |   if (m + 2 > M_CUTOFF) {
      |   ^
source/algos/sebom.c:47:17: note: Assuming the condition is false
   47 |     for (i = 0; i <= m + 1; i++)
      |                 ^~~~~~~~~~
source/algos/sebom.c:47:5: note: Loop condition is false. Execution continues on line 52
   47 |     for (i = 0; i <= m + 1; i++)
      |     ^
source/algos/sebom.c:52:3: note: Loop condition is false. Execution continues on line 55
   52 |   for (i = 0; i <= m + 1; i++)
      |   ^
source/algos/sebom.c:55:3: note: Access of 'S' at index 2147483647, while it holds only 4200 'int' elements
   55 |   S[m] = m + 1;
      |   ^~~~
source/algos/sfbom.c:50:3: warning: Out of bound access to memory around 'S' [clang-analyzer-security.ArrayBound]
   50 |   S[m] = m + 1;
      |   ^~~~
source/algos/sfbom.c:35:3: note: Assuming the condition is false
   35 |   BEGIN_PREPROCESSING
      |   ^
source/algos/include/main.h:41:9: note: expanded from macro 'BEGIN_PREPROCESSING'
   41 |     if (_run_timer->start)                                                     \
      |         ^~~~~~~~~~~~~~~~~
source/algos/sfbom.c:35:3: note: Taking false branch
   35 |   BEGIN_PREPROCESSING
      |   ^
source/algos/include/main.h:41:5: note: expanded from macro 'BEGIN_PREPROCESSING'
   41 |     if (_run_timer->start)                                                     \
      |     ^
source/algos/sfbom.c:38:7: note: Assuming the condition is false
   38 |   if (m + 2 > M_CUTOFF) {
      |       ^~~~~~~~~~~~~~~~
source/algos/sfbom.c:38:3: note: Taking false branch
   38 |   if (m + 2 > M_CUTOFF) {
      |   ^
source/algos/sfbom.c:43:17: note: Assuming the condition is false
   43 |     for (i = 0; i <= m + 1; i++)
      |                 ^~~~~~~~~~
source/algos/sfbom.c:43:5: note: Loop condition is false. Execution continues on line 47
   43 |     for (i = 0; i <= m + 1; i++)
      |     ^
source/algos/sfbom.c:47:3: note: Loop condition is false. Execution continues on line 50
   47 |   for (i = 0; i <= m + 1; i++)
      |   ^
source/algos/sfbom.c:50:3: note: Access of 'S' at a negative or overflowing index, while it holds only 4200 'int' elements
   50 |   S[m] = m + 1;
      |   ^~~~
source/algos/ssecp.c:68:3: warning: Call to function 'memcpy' is insecure as it does not provide security checks introduced in the C11 standard. Replace with analogous functions that support length arguments or provides boundary checks such as 'memcpy_s' in case of C11 [clang-analyzer-security.insecureAPI.DeprecatedOrUnsafeBufferHandling]
   68 |   memcpy(buf, p, len);
      |   ^~~~~~
source/algos/ssecp.c:68:3: note: Call to function 'memcpy' is insecure as it does not provide security checks introduced in the C11 standard. Replace with analogous functions that support length arguments or provides boundary checks such as 'memcpy_s' in case of C11
   68 |   memcpy(buf, p, len);
      |   ^~~~~~
source/algos/ssecp.c:279:5: warning: Call to function 'memcpy' is insecure as it does not provide security checks introduced in the C11 standard. Replace with analogous functions that support length arguments or provides boundary checks such as 'memcpy_s' in case of C11 [clang-analyzer-security.insecureAPI.DeprecatedOrUnsafeBufferHandling]
  279 |     memcpy(needle_buf, &x[mu], (size_t)needle_length);
      |     ^~~~~~
source/algos/ssecp.c:279:5: note: Call to function 'memcpy' is insecure as it does not provide security checks introduced in the C11 standard. Replace with analogous functions that support length arguments or provides boundary checks such as 'memcpy_s' in case of C11
  279 |     memcpy(needle_buf, &x[mu], (size_t)needle_length);
      |     ^~~~~~
source/algos/tbm.c:62:9: warning: Out of bound access to memory after the end of 'suff' [clang-analyzer-security.ArrayBound]
   62 |     if (suff[i] == i + 1)
      |         ^
source/algos/tbm.c:75:3: note: Assuming the condition is false
   75 |   BEGIN_PREPROCESSING
      |   ^
source/algos/include/main.h:41:9: note: expanded from macro 'BEGIN_PREPROCESSING'
   41 |     if (_run_timer->start)                                                     \
      |         ^~~~~~~~~~~~~~~~~
source/algos/tbm.c:75:3: note: Taking false branch
   75 |   BEGIN_PREPROCESSING
      |   ^
source/algos/include/main.h:41:5: note: expanded from macro 'BEGIN_PREPROCESSING'
   41 |     if (_run_timer->start)                                                     \
      |     ^
source/algos/tbm.c:76:3: note: Calling 'preBmGs'
   76 |   preBmGs(x, m, bmGs);
      |   ^~~~~~~~~~~~~~~~~~~
source/algos/tbm.c:58:15: note: Assuming 'i' is >= 'm'
   58 |   for (i = 0; i < m; ++i)
      |               ^~~~~
source/algos/tbm.c:58:3: note: Loop condition is false. Execution continues on line 60
   58 |   for (i = 0; i < m; ++i)
      |   ^
source/algos/tbm.c:61:19: note: Assuming 'i' is >= 0
   61 |   for (i = m - 1; i >= 0; --i)
      |                   ^~~~~~
source/algos/tbm.c:61:3: note: Loop condition is true.  Entering loop body
   61 |   for (i = m - 1; i >= 0; --i)
      |   ^
source/algos/tbm.c:62:9: note: Access of 'suff' at index 2147483647, while it holds only 4200 'int' elements
   62 |     if (suff[i] == i + 1)
      |         ^~~~~~~
source/algos/tndm.c:80:19: warning: Right operand is negative in left shift [clang-analyzer-core.BitwiseShift]
   80 |       if (d & (1U << (m - 1))) {
      |                ~~~^~~~~~~~~~
source/algos/tndm.c:34:7: note: Assuming 'm' is <= 32
   34 |   if (m > 32)
      |       ^~~~~~
source/algos/tndm.c:34:3: note: Taking false branch
   34 |   if (m > 32)
      |   ^
source/algos/tndm.c:37:3: note: Assuming the condition is false
   37 |   BEGIN_PREPROCESSING
      |   ^
source/algos/include/main.h:41:9: note: expanded from macro 'BEGIN_PREPROCESSING'
   41 |     if (_run_timer->start)                                                     \
      |         ^~~~~~~~~~~~~~~~~
source/algos/tndm.c:37:3: note: Taking false branch
   37 |   BEGIN_PREPROCESSING
      |   ^
source/algos/include/main.h:41:5: note: expanded from macro 'BEGIN_PREPROCESSING'
   41 |     if (_run_timer->start)                                                     \
      |     ^
source/algos/tndm.c:43:19: note: Assuming 'i' is < 0
   43 |   for (i = m - 1; i >= 0; i--) {
      |                   ^~~~~~
source/algos/tndm.c:43:3: note: Loop condition is false. Execution continues on line 47
   43 |   for (i = m - 1; i >= 0; i--) {
      |   ^
source/algos/tndm.c:48:7: note: Assuming right operand of bit shift is non-negative but less than 32
   48 |   s = ~0U >> (WORD - m);
      |       ^~~~~~~~~~~~~~~~~
source/algos/tndm.c:49:19: note: 'i' is < 0
   49 |   for (i = m - 1; i >= 0; i--) {
      |                   ^
source/algos/tndm.c:49:3: note: Loop condition is false. Execution continues on line 58
   49 |   for (i = m - 1; i >= 0; i--) {
      |   ^
source/algos/tndm.c:58:3: note: Assuming the condition is false
   58 |   END_PREPROCESSING
      |   ^
source/algos/include/main.h:52:9: note: expanded from macro 'END_PREPROCESSING'
   52 |     if (_run_timer->sum)                                                       \
      |         ^~~~~~~~~~~~~~~
source/algos/tndm.c:58:3: note: Taking false branch
   58 |   END_PREPROCESSING
      |   ^
source/algos/include/main.h:52:5: note: expanded from macro 'END_PREPROCESSING'
   52 |     if (_run_timer->sum)                                                       \
      |     ^
source/algos/tndm.c:63:10: note: Assuming 'j' is < 'n'
   63 |   while (j < n) {
      |          ^~~~~
source/algos/tndm.c:63:3: note: Loop condition is true.  Entering loop body
   63 |   while (j < n) {
      |   ^
source/algos/tndm.c:67:9: note: Assuming the condition is false
   67 |     if ((d & 1) == 0) {
      |         ^~~~~~~~~~~~
source/algos/tndm.c:67:5: note: Taking false branch
   67 |     if ((d & 1) == 0) {
      |     ^
source/algos/tndm.c:80:19: note: The result of left shift is undefined because the right operand is negative
   80 |       if (d & (1U << (m - 1))) {
      |                ~~~^~~~~~~~~~
source/algos/tvsbs-w2.c:51:3: warning: Call to function 'memcpy' is insecure as it does not provide security checks introduced in the C11 standard. Replace with analogous functions that support length arguments or provides boundary checks such as 'memcpy_s' in case of C11 [clang-analyzer-security.insecureAPI.DeprecatedOrUnsafeBufferHandling]
   51 |   memcpy(y, _y, n);
      |   ^~~~~~
source/algos/tvsbs-w2.c:51:3: note: Call to function 'memcpy' is insecure as it does not provide security checks introduced in the C11 standard. Replace with analogous functions that support length arguments or provides boundary checks such as 'memcpy_s' in case of C11
   51 |   memcpy(y, _y, n);
      |   ^~~~~~
source/algos/tvsbs-w2.c:71:20: warning: Out of bound access to memory preceding the heap area [clang-analyzer-security.ArrayBound]
   71 |     if (firstch == y[s1] || firstch == y[s2]) {
      |                    ^~~~~
source/algos/tvsbs-w2.c:46:7: note: Assuming 'm' is < XSIZE
   46 |   if (m >= XSIZE)
      |       ^~~~~~~~~~
source/algos/tvsbs-w2.c:46:3: note: Taking false branch
   46 |   if (m >= XSIZE)
      |   ^
source/algos/tvsbs-w2.c:49:3: note: Assuming the condition is false
   49 |   BEGIN_PREPROCESSING
      |   ^
source/algos/include/main.h:41:9: note: expanded from macro 'BEGIN_PREPROCESSING'
   41 |     if (_run_timer->start)                                                     \
      |         ^~~~~~~~~~~~~~~~~
source/algos/tvsbs-w2.c:49:3: note: Taking false branch
   49 |   BEGIN_PREPROCESSING
      |   ^
source/algos/include/main.h:41:5: note: expanded from macro 'BEGIN_PREPROCESSING'
   41 |     if (_run_timer->start)                                                     \
      |     ^
source/algos/tvsbs-w2.c:53:15: note: Assuming 'i' is < 'm'
   53 |   for (i = 0; i < m; i++)
      |               ^~~~~
source/algos/tvsbs-w2.c:53:3: note: Loop condition is true.  Entering loop body
   53 |   for (i = 0; i < m; i++)
      |   ^
source/algos/tvsbs-w2.c:53:15: note: Assuming 'i' is >= 'm'
   53 |   for (i = 0; i < m; i++)
      |               ^~~~~
source/algos/tvsbs-w2.c:53:3: note: Loop condition is false. Execution continues on line 55
   53 |   for (i = 0; i < m; i++)
      |   ^
source/algos/tvsbs-w2.c:63:3: note: Assuming the condition is false
   63 |   END_PREPROCESSING
      |   ^
source/algos/include/main.h:52:9: note: expanded from macro 'END_PREPROCESSING'
   52 |     if (_run_timer->sum)                                                       \
      |         ^~~~~~~~~~~~~~~
source/algos/tvsbs-w2.c:63:3: note: Taking false branch
   63 |   END_PREPROCESSING
      |   ^
source/algos/include/main.h:52:5: note: expanded from macro 'END_PREPROCESSING'
   52 |     if (_run_timer->sum)                                                       \
      |     ^
source/algos/tvsbs-w2.c:66:3: note: Loop condition is true.  Entering loop body
   66 |   for (i = 0; i < m; i++)
      |   ^
source/algos/tvsbs-w2.c:66:3: note: Loop condition is false. Execution continues on line 68
source/algos/tvsbs-w2.c:70:10: note: 's1' is <= 's2'
   70 |   while (s1 <= s2) {
      |          ^~
source/algos/tvsbs-w2.c:70:3: note: Loop condition is true.  Entering loop body
   70 |   while (s1 <= s2) {
      |   ^
source/algos/tvsbs-w2.c:71:9: note: Assuming the condition is true
   71 |     if (firstch == y[s1] || firstch == y[s2]) {
      |         ^~~~~~~~~~~~~~~~
source/algos/tvsbs-w2.c:71:26: note: Left side of '||' is true
   71 |     if (firstch == y[s1] || firstch == y[s2]) {
      |                          ^
source/algos/tvsbs-w2.c:72:11: note: Assuming the condition is true
   72 |       if (lastch == y[s1 + mm1] || lastch == y[s2 + mm1]) {
      |           ^~~~~~~~~~~~~~~~~~~~~
source/algos/tvsbs-w2.c:72:33: note: Left side of '||' is true
   72 |       if (lastch == y[s1 + mm1] || lastch == y[s2 + mm1]) {
      |                                 ^
source/algos/tvsbs-w2.c:74:16: note: 'i' is < 'm'
   74 |         while (i < m && x[i] == y[s1 + i])
      |                ^
source/algos/tvsbs-w2.c:74:16: note: Left side of '&&' is true
source/algos/tvsbs-w2.c:74:9: note: Loop condition is false. Execution continues on line 76
   74 |         while (i < m && x[i] == y[s1 + i])
      |         ^
source/algos/tvsbs-w2.c:76:13: note: 'i' is not equal to 'm'
   76 |         if (i == m)
      |             ^
source/algos/tvsbs-w2.c:76:9: note: Taking false branch
   76 |         if (i == m)
      |         ^
source/algos/tvsbs-w2.c:79:16: note: 'i' is < 'm'
   79 |         while (i < m && x[i] == y[s2 + i])
      |                ^
source/algos/tvsbs-w2.c:79:16: note: Left side of '&&' is true
source/algos/tvsbs-w2.c:79:9: note: Loop condition is true.  Entering loop body
   79 |         while (i < m && x[i] == y[s2 + i])
      |         ^
source/algos/tvsbs-w2.c:79:16: note: 'i' is >= 'm'
   79 |         while (i < m && x[i] == y[s2 + i])
      |                ^
source/algos/tvsbs-w2.c:79:22: note: Left side of '&&' is false
   79 |         while (i < m && x[i] == y[s2 + i])
      |                      ^
source/algos/tvsbs-w2.c:81:13: note: 'i' is equal to 'm'
   81 |         if (i == m && s1 < s2)
      |             ^
source/algos/tvsbs-w2.c:81:13: note: Left side of '&&' is true
source/algos/tvsbs-w2.c:81:23: note: Assuming 's1' is >= 's2'
   81 |         if (i == m && s1 < s2)
      |                       ^~~~~~~
source/algos/tvsbs-w2.c:81:9: note: Taking false branch
   81 |         if (i == m && s1 < s2)
      |         ^
source/algos/tvsbs-w2.c:86:9: note: 's2' is < 2
   86 |     if (s2 >= 2)
      |         ^~
source/algos/tvsbs-w2.c:86:5: note: Taking false branch
   86 |     if (s2 >= 2)
      |     ^
source/algos/tvsbs-w2.c:70:10: note: Assuming 's1' is <= 's2'
   70 |   while (s1 <= s2) {
      |          ^~~~~~~~
source/algos/tvsbs-w2.c:70:3: note: Loop condition is true.  Entering loop body
   70 |   while (s1 <= s2) {
      |   ^
source/algos/tvsbs-w2.c:71:20: note: Access of the heap area at negative byte offset
   71 |     if (firstch == y[s1] || firstch == y[s2]) {
      |                    ^~~~~
source/algos/tvsbs-w2.c:71:40: warning: Out of bound access to memory after the end of the heap area [clang-analyzer-security.ArrayBound]
   71 |     if (firstch == y[s1] || firstch == y[s2]) {
      |                                        ^~~~~
source/algos/tvsbs-w2.c:46:7: note: Assuming 'm' is < XSIZE
   46 |   if (m >= XSIZE)
      |       ^~~~~~~~~~
source/algos/tvsbs-w2.c:46:3: note: Taking false branch
   46 |   if (m >= XSIZE)
      |   ^
source/algos/tvsbs-w2.c:49:3: note: Assuming the condition is false
   49 |   BEGIN_PREPROCESSING
      |   ^
source/algos/include/main.h:41:9: note: expanded from macro 'BEGIN_PREPROCESSING'
   41 |     if (_run_timer->start)                                                     \
      |         ^~~~~~~~~~~~~~~~~
source/algos/tvsbs-w2.c:49:3: note: Taking false branch
   49 |   BEGIN_PREPROCESSING
      |   ^
source/algos/include/main.h:41:5: note: expanded from macro 'BEGIN_PREPROCESSING'
   41 |     if (_run_timer->start)                                                     \
      |     ^
source/algos/tvsbs-w2.c:53:15: note: Assuming 'i' is >= 'm'
   53 |   for (i = 0; i < m; i++)
      |               ^~~~~
source/algos/tvsbs-w2.c:53:3: note: Loop condition is false. Execution continues on line 55
   53 |   for (i = 0; i < m; i++)
      |   ^
source/algos/tvsbs-w2.c:55:3: note: Assuming index is non-negative
   55 |   xr[m] = '\0';
      |   ^~~~~
source/algos/tvsbs-w2.c:63:3: note: Assuming the condition is false
   63 |   END_PREPROCESSING
      |   ^
source/algos/include/main.h:52:9: note: expanded from macro 'END_PREPROCESSING'
   52 |     if (_run_timer->sum)                                                       \
      |         ^~~~~~~~~~~~~~~
source/algos/tvsbs-w2.c:63:3: note: Taking false branch
   63 |   END_PREPROCESSING
      |   ^
source/algos/include/main.h:52:5: note: expanded from macro 'END_PREPROCESSING'
   52 |     if (_run_timer->sum)                                                       \
      |     ^
source/algos/tvsbs-w2.c:66:3: note: Loop condition is false. Execution continues on line 68
   66 |   for (i = 0; i < m; i++)
      |   ^
source/algos/tvsbs-w2.c:70:10: note: Assuming 's1' is <= 's2'
   70 |   while (s1 <= s2) {
      |          ^~~~~~~~
source/algos/tvsbs-w2.c:70:3: note: Loop condition is true.  Entering loop body
   70 |   while (s1 <= s2) {
      |   ^
source/algos/tvsbs-w2.c:71:9: note: Assuming the condition is false
   71 |     if (firstch == y[s1] || firstch == y[s2]) {
      |         ^~~~~~~~~~~~~~~~
source/algos/tvsbs-w2.c:71:9: note: Left side of '||' is false
source/algos/tvsbs-w2.c:71:40: note: Access of 'unsigned char' element in the heap area at an overflowing index
   71 |     if (firstch == y[s1] || firstch == y[s2]) {
      |                                        ^~~~~
source/algos/tvsbs-w2.c:72:21: warning: Out of bound access to memory preceding the heap area [clang-analyzer-security.ArrayBound]
   72 |       if (lastch == y[s1 + mm1] || lastch == y[s2 + mm1]) {
      |                     ^~~~~~~~~~~
source/algos/tvsbs-w2.c:46:7: note: Assuming 'm' is < XSIZE
   46 |   if (m >= XSIZE)
      |       ^~~~~~~~~~
source/algos/tvsbs-w2.c:46:3: note: Taking false branch
   46 |   if (m >= XSIZE)
      |   ^
source/algos/tvsbs-w2.c:49:3: note: Assuming the condition is false
   49 |   BEGIN_PREPROCESSING
      |   ^
source/algos/include/main.h:41:9: note: expanded from macro 'BEGIN_PREPROCESSING'
   41 |     if (_run_timer->start)                                                     \
      |         ^~~~~~~~~~~~~~~~~
source/algos/tvsbs-w2.c:49:3: note: Taking false branch
   49 |   BEGIN_PREPROCESSING
      |   ^
source/algos/include/main.h:41:5: note: expanded from macro 'BEGIN_PREPROCESSING'
   41 |     if (_run_timer->start)                                                     \
      |     ^
source/algos/tvsbs-w2.c:53:15: note: Assuming 'i' is >= 'm'
   53 |   for (i = 0; i < m; i++)
      |               ^~~~~
source/algos/tvsbs-w2.c:53:3: note: Loop condition is false. Execution continues on line 55
   53 |   for (i = 0; i < m; i++)
      |   ^
source/algos/tvsbs-w2.c:63:3: note: Assuming the condition is false
   63 |   END_PREPROCESSING
      |   ^
source/algos/include/main.h:52:9: note: expanded from macro 'END_PREPROCESSING'
   52 |     if (_run_timer->sum)                                                       \
      |         ^~~~~~~~~~~~~~~
source/algos/tvsbs-w2.c:63:3: note: Taking false branch
   63 |   END_PREPROCESSING
      |   ^
source/algos/include/main.h:52:5: note: expanded from macro 'END_PREPROCESSING'
   52 |     if (_run_timer->sum)                                                       \
      |     ^
source/algos/tvsbs-w2.c:66:3: note: Loop condition is false. Execution continues on line 68
   66 |   for (i = 0; i < m; i++)
      |   ^
source/algos/tvsbs-w2.c:70:10: note: Assuming 's1' is <= 's2'
   70 |   while (s1 <= s2) {
      |          ^~~~~~~~
source/algos/tvsbs-w2.c:70:3: note: Loop condition is true.  Entering loop body
   70 |   while (s1 <= s2) {
      |   ^
source/algos/tvsbs-w2.c:71:9: note: Assuming the condition is true
   71 |     if (firstch == y[s1] || firstch == y[s2]) {
      |         ^~~~~~~~~~~~~~~~
source/algos/tvsbs-w2.c:71:26: note: Left side of '||' is true
   71 |     if (firstch == y[s1] || firstch == y[s2]) {
      |                          ^
source/algos/tvsbs-w2.c:72:21: note: Access of the heap area at negative byte offset -1
   72 |       if (lastch == y[s1 + mm1] || lastch == y[s2 + mm1]) {
      |                     ^~~~~~~~~~~
source/algos/ufndmq2.c:53:3: warning: Call to function 'memcpy' is insecure as it does not provide security checks introduced in the C11 standard. Replace with analogous functions that support length arguments or provides boundary checks such as 'memcpy_s' in case of C11 [clang-analyzer-security.insecureAPI.DeprecatedOrUnsafeBufferHandling]
   53 |   memcpy(y, _y, n);
      |   ^~~~~~
source/algos/ufndmq2.c:53:3: note: Call to function 'memcpy' is insecure as it does not provide security checks introduced in the C11 standard. Replace with analogous functions that support length arguments or provides boundary checks such as 'memcpy_s' in case of C11
   53 |   memcpy(y, _y, n);
      |   ^~~~~~
source/algos/ufndmq2.c:118:3: warning: Call to function 'memcpy' is insecure as it does not provide security checks introduced in the C11 standard. Replace with analogous functions that support length arguments or provides boundary checks such as 'memcpy_s' in case of C11 [clang-analyzer-security.insecureAPI.DeprecatedOrUnsafeBufferHandling]
  118 |   memcpy(y, _y, n);
      |   ^~~~~~
source/algos/ufndmq2.c:118:3: note: Call to function 'memcpy' is insecure as it does not provide security checks introduced in the C11 standard. Replace with analogous functions that support length arguments or provides boundary checks such as 'memcpy_s' in case of C11
  118 |   memcpy(y, _y, n);
      |   ^~~~~~
source/algos/ufndmq4.c:53:3: warning: Call to function 'memcpy' is insecure as it does not provide security checks introduced in the C11 standard. Replace with analogous functions that support length arguments or provides boundary checks such as 'memcpy_s' in case of C11 [clang-analyzer-security.insecureAPI.DeprecatedOrUnsafeBufferHandling]
   53 |   memcpy(y, _y, n);
      |   ^~~~~~
source/algos/ufndmq4.c:53:3: note: Call to function 'memcpy' is insecure as it does not provide security checks introduced in the C11 standard. Replace with analogous functions that support length arguments or provides boundary checks such as 'memcpy_s' in case of C11
   53 |   memcpy(y, _y, n);
      |   ^~~~~~
source/algos/ufndmq4.c:120:3: warning: Call to function 'memcpy' is insecure as it does not provide security checks introduced in the C11 standard. Replace with analogous functions that support length arguments or provides boundary checks such as 'memcpy_s' in case of C11 [clang-analyzer-security.insecureAPI.DeprecatedOrUnsafeBufferHandling]
  120 |   memcpy(y, _y, n);
      |   ^~~~~~
source/algos/ufndmq4.c:120:3: note: Call to function 'memcpy' is insecure as it does not provide security checks introduced in the C11 standard. Replace with analogous functions that support length arguments or provides boundary checks such as 'memcpy_s' in case of C11
  120 |   memcpy(y, _y, n);
      |   ^~~~~~
source/algos/ufndmq6.c:54:3: warning: Call to function 'memcpy' is insecure as it does not provide security checks introduced in the C11 standard. Replace with analogous functions that support length arguments or provides boundary checks such as 'memcpy_s' in case of C11 [clang-analyzer-security.insecureAPI.DeprecatedOrUnsafeBufferHandling]
   54 |   memcpy(y, _y, n);
      |   ^~~~~~
source/algos/ufndmq6.c:54:3: note: Call to function 'memcpy' is insecure as it does not provide security checks introduced in the C11 standard. Replace with analogous functions that support length arguments or provides boundary checks such as 'memcpy_s' in case of C11
   54 |   memcpy(y, _y, n);
      |   ^~~~~~
source/algos/ufndmq6.c:119:3: warning: Call to function 'memcpy' is insecure as it does not provide security checks introduced in the C11 standard. Replace with analogous functions that support length arguments or provides boundary checks such as 'memcpy_s' in case of C11 [clang-analyzer-security.insecureAPI.DeprecatedOrUnsafeBufferHandling]
  119 |   memcpy(y, _y, n);
      |   ^~~~~~
source/algos/ufndmq6.c:119:3: note: Call to function 'memcpy' is insecure as it does not provide security checks introduced in the C11 standard. Replace with analogous functions that support length arguments or provides boundary checks such as 'memcpy_s' in case of C11
  119 |   memcpy(y, _y, n);
      |   ^~~~~~
source/algos/ufndmq8.c:55:3: warning: Call to function 'memcpy' is insecure as it does not provide security checks introduced in the C11 standard. Replace with analogous functions that support length arguments or provides boundary checks such as 'memcpy_s' in case of C11 [clang-analyzer-security.insecureAPI.DeprecatedOrUnsafeBufferHandling]
   55 |   memcpy(y, _y, n);
      |   ^~~~~~
source/algos/ufndmq8.c:55:3: note: Call to function 'memcpy' is insecure as it does not provide security checks introduced in the C11 standard. Replace with analogous functions that support length arguments or provides boundary checks such as 'memcpy_s' in case of C11
   55 |   memcpy(y, _y, n);
      |   ^~~~~~
source/algos/ufndmq8.c:120:3: warning: Call to function 'memcpy' is insecure as it does not provide security checks introduced in the C11 standard. Replace with analogous functions that support length arguments or provides boundary checks such as 'memcpy_s' in case of C11 [clang-analyzer-security.insecureAPI.DeprecatedOrUnsafeBufferHandling]
  120 |   memcpy(y, _y, n);
      |   ^~~~~~
source/algos/ufndmq8.c:120:3: note: Call to function 'memcpy' is insecure as it does not provide security checks introduced in the C11 standard. Replace with analogous functions that support length arguments or provides boundary checks such as 'memcpy_s' in case of C11
  120 |   memcpy(y, _y, n);
      |   ^~~~~~
source/compilesm.c:202:9: warning: Null pointer passed to 1st parameter expecting 'nonnull' [clang-analyzer-core.NonNullParamChecker]
  202 |         fclose(stream);
      |         ^      ~~~~~~
source/compilesm.c:43:15: note: '?' condition is true
   43 |   int istty = getenv("CI") ? 0 : 1;
      |               ^
source/compilesm.c:63:7: note: Assuming 'argc' is <= 1
   63 |   if (argc > 1) {
      |       ^~~~~~~~
source/compilesm.c:63:3: note: Taking false branch
   63 |   if (argc > 1) {
      |   ^
source/compilesm.c:76:7: note: 'd' is null
   76 |   if (d) {
      |       ^
source/compilesm.c:76:3: note: Taking false branch
   76 |   if (d) {
      |   ^
source/compilesm.c:91:7: note: 'd' is null
   91 |   if (d) {
      |       ^
source/compilesm.c:91:3: note: Taking false branch
   91 |   if (d) {
      |   ^
source/compilesm.c:106:7: note: Assuming that 'opendir' is successful
  106 |   d = opendir("./source/algos");
      |       ^~~~~~~~~~~~~~~~~~~~~~~~~
source/compilesm.c:107:7: note: 'd' is non-null
  107 |   if (d) {
      |       ^
source/compilesm.c:107:3: note: Taking true branch
  107 |   if (d) {
      |   ^
source/compilesm.c:109:12: note: Assuming the condition is true
  109 |     while ((dir = readdir(d)) != NULL) {
      |            ^~~~~~~~~~~~~~~~~~~~~~~~~~
source/compilesm.c:109:5: note: Loop condition is true.  Entering loop body
  109 |     while ((dir = readdir(d)) != NULL) {
      |     ^
source/compilesm.c:113:11: note: Assuming 'len' is > 2
  113 |       if (len > 2 && filename[len - 1] == 'c' && filename[len - 2] == '.' &&
      |           ^~~~~~~
source/compilesm.c:113:11: note: Left side of '&&' is true
source/compilesm.c:113:22: note: Assuming the condition is true
  113 |       if (len > 2 && filename[len - 1] == 'c' && filename[len - 2] == '.' &&
      |                      ^~~~~~~~~~~~~~~~~~~~~~~~
source/compilesm.c:113:11: note: Left side of '&&' is true
  113 |       if (len > 2 && filename[len - 1] == 'c' && filename[len - 2] == '.' &&
      |           ^
source/compilesm.c:113:50: note: Assuming the condition is true
  113 |       if (len > 2 && filename[len - 1] == 'c' && filename[len - 2] == '.' &&
      |                                                  ^~~~~~~~~~~~~~~~~~~~~~~~
source/compilesm.c:113:11: note: Left side of '&&' is true
  113 |       if (len > 2 && filename[len - 1] == 'c' && filename[len - 2] == '.' &&
      |           ^
source/compilesm.c:114:11: note: Assuming the condition is true
  114 |           filename[0] != '.' && filename[1] != '#') {
      |           ^~~~~~~~~~~~~~~~~~
source/compilesm.c:113:11: note: Left side of '&&' is true
  113 |       if (len > 2 && filename[len - 1] == 'c' && filename[len - 2] == '.' &&
      |           ^
source/compilesm.c:114:33: note: Assuming the condition is true
  114 |           filename[0] != '.' && filename[1] != '#') {
      |                                 ^~~~~~~~~~~~~~~~~~
source/compilesm.c:113:7: note: Taking true branch
  113 |       if (len > 2 && filename[len - 1] == 'c' && filename[len - 2] == '.' &&
      |       ^
source/compilesm.c:140:13: note: 'doTest' is 0
  140 |         if (doTest)
      |             ^~~~~~
source/compilesm.c:140:9: note: Taking false branch
  140 |         if (doTest)
      |         ^
source/compilesm.c:144:21: note: Assuming the condition is false
  144 |         for (i = 0; i < 15 - (int)strlen(filename); i++)
      |                     ^~~~~~~~~~~~~~~~~~~~~~~~~~~~~~
source/compilesm.c:144:9: note: Loop condition is false. Execution continues on line 146
  144 |         for (i = 0; i < 15 - (int)strlen(filename); i++)
      |         ^
source/compilesm.c:146:13: note: 'istty' is 0
  146 |         if (istty)
      |             ^~~~~
source/compilesm.c:146:9: note: Taking false branch
  146 |         if (istty)
      |         ^
source/compilesm.c:152:13: note: 'istty' is 0
  152 |         if (istty)
      |             ^~~~~
source/compilesm.c:152:9: note: Taking false branch
  152 |         if (istty)
      |         ^
source/compilesm.c:156:18: note: Assuming that 'freopen' fails
  156 |         stream = freopen("warning", "a", stderr); // redirect of stderr
      |                  ^~~~~~~~~~~~~~~~~~~~~~~~~~~~~~~
source/compilesm.c:156:9: note: Value assigned to 'stream'
  156 |         stream = freopen("warning", "a", stderr); // redirect of stderr
      |         ^~~~~~~~~~~~~~~~~~~~~~~~~~~~~~~~~~~~~~~~
source/compilesm.c:157:13: note: Assuming the condition is true
  157 |         if (system(command) == 1)
      |             ^~~~~~~~~~~~~~~~~~~~
source/compilesm.c:157:9: note: Taking true branch
  157 |         if (system(command) == 1)
      |         ^
source/compilesm.c:202:9: note: Null pointer passed to 1st parameter expecting 'nonnull'
  202 |         fclose(stream);
      |         ^      ~~~~~~
source/function.h:294:30: warning: File position of the stream might be 'indeterminate' after a failed operation. Can cause undefined behavior [clang-analyzer-unix.Stream]
  294 |     while (i < TSIZE && (c = getc(index)) != EOF) {
      |                              ^
source/smart.c:439:7: note: Assuming 'argc' is not equal to 1
  439 |   if (argc == 1) {
      |       ^~~~~~~~~
source/smart.c:439:3: note: Taking false branch
  439 |   if (argc == 1) {
      |   ^
source/smart.c:443:7: note: Assuming the condition is false
  443 |   if (!strcmp("-h", argv[1])) {
      |       ^~~~~~~~~~~~~~~~~~~~~~
source/smart.c:443:3: note: Taking false branch
  443 |   if (!strcmp("-h", argv[1])) {
      |   ^
source/smart.c:448:10: note: 'par' is < 'argc'
  448 |   while (par < argc) {
      |          ^~~
source/smart.c:448:3: note: Loop condition is true.  Entering loop body
  448 |   while (par < argc) {
      |   ^
source/smart.c:449:9: note: 'par' is < 'argc'
  449 |     if (par < argc && !strcmp("-pset", argv[par])) {
      |         ^~~
source/smart.c:449:9: note: Left side of '&&' is true
source/smart.c:449:23: note: Assuming the condition is false
  449 |     if (par < argc && !strcmp("-pset", argv[par])) {
      |                       ^~~~~~~~~~~~~~~~~~~~~~~~~~~
source/smart.c:449:5: note: Taking false branch
  449 |     if (par < argc && !strcmp("-pset", argv[par])) {
      |     ^
source/smart.c:462:9: note: 'par' is < 'argc'
  462 |     if (par < argc && !strcmp("-alpha", argv[par])) {
      |         ^~~
source/smart.c:462:9: note: Left side of '&&' is true
source/smart.c:462:23: note: Assuming the condition is false
  462 |     if (par < argc && !strcmp("-alpha", argv[par])) {
      |                       ^~~~~~~~~~~~~~~~~~~~~~~~~~~~
source/smart.c:462:5: note: Taking false branch
  462 |     if (par < argc && !strcmp("-alpha", argv[par])) {
      |     ^
source/smart.c:479:9: note: 'par' is < 'argc'
  479 |     if (par < argc && !strcmp("-tsize", argv[par])) {
      |         ^~~
source/smart.c:479:9: note: Left side of '&&' is true
source/smart.c:479:23: note: Assuming the condition is false
  479 |     if (par < argc && !strcmp("-tsize", argv[par])) {
      |                       ^~~~~~~~~~~~~~~~~~~~~~~~~~~~
source/smart.c:479:5: note: Taking false branch
  479 |     if (par < argc && !strcmp("-tsize", argv[par])) {
      |     ^
source/smart.c:493:9: note: 'par' is < 'argc'
  493 |     if (par < argc && !strcmp("-tb", argv[par])) {
      |         ^~~
source/smart.c:493:9: note: Left side of '&&' is true
source/smart.c:493:23: note: Assuming the condition is false
  493 |     if (par < argc && !strcmp("-tb", argv[par])) {
      |                       ^~~~~~~~~~~~~~~~~~~~~~~~~
source/smart.c:493:5: note: Taking false branch
  493 |     if (par < argc && !strcmp("-tb", argv[par])) {
      |     ^
source/smart.c:506:9: note: 'par' is < 'argc'
  506 |     if (par < argc && !strcmp("-text", argv[par])) {
      |         ^~~
source/smart.c:506:9: note: Left side of '&&' is true
source/smart.c:506:23: note: Assuming the condition is false
  506 |     if (par < argc && !strcmp("-text", argv[par])) {
      |                       ^~~~~~~~~~~~~~~~~~~~~~~~~~~
source/smart.c:506:5: note: Taking false branch
  506 |     if (par < argc && !strcmp("-text", argv[par])) {
      |     ^
source/smart.c:514:9: note: 'par' is < 'argc'
  514 |     if (par < argc && !strcmp("-nv", argv[par])) {
      |         ^~~
source/smart.c:514:9: note: Left side of '&&' is true
source/smart.c:514:23: note: Assuming the condition is false
  514 |     if (par < argc && !strcmp("-nv", argv[par])) {
      |                       ^~~~~~~~~~~~~~~~~~~~~~~~~
source/smart.c:514:5: note: Taking false branch
  514 |     if (par < argc && !strcmp("-nv", argv[par])) {
      |     ^
source/smart.c:522:9: note: 'par' is < 'argc'
  522 |     if (par < argc && !strcmp("-plen", argv[par])) {
      |         ^~~
source/smart.c:522:9: note: Left side of '&&' is true
source/smart.c:522:23: note: Assuming the condition is false
  522 |     if (par < argc && !strcmp("-plen", argv[par])) {
      |                       ^~~~~~~~~~~~~~~~~~~~~~~~~~~
source/smart.c:522:5: note: Taking false branch
  522 |     if (par < argc && !strcmp("-plen", argv[par])) {
      |     ^
source/smart.c:580:9: note: 'par' is < 'argc'
  580 |     if (par < argc && !strcmp("-simple", argv[par])) {
      |         ^~~
source/smart.c:580:9: note: Left side of '&&' is true
source/smart.c:580:23: note: Assuming the condition is false
  580 |     if (par < argc && !strcmp("-simple", argv[par])) {
      |                       ^~~~~~~~~~~~~~~~~~~~~~~~~~~~~
source/smart.c:580:5: note: Taking false branch
  580 |     if (par < argc && !strcmp("-simple", argv[par])) {
      |     ^
source/smart.c:603:9: note: 'par' is < 'argc'
  603 |     if (par < argc && !strcmp("-occ", argv[par])) {
      |         ^~~
source/smart.c:603:9: note: Left side of '&&' is true
source/smart.c:603:23: note: Assuming the condition is false
  603 |     if (par < argc && !strcmp("-occ", argv[par])) {
      |                       ^~~~~~~~~~~~~~~~~~~~~~~~~~
source/smart.c:603:5: note: Taking false branch
  603 |     if (par < argc && !strcmp("-occ", argv[par])) {
      |     ^
source/smart.c:607:9: note: 'par' is < 'argc'
  607 |     if (par < argc && !strcmp("-pre", argv[par])) {
      |         ^~~
source/smart.c:607:9: note: Left side of '&&' is true
source/smart.c:607:23: note: Assuming the condition is false
  607 |     if (par < argc && !strcmp("-pre", argv[par])) {
      |                       ^~~~~~~~~~~~~~~~~~~~~~~~~~
source/smart.c:607:5: note: Taking false branch
  607 |     if (par < argc && !strcmp("-pre", argv[par])) {
      |     ^
source/smart.c:611:9: note: 'par' is < 'argc'
  611 |     if (par < argc && !strcmp("-dif", argv[par])) {
      |         ^~~
source/smart.c:611:9: note: Left side of '&&' is true
source/smart.c:611:23: note: Assuming the condition is false
  611 |     if (par < argc && !strcmp("-dif", argv[par])) {
      |                       ^~~~~~~~~~~~~~~~~~~~~~~~~~
source/smart.c:611:5: note: Taking false branch
  611 |     if (par < argc && !strcmp("-dif", argv[par])) {
      |     ^
source/smart.c:615:9: note: 'par' is < 'argc'
  615 |     if (par < argc && !strcmp("-txt", argv[par])) {
      |         ^~~
source/smart.c:615:9: note: Left side of '&&' is true
source/smart.c:615:23: note: Assuming the condition is false
  615 |     if (par < argc && !strcmp("-txt", argv[par])) {
      |                       ^~~~~~~~~~~~~~~~~~~~~~~~~~
source/smart.c:615:5: note: Taking false branch
  615 |     if (par < argc && !strcmp("-txt", argv[par])) {
      |     ^
source/smart.c:619:9: note: 'par' is < 'argc'
  619 |     if (par < argc && !strcmp("-std", argv[par])) {
      |         ^~~
source/smart.c:619:9: note: Left side of '&&' is true
source/smart.c:619:23: note: Assuming the condition is false
  619 |     if (par < argc && !strcmp("-std", argv[par])) {
      |                       ^~~~~~~~~~~~~~~~~~~~~~~~~~
source/smart.c:619:5: note: Taking false branch
  619 |     if (par < argc && !strcmp("-std", argv[par])) {
      |     ^
source/smart.c:623:9: note: 'par' is < 'argc'
  623 |     if (par < argc && !strcmp("-all", argv[par])) {
      |         ^~~
source/smart.c:623:9: note: Left side of '&&' is true
source/smart.c:623:23: note: Assuming the condition is false
  623 |     if (par < argc && !strcmp("-all", argv[par])) {
      |                       ^~~~~~~~~~~~~~~~~~~~~~~~~~
source/smart.c:623:5: note: Taking false branch
  623 |     if (par < argc && !strcmp("-all", argv[par])) {
      |     ^
source/smart.c:627:9: note: 'par' is < 'argc'
  627 |     if (par < argc && !strcmp("-tex", argv[par])) {
      |         ^~~
source/smart.c:627:9: note: Left side of '&&' is true
source/smart.c:627:23: note: Assuming the condition is false
  627 |     if (par < argc && !strcmp("-tex", argv[par])) {
      |                       ^~~~~~~~~~~~~~~~~~~~~~~~~~
source/smart.c:627:5: note: Taking false branch
  627 |     if (par < argc && !strcmp("-tex", argv[par])) {
      |     ^
source/smart.c:631:9: note: 'par' is < 'argc'
  631 |     if (par < argc && !strcmp("-php", argv[par])) {
      |         ^~~
source/smart.c:631:9: note: Left side of '&&' is true
source/smart.c:631:23: note: Assuming the condition is false
  631 |     if (par < argc && !strcmp("-php", argv[par])) {
      |                       ^~~~~~~~~~~~~~~~~~~~~~~~~~
source/smart.c:631:5: note: Taking false branch
  631 |     if (par < argc && !strcmp("-php", argv[par])) {
      |     ^
source/smart.c:635:9: note: 'par' is < 'argc'
  635 |     if (par < argc && !strcmp("-short", argv[par])) {
      |         ^~~
source/smart.c:635:9: note: Left side of '&&' is true
source/smart.c:635:5: note: Taking true branch
  635 |     if (par < argc && !strcmp("-short", argv[par])) {
      |     ^
source/smart.c:639:9: note: Assuming 'par' is >= 'argc'
  639 |     if (par < argc && !strcmp("-vshort", argv[par])) {
      |         ^~~~~~~~~~
source/smart.c:639:20: note: Left side of '&&' is false
  639 |     if (par < argc && !strcmp("-vshort", argv[par])) {
      |                    ^
source/smart.c:643:9: note: 'par' is >= 'argc'
  643 |     if (par < argc && strcmp("-text", argv[par]) != 0 &&
      |         ^~~
source/smart.c:643:20: note: Left side of '&&' is false
  643 |     if (par < argc && strcmp("-text", argv[par]) != 0 &&
      |                    ^
source/smart.c:448:3: note: Loop condition is false. Execution continues on line 656
  448 |   while (par < argc) {
      |   ^
source/smart.c:656:7: note: Assuming the condition is false
  656 |   if (strcmp(filename, "") && options.simple) {
      |       ^~~~~~~~~~~~~~~~~~~~
source/smart.c:656:28: note: Left side of '&&' is false
  656 |   if (strcmp(filename, "") && options.simple) {
      |                            ^
source/smart.c:661:7: note: Assuming the condition is false
  661 |   if (!strcmp(filename, "") && !options.simple) {
      |       ^~~~~~~~~~~~~~~~~~~~~
source/smart.c:661:29: note: Left side of '&&' is false
  661 |   if (!strcmp(filename, "") && !options.simple) {
      |                             ^
source/smart.c:673:7: note: Assuming field 'simple' is 0
  673 |   if (options.simple) {
      |       ^~~~~~~~~~~~~~
source/smart.c:673:3: note: Taking false branch
  673 |   if (options.simple) {
      |   ^
source/smart.c:703:14: note: Assuming the condition is true
  703 |   } else if (strcmp(filename, "all") != 0) {
      |              ^~~~~~~~~~~~~~~~~~~~~~~~~~~~
source/smart.c:703:10: note: Taking true branch
  703 |   } else if (strcmp(filename, "all") != 0) {
      |          ^
source/smart.c:705:9: note: Assuming the condition is false
  705 |     if (system("./logo"))
      |         ^~~~~~~~~~~~~~~~
source/smart.c:705:5: note: Taking false branch
  705 |     if (system("./logo"))
      |     ^
source/smart.c:715:21: note: Assuming 'k' is < 'num_buffers'
  715 |     for (int k = 0; k < num_buffers; k++) {
      |                     ^~~~~~~~~~~~~~~
source/smart.c:715:5: note: Loop condition is true.  Entering loop body
  715 |     for (int k = 0; k < num_buffers; k++) {
      |     ^
source/smart.c:721:17: note: Calling 'getText'
  721 |       if (!(n = getText(T, fullpath, FREQ, TSIZE, verbose))) {
      |                 ^~~~~~~~~~~~~~~~~~~~~~~~~~~~~~~~~~~~~~~~~~
source/function.h:292:8: note: Assuming 'index' is non-null
  292 |   if ((index = fopen(indexfilename, "r"))) {
      |        ^~~~~
source/function.h:292:3: note: Taking true branch
  292 |   if ((index = fopen(indexfilename, "r"))) {
      |   ^
source/function.h:294:12: note: 'i' is < 'TSIZE'
  294 |     while (i < TSIZE && (c = getc(index)) != EOF) {
      |            ^
source/function.h:294:12: note: Left side of '&&' is true
source/function.h:294:5: note: Loop condition is true.  Entering loop body
  294 |     while (i < TSIZE && (c = getc(index)) != EOF) {
      |     ^
source/function.h:295:11: note: Assuming the condition is true
  295 |       if (c == '#') {
      |           ^~~~~~~~
source/function.h:295:7: note: Taking true branch
  295 |       if (c == '#') {
      |       ^
source/function.h:300:21: note: Assuming this stream operation fails
  300 |         while ((c = getc(index)) != '#')
      |                     ^~~~~~~~~~~
source/function.h:300:9: note: Loop condition is true.  Entering loop body
  300 |         while ((c = getc(index)) != '#')
      |         ^
source/function.h:300:16: note: Assuming the condition is false
  300 |         while ((c = getc(index)) != '#')
      |                ^~~~~~~~~~~~~~~~~~~~~~~~
source/function.h:300:9: note: Loop condition is false. Execution continues on line 302
  300 |         while ((c = getc(index)) != '#')
      |         ^
source/function.h:303:13: note: 'verbose' is 1
  303 |         if (verbose)
      |             ^~~~~~~
source/function.h:303:9: note: Taking true branch
  303 |         if (verbose)
      |         ^
source/function.h:306:14: note: Assuming 'input' is null
  306 |         if ((input = fopen(filename, "r"))) {
      |              ^~~~~
source/function.h:306:9: note: Taking false branch
  306 |         if ((input = fopen(filename, "r"))) {
      |         ^
source/function.h:294:12: note: 'i' is < 'TSIZE'
  294 |     while (i < TSIZE && (c = getc(index)) != EOF) {
      |            ^
source/function.h:294:12: note: Left side of '&&' is true
source/function.h:294:30: note: File position of the stream might be 'indeterminate' after a failed operation. Can cause undefined behavior
  294 |     while (i < TSIZE && (c = getc(index)) != EOF) {
      |                              ^~~~~~~~~~~
source/function.h:294:30: warning: Read function called when stream is in EOF state. Function has no effect [clang-analyzer-unix.Stream]
  294 |     while (i < TSIZE && (c = getc(index)) != EOF) {
      |                              ^
source/smart.c:439:7: note: Assuming 'argc' is not equal to 1
  439 |   if (argc == 1) {
      |       ^~~~~~~~~
source/smart.c:439:3: note: Taking false branch
  439 |   if (argc == 1) {
      |   ^
source/smart.c:443:7: note: Assuming the condition is false
  443 |   if (!strcmp("-h", argv[1])) {
      |       ^~~~~~~~~~~~~~~~~~~~~~
source/smart.c:443:3: note: Taking false branch
  443 |   if (!strcmp("-h", argv[1])) {
      |   ^
source/smart.c:448:10: note: 'par' is < 'argc'
  448 |   while (par < argc) {
      |          ^~~
source/smart.c:448:3: note: Loop condition is true.  Entering loop body
  448 |   while (par < argc) {
      |   ^
source/smart.c:449:9: note: 'par' is < 'argc'
  449 |     if (par < argc && !strcmp("-pset", argv[par])) {
      |         ^~~
source/smart.c:449:9: note: Left side of '&&' is true
source/smart.c:449:23: note: Assuming the condition is false
  449 |     if (par < argc && !strcmp("-pset", argv[par])) {
      |                       ^~~~~~~~~~~~~~~~~~~~~~~~~~~
source/smart.c:449:5: note: Taking false branch
  449 |     if (par < argc && !strcmp("-pset", argv[par])) {
      |     ^
source/smart.c:462:9: note: 'par' is < 'argc'
  462 |     if (par < argc && !strcmp("-alpha", argv[par])) {
      |         ^~~
source/smart.c:462:9: note: Left side of '&&' is true
source/smart.c:462:23: note: Assuming the condition is false
  462 |     if (par < argc && !strcmp("-alpha", argv[par])) {
      |                       ^~~~~~~~~~~~~~~~~~~~~~~~~~~~
source/smart.c:462:5: note: Taking false branch
  462 |     if (par < argc && !strcmp("-alpha", argv[par])) {
      |     ^
source/smart.c:479:9: note: 'par' is < 'argc'
  479 |     if (par < argc && !strcmp("-tsize", argv[par])) {
      |         ^~~
source/smart.c:479:9: note: Left side of '&&' is true
source/smart.c:479:23: note: Assuming the condition is false
  479 |     if (par < argc && !strcmp("-tsize", argv[par])) {
      |                       ^~~~~~~~~~~~~~~~~~~~~~~~~~~~
source/smart.c:479:5: note: Taking false branch
  479 |     if (par < argc && !strcmp("-tsize", argv[par])) {
      |     ^
source/smart.c:493:9: note: 'par' is < 'argc'
  493 |     if (par < argc && !strcmp("-tb", argv[par])) {
      |         ^~~
source/smart.c:493:9: note: Left side of '&&' is true
source/smart.c:493:23: note: Assuming the condition is false
  493 |     if (par < argc && !strcmp("-tb", argv[par])) {
      |                       ^~~~~~~~~~~~~~~~~~~~~~~~~
source/smart.c:493:5: note: Taking false branch
  493 |     if (par < argc && !strcmp("-tb", argv[par])) {
      |     ^
source/smart.c:506:9: note: 'par' is < 'argc'
  506 |     if (par < argc && !strcmp("-text", argv[par])) {
      |         ^~~
source/smart.c:506:9: note: Left side of '&&' is true
source/smart.c:506:23: note: Assuming the condition is false
  506 |     if (par < argc && !strcmp("-text", argv[par])) {
      |                       ^~~~~~~~~~~~~~~~~~~~~~~~~~~
source/smart.c:506:5: note: Taking false branch
  506 |     if (par < argc && !strcmp("-text", argv[par])) {
      |     ^
source/smart.c:514:9: note: 'par' is < 'argc'
  514 |     if (par < argc && !strcmp("-nv", argv[par])) {
      |         ^~~
source/smart.c:514:9: note: Left side of '&&' is true
source/smart.c:514:23: note: Assuming the condition is false
  514 |     if (par < argc && !strcmp("-nv", argv[par])) {
      |                       ^~~~~~~~~~~~~~~~~~~~~~~~~
source/smart.c:514:5: note: Taking false branch
  514 |     if (par < argc && !strcmp("-nv", argv[par])) {
      |     ^
source/smart.c:522:9: note: 'par' is < 'argc'
  522 |     if (par < argc && !strcmp("-plen", argv[par])) {
      |         ^~~
source/smart.c:522:9: note: Left side of '&&' is true
source/smart.c:522:23: note: Assuming the condition is false
  522 |     if (par < argc && !strcmp("-plen", argv[par])) {
      |                       ^~~~~~~~~~~~~~~~~~~~~~~~~~~
source/smart.c:522:5: note: Taking false branch
  522 |     if (par < argc && !strcmp("-plen", argv[par])) {
      |     ^
source/smart.c:580:9: note: 'par' is < 'argc'
  580 |     if (par < argc && !strcmp("-simple", argv[par])) {
      |         ^~~
source/smart.c:580:9: note: Left side of '&&' is true
source/smart.c:580:23: note: Assuming the condition is false
  580 |     if (par < argc && !strcmp("-simple", argv[par])) {
      |                       ^~~~~~~~~~~~~~~~~~~~~~~~~~~~~
source/smart.c:580:5: note: Taking false branch
  580 |     if (par < argc && !strcmp("-simple", argv[par])) {
      |     ^
source/smart.c:603:9: note: 'par' is < 'argc'
  603 |     if (par < argc && !strcmp("-occ", argv[par])) {
      |         ^~~
source/smart.c:603:9: note: Left side of '&&' is true
source/smart.c:603:23: note: Assuming the condition is false
  603 |     if (par < argc && !strcmp("-occ", argv[par])) {
      |                       ^~~~~~~~~~~~~~~~~~~~~~~~~~
source/smart.c:603:5: note: Taking false branch
  603 |     if (par < argc && !strcmp("-occ", argv[par])) {
      |     ^
source/smart.c:607:9: note: 'par' is < 'argc'
  607 |     if (par < argc && !strcmp("-pre", argv[par])) {
      |         ^~~
source/smart.c:607:9: note: Left side of '&&' is true
source/smart.c:607:23: note: Assuming the condition is false
  607 |     if (par < argc && !strcmp("-pre", argv[par])) {
      |                       ^~~~~~~~~~~~~~~~~~~~~~~~~~
source/smart.c:607:5: note: Taking false branch
  607 |     if (par < argc && !strcmp("-pre", argv[par])) {
      |     ^
source/smart.c:611:9: note: 'par' is < 'argc'
  611 |     if (par < argc && !strcmp("-dif", argv[par])) {
      |         ^~~
source/smart.c:611:9: note: Left side of '&&' is true
source/smart.c:611:23: note: Assuming the condition is false
  611 |     if (par < argc && !strcmp("-dif", argv[par])) {
      |                       ^~~~~~~~~~~~~~~~~~~~~~~~~~
source/smart.c:611:5: note: Taking false branch
  611 |     if (par < argc && !strcmp("-dif", argv[par])) {
      |     ^
source/smart.c:615:9: note: 'par' is < 'argc'
  615 |     if (par < argc && !strcmp("-txt", argv[par])) {
      |         ^~~
source/smart.c:615:9: note: Left side of '&&' is true
source/smart.c:615:23: note: Assuming the condition is false
  615 |     if (par < argc && !strcmp("-txt", argv[par])) {
      |                       ^~~~~~~~~~~~~~~~~~~~~~~~~~
source/smart.c:615:5: note: Taking false branch
  615 |     if (par < argc && !strcmp("-txt", argv[par])) {
      |     ^
source/smart.c:619:9: note: 'par' is < 'argc'
  619 |     if (par < argc && !strcmp("-std", argv[par])) {
      |         ^~~
source/smart.c:619:9: note: Left side of '&&' is true
source/smart.c:619:23: note: Assuming the condition is false
  619 |     if (par < argc && !strcmp("-std", argv[par])) {
      |                       ^~~~~~~~~~~~~~~~~~~~~~~~~~
source/smart.c:619:5: note: Taking false branch
  619 |     if (par < argc && !strcmp("-std", argv[par])) {
      |     ^
source/smart.c:623:9: note: 'par' is < 'argc'
  623 |     if (par < argc && !strcmp("-all", argv[par])) {
      |         ^~~
source/smart.c:623:9: note: Left side of '&&' is true
source/smart.c:623:23: note: Assuming the condition is false
  623 |     if (par < argc && !strcmp("-all", argv[par])) {
      |                       ^~~~~~~~~~~~~~~~~~~~~~~~~~
source/smart.c:623:5: note: Taking false branch
  623 |     if (par < argc && !strcmp("-all", argv[par])) {
      |     ^
source/smart.c:627:9: note: 'par' is < 'argc'
  627 |     if (par < argc && !strcmp("-tex", argv[par])) {
      |         ^~~
source/smart.c:627:9: note: Left side of '&&' is true
source/smart.c:627:23: note: Assuming the condition is false
  627 |     if (par < argc && !strcmp("-tex", argv[par])) {
      |                       ^~~~~~~~~~~~~~~~~~~~~~~~~~
source/smart.c:627:5: note: Taking false branch
  627 |     if (par < argc && !strcmp("-tex", argv[par])) {
      |     ^
source/smart.c:631:9: note: 'par' is < 'argc'
  631 |     if (par < argc && !strcmp("-php", argv[par])) {
      |         ^~~
source/smart.c:631:9: note: Left side of '&&' is true
source/smart.c:631:23: note: Assuming the condition is false
  631 |     if (par < argc && !strcmp("-php", argv[par])) {
      |                       ^~~~~~~~~~~~~~~~~~~~~~~~~~
source/smart.c:631:5: note: Taking false branch
  631 |     if (par < argc && !strcmp("-php", argv[par])) {
      |     ^
source/smart.c:635:9: note: 'par' is < 'argc'
  635 |     if (par < argc && !strcmp("-short", argv[par])) {
      |         ^~~
source/smart.c:635:9: note: Left side of '&&' is true
source/smart.c:635:5: note: Taking true branch
  635 |     if (par < argc && !strcmp("-short", argv[par])) {
      |     ^
source/smart.c:639:9: note: Assuming 'par' is >= 'argc'
  639 |     if (par < argc && !strcmp("-vshort", argv[par])) {
      |         ^~~~~~~~~~
source/smart.c:639:20: note: Left side of '&&' is false
  639 |     if (par < argc && !strcmp("-vshort", argv[par])) {
      |                    ^
source/smart.c:643:9: note: 'par' is >= 'argc'
  643 |     if (par < argc && strcmp("-text", argv[par]) != 0 &&
      |         ^~~
source/smart.c:643:20: note: Left side of '&&' is false
  643 |     if (par < argc && strcmp("-text", argv[par]) != 0 &&
      |                    ^
source/smart.c:448:3: note: Loop condition is false. Execution continues on line 656
  448 |   while (par < argc) {
      |   ^
source/smart.c:656:7: note: Assuming the condition is false
  656 |   if (strcmp(filename, "") && options.simple) {
      |       ^~~~~~~~~~~~~~~~~~~~
source/smart.c:656:28: note: Left side of '&&' is false
  656 |   if (strcmp(filename, "") && options.simple) {
      |                            ^
source/smart.c:661:7: note: Assuming the condition is false
  661 |   if (!strcmp(filename, "") && !options.simple) {
      |       ^~~~~~~~~~~~~~~~~~~~~
source/smart.c:661:29: note: Left side of '&&' is false
  661 |   if (!strcmp(filename, "") && !options.simple) {
      |                             ^
source/smart.c:673:7: note: Assuming field 'simple' is 0
  673 |   if (options.simple) {
      |       ^~~~~~~~~~~~~~
source/smart.c:673:3: note: Taking false branch
  673 |   if (options.simple) {
      |   ^
source/smart.c:703:14: note: Assuming the condition is true
  703 |   } else if (strcmp(filename, "all") != 0) {
      |              ^~~~~~~~~~~~~~~~~~~~~~~~~~~~
source/smart.c:703:10: note: Taking true branch
  703 |   } else if (strcmp(filename, "all") != 0) {
      |          ^
source/smart.c:705:9: note: Assuming the condition is false
  705 |     if (system("./logo"))
      |         ^~~~~~~~~~~~~~~~
source/smart.c:705:5: note: Taking false branch
  705 |     if (system("./logo"))
      |     ^
source/smart.c:715:21: note: Assuming 'k' is < 'num_buffers'
  715 |     for (int k = 0; k < num_buffers; k++) {
      |                     ^~~~~~~~~~~~~~~
source/smart.c:715:5: note: Loop condition is true.  Entering loop body
  715 |     for (int k = 0; k < num_buffers; k++) {
      |     ^
source/smart.c:721:17: note: Calling 'getText'
  721 |       if (!(n = getText(T, fullpath, FREQ, TSIZE, verbose))) {
      |                 ^~~~~~~~~~~~~~~~~~~~~~~~~~~~~~~~~~~~~~~~~~
source/function.h:292:8: note: Assuming 'index' is non-null
  292 |   if ((index = fopen(indexfilename, "r"))) {
      |        ^~~~~
source/function.h:292:3: note: Taking true branch
  292 |   if ((index = fopen(indexfilename, "r"))) {
      |   ^
source/function.h:294:12: note: 'i' is < 'TSIZE'
  294 |     while (i < TSIZE && (c = getc(index)) != EOF) {
      |            ^
source/function.h:294:12: note: Left side of '&&' is true
source/function.h:294:5: note: Loop condition is true.  Entering loop body
  294 |     while (i < TSIZE && (c = getc(index)) != EOF) {
      |     ^
source/function.h:295:11: note: Assuming the condition is true
  295 |       if (c == '#') {
      |           ^~~~~~~~
source/function.h:295:7: note: Taking true branch
  295 |       if (c == '#') {
      |       ^
source/function.h:300:21: note: Assuming stream reaches end-of-file here
  300 |         while ((c = getc(index)) != '#')
      |                     ^~~~~~~~~~~
source/function.h:300:9: note: Loop condition is true.  Entering loop body
  300 |         while ((c = getc(index)) != '#')
      |         ^
source/function.h:300:16: note: Assuming the condition is false
  300 |         while ((c = getc(index)) != '#')
      |                ^~~~~~~~~~~~~~~~~~~~~~~~
source/function.h:300:9: note: Loop condition is false. Execution continues on line 302
  300 |         while ((c = getc(index)) != '#')
      |         ^
source/function.h:303:13: note: 'verbose' is 1
  303 |         if (verbose)
      |             ^~~~~~~
source/function.h:303:9: note: Taking true branch
  303 |         if (verbose)
      |         ^
source/function.h:306:14: note: Assuming 'input' is null
  306 |         if ((input = fopen(filename, "r"))) {
      |              ^~~~~
source/function.h:306:9: note: Taking false branch
  306 |         if ((input = fopen(filename, "r"))) {
      |         ^
source/function.h:294:12: note: 'i' is < 'TSIZE'
  294 |     while (i < TSIZE && (c = getc(index)) != EOF) {
      |            ^
source/function.h:294:12: note: Left side of '&&' is true
source/function.h:294:30: note: Read function called when stream is in EOF state. Function has no effect
  294 |     while (i < TSIZE && (c = getc(index)) != EOF) {
      |                              ^~~~~~~~~~~
source/function.h:300:21: warning: File position of the stream might be 'indeterminate' after a failed operation. Can cause undefined behavior [clang-analyzer-unix.Stream]
  300 |         while ((c = getc(index)) != '#')
      |                     ^
source/smart.c:439:7: note: Assuming 'argc' is not equal to 1
  439 |   if (argc == 1) {
      |       ^~~~~~~~~
source/smart.c:439:3: note: Taking false branch
  439 |   if (argc == 1) {
      |   ^
source/smart.c:443:7: note: Assuming the condition is false
  443 |   if (!strcmp("-h", argv[1])) {
      |       ^~~~~~~~~~~~~~~~~~~~~~
source/smart.c:443:3: note: Taking false branch
  443 |   if (!strcmp("-h", argv[1])) {
      |   ^
source/smart.c:448:10: note: 'par' is < 'argc'
  448 |   while (par < argc) {
      |          ^~~
source/smart.c:448:3: note: Loop condition is true.  Entering loop body
  448 |   while (par < argc) {
      |   ^
source/smart.c:449:9: note: 'par' is < 'argc'
  449 |     if (par < argc && !strcmp("-pset", argv[par])) {
      |         ^~~
source/smart.c:449:9: note: Left side of '&&' is true
source/smart.c:449:23: note: Assuming the condition is false
  449 |     if (par < argc && !strcmp("-pset", argv[par])) {
      |                       ^~~~~~~~~~~~~~~~~~~~~~~~~~~
source/smart.c:449:5: note: Taking false branch
  449 |     if (par < argc && !strcmp("-pset", argv[par])) {
      |     ^
source/smart.c:462:9: note: 'par' is < 'argc'
  462 |     if (par < argc && !strcmp("-alpha", argv[par])) {
      |         ^~~
source/smart.c:462:9: note: Left side of '&&' is true
source/smart.c:462:23: note: Assuming the condition is false
  462 |     if (par < argc && !strcmp("-alpha", argv[par])) {
      |                       ^~~~~~~~~~~~~~~~~~~~~~~~~~~~
source/smart.c:462:5: note: Taking false branch
  462 |     if (par < argc && !strcmp("-alpha", argv[par])) {
      |     ^
source/smart.c:479:9: note: 'par' is < 'argc'
  479 |     if (par < argc && !strcmp("-tsize", argv[par])) {
      |         ^~~
source/smart.c:479:9: note: Left side of '&&' is true
source/smart.c:479:23: note: Assuming the condition is false
  479 |     if (par < argc && !strcmp("-tsize", argv[par])) {
      |                       ^~~~~~~~~~~~~~~~~~~~~~~~~~~~
source/smart.c:479:5: note: Taking false branch
  479 |     if (par < argc && !strcmp("-tsize", argv[par])) {
      |     ^
source/smart.c:493:9: note: 'par' is < 'argc'
  493 |     if (par < argc && !strcmp("-tb", argv[par])) {
      |         ^~~
source/smart.c:493:9: note: Left side of '&&' is true
source/smart.c:493:23: note: Assuming the condition is false
  493 |     if (par < argc && !strcmp("-tb", argv[par])) {
      |                       ^~~~~~~~~~~~~~~~~~~~~~~~~
source/smart.c:493:5: note: Taking false branch
  493 |     if (par < argc && !strcmp("-tb", argv[par])) {
      |     ^
source/smart.c:506:9: note: 'par' is < 'argc'
  506 |     if (par < argc && !strcmp("-text", argv[par])) {
      |         ^~~
source/smart.c:506:9: note: Left side of '&&' is true
source/smart.c:506:23: note: Assuming the condition is false
  506 |     if (par < argc && !strcmp("-text", argv[par])) {
      |                       ^~~~~~~~~~~~~~~~~~~~~~~~~~~
source/smart.c:506:5: note: Taking false branch
  506 |     if (par < argc && !strcmp("-text", argv[par])) {
      |     ^
source/smart.c:514:9: note: 'par' is < 'argc'
  514 |     if (par < argc && !strcmp("-nv", argv[par])) {
      |         ^~~
source/smart.c:514:9: note: Left side of '&&' is true
source/smart.c:514:23: note: Assuming the condition is false
  514 |     if (par < argc && !strcmp("-nv", argv[par])) {
      |                       ^~~~~~~~~~~~~~~~~~~~~~~~~
source/smart.c:514:5: note: Taking false branch
  514 |     if (par < argc && !strcmp("-nv", argv[par])) {
      |     ^
source/smart.c:522:9: note: 'par' is < 'argc'
  522 |     if (par < argc && !strcmp("-plen", argv[par])) {
      |         ^~~
source/smart.c:522:9: note: Left side of '&&' is true
source/smart.c:522:23: note: Assuming the condition is false
  522 |     if (par < argc && !strcmp("-plen", argv[par])) {
      |                       ^~~~~~~~~~~~~~~~~~~~~~~~~~~
source/smart.c:522:5: note: Taking false branch
  522 |     if (par < argc && !strcmp("-plen", argv[par])) {
      |     ^
source/smart.c:580:9: note: 'par' is < 'argc'
  580 |     if (par < argc && !strcmp("-simple", argv[par])) {
      |         ^~~
source/smart.c:580:9: note: Left side of '&&' is true
source/smart.c:580:23: note: Assuming the condition is false
  580 |     if (par < argc && !strcmp("-simple", argv[par])) {
      |                       ^~~~~~~~~~~~~~~~~~~~~~~~~~~~~
source/smart.c:580:5: note: Taking false branch
  580 |     if (par < argc && !strcmp("-simple", argv[par])) {
      |     ^
source/smart.c:603:9: note: 'par' is < 'argc'
  603 |     if (par < argc && !strcmp("-occ", argv[par])) {
      |         ^~~
source/smart.c:603:9: note: Left side of '&&' is true
source/smart.c:603:23: note: Assuming the condition is false
  603 |     if (par < argc && !strcmp("-occ", argv[par])) {
      |                       ^~~~~~~~~~~~~~~~~~~~~~~~~~
source/smart.c:603:5: note: Taking false branch
  603 |     if (par < argc && !strcmp("-occ", argv[par])) {
      |     ^
source/smart.c:607:9: note: 'par' is < 'argc'
  607 |     if (par < argc && !strcmp("-pre", argv[par])) {
      |         ^~~
source/smart.c:607:9: note: Left side of '&&' is true
source/smart.c:607:23: note: Assuming the condition is false
  607 |     if (par < argc && !strcmp("-pre", argv[par])) {
      |                       ^~~~~~~~~~~~~~~~~~~~~~~~~~
source/smart.c:607:5: note: Taking false branch
  607 |     if (par < argc && !strcmp("-pre", argv[par])) {
      |     ^
source/smart.c:611:9: note: 'par' is < 'argc'
  611 |     if (par < argc && !strcmp("-dif", argv[par])) {
      |         ^~~
source/smart.c:611:9: note: Left side of '&&' is true
source/smart.c:611:23: note: Assuming the condition is false
  611 |     if (par < argc && !strcmp("-dif", argv[par])) {
      |                       ^~~~~~~~~~~~~~~~~~~~~~~~~~
source/smart.c:611:5: note: Taking false branch
  611 |     if (par < argc && !strcmp("-dif", argv[par])) {
      |     ^
source/smart.c:615:9: note: 'par' is < 'argc'
  615 |     if (par < argc && !strcmp("-txt", argv[par])) {
      |         ^~~
source/smart.c:615:9: note: Left side of '&&' is true
source/smart.c:615:23: note: Assuming the condition is false
  615 |     if (par < argc && !strcmp("-txt", argv[par])) {
      |                       ^~~~~~~~~~~~~~~~~~~~~~~~~~
source/smart.c:615:5: note: Taking false branch
  615 |     if (par < argc && !strcmp("-txt", argv[par])) {
      |     ^
source/smart.c:619:9: note: 'par' is < 'argc'
  619 |     if (par < argc && !strcmp("-std", argv[par])) {
      |         ^~~
source/smart.c:619:9: note: Left side of '&&' is true
source/smart.c:619:23: note: Assuming the condition is false
  619 |     if (par < argc && !strcmp("-std", argv[par])) {
      |                       ^~~~~~~~~~~~~~~~~~~~~~~~~~
source/smart.c:619:5: note: Taking false branch
  619 |     if (par < argc && !strcmp("-std", argv[par])) {
      |     ^
source/smart.c:623:9: note: 'par' is < 'argc'
  623 |     if (par < argc && !strcmp("-all", argv[par])) {
      |         ^~~
source/smart.c:623:9: note: Left side of '&&' is true
source/smart.c:623:23: note: Assuming the condition is false
  623 |     if (par < argc && !strcmp("-all", argv[par])) {
      |                       ^~~~~~~~~~~~~~~~~~~~~~~~~~
source/smart.c:623:5: note: Taking false branch
  623 |     if (par < argc && !strcmp("-all", argv[par])) {
      |     ^
source/smart.c:627:9: note: 'par' is < 'argc'
  627 |     if (par < argc && !strcmp("-tex", argv[par])) {
      |         ^~~
source/smart.c:627:9: note: Left side of '&&' is true
source/smart.c:627:23: note: Assuming the condition is false
  627 |     if (par < argc && !strcmp("-tex", argv[par])) {
      |                       ^~~~~~~~~~~~~~~~~~~~~~~~~~
source/smart.c:627:5: note: Taking false branch
  627 |     if (par < argc && !strcmp("-tex", argv[par])) {
      |     ^
source/smart.c:631:9: note: 'par' is < 'argc'
  631 |     if (par < argc && !strcmp("-php", argv[par])) {
      |         ^~~
source/smart.c:631:9: note: Left side of '&&' is true
source/smart.c:631:23: note: Assuming the condition is false
  631 |     if (par < argc && !strcmp("-php", argv[par])) {
      |                       ^~~~~~~~~~~~~~~~~~~~~~~~~~
source/smart.c:631:5: note: Taking false branch
  631 |     if (par < argc && !strcmp("-php", argv[par])) {
      |     ^
source/smart.c:635:9: note: 'par' is < 'argc'
  635 |     if (par < argc && !strcmp("-short", argv[par])) {
      |         ^~~
source/smart.c:635:9: note: Left side of '&&' is true
source/smart.c:635:5: note: Taking true branch
  635 |     if (par < argc && !strcmp("-short", argv[par])) {
      |     ^
source/smart.c:639:9: note: Assuming 'par' is >= 'argc'
  639 |     if (par < argc && !strcmp("-vshort", argv[par])) {
      |         ^~~~~~~~~~
source/smart.c:639:20: note: Left side of '&&' is false
  639 |     if (par < argc && !strcmp("-vshort", argv[par])) {
      |                    ^
source/smart.c:643:9: note: 'par' is >= 'argc'
  643 |     if (par < argc && strcmp("-text", argv[par]) != 0 &&
      |         ^~~
source/smart.c:643:20: note: Left side of '&&' is false
  643 |     if (par < argc && strcmp("-text", argv[par]) != 0 &&
      |                    ^
source/smart.c:448:3: note: Loop condition is false. Execution continues on line 656
  448 |   while (par < argc) {
      |   ^
source/smart.c:656:7: note: Assuming the condition is false
  656 |   if (strcmp(filename, "") && options.simple) {
      |       ^~~~~~~~~~~~~~~~~~~~
source/smart.c:656:28: note: Left side of '&&' is false
  656 |   if (strcmp(filename, "") && options.simple) {
      |                            ^
source/smart.c:661:7: note: Assuming the condition is false
  661 |   if (!strcmp(filename, "") && !options.simple) {
      |       ^~~~~~~~~~~~~~~~~~~~~
source/smart.c:661:29: note: Left side of '&&' is false
  661 |   if (!strcmp(filename, "") && !options.simple) {
      |                             ^
source/smart.c:673:7: note: Assuming field 'simple' is 0
  673 |   if (options.simple) {
      |       ^~~~~~~~~~~~~~
source/smart.c:673:3: note: Taking false branch
  673 |   if (options.simple) {
      |   ^
source/smart.c:703:14: note: Assuming the condition is true
  703 |   } else if (strcmp(filename, "all") != 0) {
      |              ^~~~~~~~~~~~~~~~~~~~~~~~~~~~
source/smart.c:703:10: note: Taking true branch
  703 |   } else if (strcmp(filename, "all") != 0) {
      |          ^
source/smart.c:705:9: note: Assuming the condition is false
  705 |     if (system("./logo"))
      |         ^~~~~~~~~~~~~~~~
source/smart.c:705:5: note: Taking false branch
  705 |     if (system("./logo"))
      |     ^
source/smart.c:715:21: note: Assuming 'k' is < 'num_buffers'
  715 |     for (int k = 0; k < num_buffers; k++) {
      |                     ^~~~~~~~~~~~~~~
source/smart.c:715:5: note: Loop condition is true.  Entering loop body
  715 |     for (int k = 0; k < num_buffers; k++) {
      |     ^
source/smart.c:721:17: note: Calling 'getText'
  721 |       if (!(n = getText(T, fullpath, FREQ, TSIZE, verbose))) {
      |                 ^~~~~~~~~~~~~~~~~~~~~~~~~~~~~~~~~~~~~~~~~~
source/function.h:292:8: note: Assuming 'index' is non-null
  292 |   if ((index = fopen(indexfilename, "r"))) {
      |        ^~~~~
source/function.h:292:3: note: Taking true branch
  292 |   if ((index = fopen(indexfilename, "r"))) {
      |   ^
source/function.h:294:12: note: 'i' is < 'TSIZE'
  294 |     while (i < TSIZE && (c = getc(index)) != EOF) {
      |            ^
source/function.h:294:12: note: Left side of '&&' is true
source/function.h:294:5: note: Loop condition is true.  Entering loop body
  294 |     while (i < TSIZE && (c = getc(index)) != EOF) {
      |     ^
source/function.h:295:11: note: Assuming the condition is true
  295 |       if (c == '#') {
      |           ^~~~~~~~
source/function.h:295:7: note: Taking true branch
  295 |       if (c == '#') {
      |       ^
source/function.h:300:21: note: Assuming this stream operation fails
  300 |         while ((c = getc(index)) != '#')
      |                     ^~~~~~~~~~~
source/function.h:300:9: note: Loop condition is true.  Entering loop body
  300 |         while ((c = getc(index)) != '#')
      |         ^
source/function.h:300:21: note: File position of the stream might be 'indeterminate' after a failed operation. Can cause undefined behavior
  300 |         while ((c = getc(index)) != '#')
      |                     ^~~~~~~~~~~
source/function.h:300:21: warning: Read function called when stream is in EOF state. Function has no effect [clang-analyzer-unix.Stream]
  300 |         while ((c = getc(index)) != '#')
      |                     ^
source/smart.c:439:7: note: Assuming 'argc' is not equal to 1
  439 |   if (argc == 1) {
      |       ^~~~~~~~~
source/smart.c:439:3: note: Taking false branch
  439 |   if (argc == 1) {
      |   ^
source/smart.c:443:7: note: Assuming the condition is false
  443 |   if (!strcmp("-h", argv[1])) {
      |       ^~~~~~~~~~~~~~~~~~~~~~
source/smart.c:443:3: note: Taking false branch
  443 |   if (!strcmp("-h", argv[1])) {
      |   ^
source/smart.c:448:10: note: 'par' is < 'argc'
  448 |   while (par < argc) {
      |          ^~~
source/smart.c:448:3: note: Loop condition is true.  Entering loop body
  448 |   while (par < argc) {
      |   ^
source/smart.c:449:9: note: 'par' is < 'argc'
  449 |     if (par < argc && !strcmp("-pset", argv[par])) {
      |         ^~~
source/smart.c:449:9: note: Left side of '&&' is true
source/smart.c:449:23: note: Assuming the condition is false
  449 |     if (par < argc && !strcmp("-pset", argv[par])) {
      |                       ^~~~~~~~~~~~~~~~~~~~~~~~~~~
source/smart.c:449:5: note: Taking false branch
  449 |     if (par < argc && !strcmp("-pset", argv[par])) {
      |     ^
source/smart.c:462:9: note: 'par' is < 'argc'
  462 |     if (par < argc && !strcmp("-alpha", argv[par])) {
      |         ^~~
source/smart.c:462:9: note: Left side of '&&' is true
source/smart.c:462:23: note: Assuming the condition is false
  462 |     if (par < argc && !strcmp("-alpha", argv[par])) {
      |                       ^~~~~~~~~~~~~~~~~~~~~~~~~~~~
source/smart.c:462:5: note: Taking false branch
  462 |     if (par < argc && !strcmp("-alpha", argv[par])) {
      |     ^
source/smart.c:479:9: note: 'par' is < 'argc'
  479 |     if (par < argc && !strcmp("-tsize", argv[par])) {
      |         ^~~
source/smart.c:479:9: note: Left side of '&&' is true
source/smart.c:479:23: note: Assuming the condition is false
  479 |     if (par < argc && !strcmp("-tsize", argv[par])) {
      |                       ^~~~~~~~~~~~~~~~~~~~~~~~~~~~
source/smart.c:479:5: note: Taking false branch
  479 |     if (par < argc && !strcmp("-tsize", argv[par])) {
      |     ^
source/smart.c:493:9: note: 'par' is < 'argc'
  493 |     if (par < argc && !strcmp("-tb", argv[par])) {
      |         ^~~
source/smart.c:493:9: note: Left side of '&&' is true
source/smart.c:493:23: note: Assuming the condition is false
  493 |     if (par < argc && !strcmp("-tb", argv[par])) {
      |                       ^~~~~~~~~~~~~~~~~~~~~~~~~
source/smart.c:493:5: note: Taking false branch
  493 |     if (par < argc && !strcmp("-tb", argv[par])) {
      |     ^
source/smart.c:506:9: note: 'par' is < 'argc'
  506 |     if (par < argc && !strcmp("-text", argv[par])) {
      |         ^~~
source/smart.c:506:9: note: Left side of '&&' is true
source/smart.c:506:23: note: Assuming the condition is false
  506 |     if (par < argc && !strcmp("-text", argv[par])) {
      |                       ^~~~~~~~~~~~~~~~~~~~~~~~~~~
source/smart.c:506:5: note: Taking false branch
  506 |     if (par < argc && !strcmp("-text", argv[par])) {
      |     ^
source/smart.c:514:9: note: 'par' is < 'argc'
  514 |     if (par < argc && !strcmp("-nv", argv[par])) {
      |         ^~~
source/smart.c:514:9: note: Left side of '&&' is true
source/smart.c:514:23: note: Assuming the condition is false
  514 |     if (par < argc && !strcmp("-nv", argv[par])) {
      |                       ^~~~~~~~~~~~~~~~~~~~~~~~~
source/smart.c:514:5: note: Taking false branch
  514 |     if (par < argc && !strcmp("-nv", argv[par])) {
      |     ^
source/smart.c:522:9: note: 'par' is < 'argc'
  522 |     if (par < argc && !strcmp("-plen", argv[par])) {
      |         ^~~
source/smart.c:522:9: note: Left side of '&&' is true
source/smart.c:522:23: note: Assuming the condition is false
  522 |     if (par < argc && !strcmp("-plen", argv[par])) {
      |                       ^~~~~~~~~~~~~~~~~~~~~~~~~~~
source/smart.c:522:5: note: Taking false branch
  522 |     if (par < argc && !strcmp("-plen", argv[par])) {
      |     ^
source/smart.c:580:9: note: 'par' is < 'argc'
  580 |     if (par < argc && !strcmp("-simple", argv[par])) {
      |         ^~~
source/smart.c:580:9: note: Left side of '&&' is true
source/smart.c:580:23: note: Assuming the condition is false
  580 |     if (par < argc && !strcmp("-simple", argv[par])) {
      |                       ^~~~~~~~~~~~~~~~~~~~~~~~~~~~~
source/smart.c:580:5: note: Taking false branch
  580 |     if (par < argc && !strcmp("-simple", argv[par])) {
      |     ^
source/smart.c:603:9: note: 'par' is < 'argc'
  603 |     if (par < argc && !strcmp("-occ", argv[par])) {
      |         ^~~
source/smart.c:603:9: note: Left side of '&&' is true
source/smart.c:603:23: note: Assuming the condition is false
  603 |     if (par < argc && !strcmp("-occ", argv[par])) {
      |                       ^~~~~~~~~~~~~~~~~~~~~~~~~~
source/smart.c:603:5: note: Taking false branch
  603 |     if (par < argc && !strcmp("-occ", argv[par])) {
      |     ^
source/smart.c:607:9: note: 'par' is < 'argc'
  607 |     if (par < argc && !strcmp("-pre", argv[par])) {
      |         ^~~
source/smart.c:607:9: note: Left side of '&&' is true
source/smart.c:607:23: note: Assuming the condition is false
  607 |     if (par < argc && !strcmp("-pre", argv[par])) {
      |                       ^~~~~~~~~~~~~~~~~~~~~~~~~~
source/smart.c:607:5: note: Taking false branch
  607 |     if (par < argc && !strcmp("-pre", argv[par])) {
      |     ^
source/smart.c:611:9: note: 'par' is < 'argc'
  611 |     if (par < argc && !strcmp("-dif", argv[par])) {
      |         ^~~
source/smart.c:611:9: note: Left side of '&&' is true
source/smart.c:611:23: note: Assuming the condition is false
  611 |     if (par < argc && !strcmp("-dif", argv[par])) {
      |                       ^~~~~~~~~~~~~~~~~~~~~~~~~~
source/smart.c:611:5: note: Taking false branch
  611 |     if (par < argc && !strcmp("-dif", argv[par])) {
      |     ^
source/smart.c:615:9: note: 'par' is < 'argc'
  615 |     if (par < argc && !strcmp("-txt", argv[par])) {
      |         ^~~
source/smart.c:615:9: note: Left side of '&&' is true
source/smart.c:615:23: note: Assuming the condition is false
  615 |     if (par < argc && !strcmp("-txt", argv[par])) {
      |                       ^~~~~~~~~~~~~~~~~~~~~~~~~~
source/smart.c:615:5: note: Taking false branch
  615 |     if (par < argc && !strcmp("-txt", argv[par])) {
      |     ^
source/smart.c:619:9: note: 'par' is < 'argc'
  619 |     if (par < argc && !strcmp("-std", argv[par])) {
      |         ^~~
source/smart.c:619:9: note: Left side of '&&' is true
source/smart.c:619:23: note: Assuming the condition is false
  619 |     if (par < argc && !strcmp("-std", argv[par])) {
      |                       ^~~~~~~~~~~~~~~~~~~~~~~~~~
source/smart.c:619:5: note: Taking false branch
  619 |     if (par < argc && !strcmp("-std", argv[par])) {
      |     ^
source/smart.c:623:9: note: 'par' is < 'argc'
  623 |     if (par < argc && !strcmp("-all", argv[par])) {
      |         ^~~
source/smart.c:623:9: note: Left side of '&&' is true
source/smart.c:623:23: note: Assuming the condition is false
  623 |     if (par < argc && !strcmp("-all", argv[par])) {
      |                       ^~~~~~~~~~~~~~~~~~~~~~~~~~
source/smart.c:623:5: note: Taking false branch
  623 |     if (par < argc && !strcmp("-all", argv[par])) {
      |     ^
source/smart.c:627:9: note: 'par' is < 'argc'
  627 |     if (par < argc && !strcmp("-tex", argv[par])) {
      |         ^~~
source/smart.c:627:9: note: Left side of '&&' is true
source/smart.c:627:23: note: Assuming the condition is false
  627 |     if (par < argc && !strcmp("-tex", argv[par])) {
      |                       ^~~~~~~~~~~~~~~~~~~~~~~~~~
source/smart.c:627:5: note: Taking false branch
  627 |     if (par < argc && !strcmp("-tex", argv[par])) {
      |     ^
source/smart.c:631:9: note: 'par' is < 'argc'
  631 |     if (par < argc && !strcmp("-php", argv[par])) {
      |         ^~~
source/smart.c:631:9: note: Left side of '&&' is true
source/smart.c:631:23: note: Assuming the condition is false
  631 |     if (par < argc && !strcmp("-php", argv[par])) {
      |                       ^~~~~~~~~~~~~~~~~~~~~~~~~~
source/smart.c:631:5: note: Taking false branch
  631 |     if (par < argc && !strcmp("-php", argv[par])) {
      |     ^
source/smart.c:635:9: note: 'par' is < 'argc'
  635 |     if (par < argc && !strcmp("-short", argv[par])) {
      |         ^~~
source/smart.c:635:9: note: Left side of '&&' is true
source/smart.c:635:5: note: Taking true branch
  635 |     if (par < argc && !strcmp("-short", argv[par])) {
      |     ^
source/smart.c:639:9: note: Assuming 'par' is >= 'argc'
  639 |     if (par < argc && !strcmp("-vshort", argv[par])) {
      |         ^~~~~~~~~~
source/smart.c:639:20: note: Left side of '&&' is false
  639 |     if (par < argc && !strcmp("-vshort", argv[par])) {
      |                    ^
source/smart.c:643:9: note: 'par' is >= 'argc'
  643 |     if (par < argc && strcmp("-text", argv[par]) != 0 &&
      |         ^~~
source/smart.c:643:20: note: Left side of '&&' is false
  643 |     if (par < argc && strcmp("-text", argv[par]) != 0 &&
      |                    ^
source/smart.c:448:3: note: Loop condition is false. Execution continues on line 656
  448 |   while (par < argc) {
      |   ^
source/smart.c:656:7: note: Assuming the condition is false
  656 |   if (strcmp(filename, "") && options.simple) {
      |       ^~~~~~~~~~~~~~~~~~~~
source/smart.c:656:28: note: Left side of '&&' is false
  656 |   if (strcmp(filename, "") && options.simple) {
      |                            ^
source/smart.c:661:7: note: Assuming the condition is false
  661 |   if (!strcmp(filename, "") && !options.simple) {
      |       ^~~~~~~~~~~~~~~~~~~~~
source/smart.c:661:29: note: Left side of '&&' is false
  661 |   if (!strcmp(filename, "") && !options.simple) {
      |                             ^
source/smart.c:673:7: note: Assuming field 'simple' is 0
  673 |   if (options.simple) {
      |       ^~~~~~~~~~~~~~
source/smart.c:673:3: note: Taking false branch
  673 |   if (options.simple) {
      |   ^
source/smart.c:703:14: note: Assuming the condition is true
  703 |   } else if (strcmp(filename, "all") != 0) {
      |              ^~~~~~~~~~~~~~~~~~~~~~~~~~~~
source/smart.c:703:10: note: Taking true branch
  703 |   } else if (strcmp(filename, "all") != 0) {
      |          ^
source/smart.c:705:9: note: Assuming the condition is false
  705 |     if (system("./logo"))
      |         ^~~~~~~~~~~~~~~~
source/smart.c:705:5: note: Taking false branch
  705 |     if (system("./logo"))
      |     ^
source/smart.c:715:21: note: Assuming 'k' is < 'num_buffers'
  715 |     for (int k = 0; k < num_buffers; k++) {
      |                     ^~~~~~~~~~~~~~~
source/smart.c:715:5: note: Loop condition is true.  Entering loop body
  715 |     for (int k = 0; k < num_buffers; k++) {
      |     ^
source/smart.c:721:17: note: Calling 'getText'
  721 |       if (!(n = getText(T, fullpath, FREQ, TSIZE, verbose))) {
      |                 ^~~~~~~~~~~~~~~~~~~~~~~~~~~~~~~~~~~~~~~~~~
source/function.h:292:8: note: Assuming 'index' is non-null
  292 |   if ((index = fopen(indexfilename, "r"))) {
      |        ^~~~~
source/function.h:292:3: note: Taking true branch
  292 |   if ((index = fopen(indexfilename, "r"))) {
      |   ^
source/function.h:294:12: note: 'i' is < 'TSIZE'
  294 |     while (i < TSIZE && (c = getc(index)) != EOF) {
      |            ^
source/function.h:294:12: note: Left side of '&&' is true
source/function.h:294:5: note: Loop condition is true.  Entering loop body
  294 |     while (i < TSIZE && (c = getc(index)) != EOF) {
      |     ^
source/function.h:295:11: note: Assuming the condition is true
  295 |       if (c == '#') {
      |           ^~~~~~~~
source/function.h:295:7: note: Taking true branch
  295 |       if (c == '#') {
      |       ^
source/function.h:300:21: note: Assuming stream reaches end-of-file here
  300 |         while ((c = getc(index)) != '#')
      |                     ^~~~~~~~~~~
source/function.h:300:9: note: Loop condition is true.  Entering loop body
  300 |         while ((c = getc(index)) != '#')
      |         ^
source/function.h:300:21: note: Read function called when stream is in EOF state. Function has no effect
  300 |         while ((c = getc(index)) != '#')
      |                     ^~~~~~~~~~~
source/selectAlgo.c:164:13: warning: Opened stream never closed. Potential resource leak [clang-analyzer-unix.Stream]
  164 |         if (search_ALGO(ALGO_NAME, algo) >= 0)
      |             ^~~~~~~~~~~
source/selectAlgo.c:61:7: note: Assuming 'execute' is non-null
   61 |   if (!execute)
      |       ^~~~~~~~
source/selectAlgo.c:61:3: note: Taking false branch
   61 |   if (!execute)
      |   ^
source/selectAlgo.c:68:7: note: Assuming 'argc' is not equal to 1
   68 |   if (argc == 1) {
      |       ^~~~~~~~~
source/selectAlgo.c:68:3: note: Taking false branch
   68 |   if (argc == 1) {
      |   ^
source/selectAlgo.c:73:7: note: Assuming the condition is false
   73 |   if (!strcmp("-h", argv[1])) {
      |       ^~~~~~~~~~~~~~~~~~~~~~
source/selectAlgo.c:73:3: note: Taking false branch
   73 |   if (!strcmp("-h", argv[1])) {
      |   ^
source/selectAlgo.c:79:10: note: 'par' is < 'argc'
   79 |   while (par < argc) {
      |          ^~~
source/selectAlgo.c:79:3: note: Loop condition is true.  Entering loop body
   79 |   while (par < argc) {
      |   ^
source/selectAlgo.c:81:9: note: 'par' is < 'argc'
   81 |     if (par < argc && !strcmp("-desc", argv[par])) {
      |         ^~~
source/selectAlgo.c:81:9: note: Left side of '&&' is true
source/selectAlgo.c:81:23: note: Assuming the condition is false
   81 |     if (par < argc && !strcmp("-desc", argv[par])) {
      |                       ^~~~~~~~~~~~~~~~~~~~~~~~~~~
source/selectAlgo.c:81:5: note: Taking false branch
   81 |     if (par < argc && !strcmp("-desc", argv[par])) {
      |     ^
source/selectAlgo.c:85:9: note: 'par' is < 'argc'
   85 |     if (par < argc && !strcmp("-show", argv[par])) {
      |         ^~~
source/selectAlgo.c:85:9: note: Left side of '&&' is true
source/selectAlgo.c:85:23: note: Assuming the condition is false
   85 |     if (par < argc && !strcmp("-show", argv[par])) {
      |                       ^~~~~~~~~~~~~~~~~~~~~~~~~~~
source/selectAlgo.c:85:5: note: Taking false branch
   85 |     if (par < argc && !strcmp("-show", argv[par])) {
      |     ^
source/selectAlgo.c:117:9: note: 'par' is < 'argc'
  117 |     if (par < argc && !strcmp("-which", argv[par])) {
      |         ^~~
source/selectAlgo.c:117:9: note: Left side of '&&' is true
source/selectAlgo.c:117:23: note: Assuming the condition is false
  117 |     if (par < argc && !strcmp("-which", argv[par])) {
      |                       ^~~~~~~~~~~~~~~~~~~~~~~~~~~~
source/selectAlgo.c:117:5: note: Taking false branch
  117 |     if (par < argc && !strcmp("-which", argv[par])) {
      |     ^
source/selectAlgo.c:150:9: note: 'par' is < 'argc'
  150 |     if (par < argc && !strcmp("-add", argv[par])) {
      |         ^~~
source/selectAlgo.c:150:9: note: Left side of '&&' is true
source/selectAlgo.c:150:5: note: Taking true branch
  150 |     if (par < argc && !strcmp("-add", argv[par])) {
      |     ^
source/selectAlgo.c:152:11: note: Assuming 'par' is < 'argc'
  152 |       if (par >= argc) {
      |           ^~~~~~~~~~~
source/selectAlgo.c:152:7: note: Taking false branch
  152 |       if (par >= argc) {
      |       ^
source/selectAlgo.c:161:18: note: Stream opened here
  161 |       FILE *fp = fopen(path, "r");
      |                  ^~~~~~~~~~~~~~~~
source/selectAlgo.c:161:18: note: Assuming that 'fopen' is successful
  161 |       FILE *fp = fopen(path, "r");
      |                  ^~~~~~~~~~~~~~~~
source/selectAlgo.c:162:11: note: 'fp' is non-null
  162 |       if (fp) {
      |           ^~
source/selectAlgo.c:162:7: note: Taking true branch
  162 |       if (fp) {
      |       ^
source/selectAlgo.c:164:13: note: Opened stream never closed. Potential resource leak
  164 |         if (search_ALGO(ALGO_NAME, algo) >= 0)
      |             ^~~~~~~~~~~
source/selectAlgo.c:212:13: warning: Opened stream never closed. Potential resource leak [clang-analyzer-unix.Stream]
  212 |         if (search_ALGO(ALGO_NAME, algo) >= 0)
      |             ^~~~~~~~~~~
source/selectAlgo.c:61:7: note: Assuming 'execute' is non-null
   61 |   if (!execute)
      |       ^~~~~~~~
source/selectAlgo.c:61:3: note: Taking false branch
   61 |   if (!execute)
      |   ^
source/selectAlgo.c:68:7: note: Assuming 'argc' is not equal to 1
   68 |   if (argc == 1) {
      |       ^~~~~~~~~
source/selectAlgo.c:68:3: note: Taking false branch
   68 |   if (argc == 1) {
      |   ^
source/selectAlgo.c:73:7: note: Assuming the condition is false
   73 |   if (!strcmp("-h", argv[1])) {
      |       ^~~~~~~~~~~~~~~~~~~~~~
source/selectAlgo.c:73:3: note: Taking false branch
   73 |   if (!strcmp("-h", argv[1])) {
      |   ^
source/selectAlgo.c:79:10: note: 'par' is < 'argc'
   79 |   while (par < argc) {
      |          ^~~
source/selectAlgo.c:79:3: note: Loop condition is true.  Entering loop body
   79 |   while (par < argc) {
      |   ^
source/selectAlgo.c:81:9: note: 'par' is < 'argc'
   81 |     if (par < argc && !strcmp("-desc", argv[par])) {
      |         ^~~
source/selectAlgo.c:81:9: note: Left side of '&&' is true
source/selectAlgo.c:81:23: note: Assuming the condition is false
   81 |     if (par < argc && !strcmp("-desc", argv[par])) {
      |                       ^~~~~~~~~~~~~~~~~~~~~~~~~~~
source/selectAlgo.c:81:5: note: Taking false branch
   81 |     if (par < argc && !strcmp("-desc", argv[par])) {
      |     ^
source/selectAlgo.c:85:9: note: 'par' is < 'argc'
   85 |     if (par < argc && !strcmp("-show", argv[par])) {
      |         ^~~
source/selectAlgo.c:85:9: note: Left side of '&&' is true
source/selectAlgo.c:85:23: note: Assuming the condition is false
   85 |     if (par < argc && !strcmp("-show", argv[par])) {
      |                       ^~~~~~~~~~~~~~~~~~~~~~~~~~~
source/selectAlgo.c:85:5: note: Taking false branch
   85 |     if (par < argc && !strcmp("-show", argv[par])) {
      |     ^
source/selectAlgo.c:117:9: note: 'par' is < 'argc'
  117 |     if (par < argc && !strcmp("-which", argv[par])) {
      |         ^~~
source/selectAlgo.c:117:9: note: Left side of '&&' is true
source/selectAlgo.c:117:23: note: Assuming the condition is false
  117 |     if (par < argc && !strcmp("-which", argv[par])) {
      |                       ^~~~~~~~~~~~~~~~~~~~~~~~~~~~
source/selectAlgo.c:117:5: note: Taking false branch
  117 |     if (par < argc && !strcmp("-which", argv[par])) {
      |     ^
source/selectAlgo.c:150:9: note: 'par' is < 'argc'
  150 |     if (par < argc && !strcmp("-add", argv[par])) {
      |         ^~~
source/selectAlgo.c:150:9: note: Left side of '&&' is true
source/selectAlgo.c:150:23: note: Assuming the condition is false
  150 |     if (par < argc && !strcmp("-add", argv[par])) {
      |                       ^~~~~~~~~~~~~~~~~~~~~~~~~~
source/selectAlgo.c:150:5: note: Taking false branch
  150 |     if (par < argc && !strcmp("-add", argv[par])) {
      |     ^
source/selectAlgo.c:197:9: note: 'par' is < 'argc'
  197 |     if (par < argc && !strcmp("-group", argv[par])) {
      |         ^~~
source/selectAlgo.c:197:9: note: Left side of '&&' is true
source/selectAlgo.c:197:5: note: Taking true branch
  197 |     if (par < argc && !strcmp("-group", argv[par])) {
      |     ^
source/selectAlgo.c:199:11: note: Assuming 'par' is < 'argc'
  199 |       if (par >= argc) {
      |           ^~~~~~~~~~~
source/selectAlgo.c:199:7: note: Taking false branch
  199 |       if (par >= argc) {
      |       ^
source/selectAlgo.c:209:18: note: Stream opened here
  209 |       FILE *fp = fopen(path, "r");
      |                  ^~~~~~~~~~~~~~~~
source/selectAlgo.c:209:18: note: Assuming that 'fopen' is successful
  209 |       FILE *fp = fopen(path, "r");
      |                  ^~~~~~~~~~~~~~~~
source/selectAlgo.c:210:11: note: 'fp' is non-null
  210 |       if (fp) {
      |           ^~
source/selectAlgo.c:210:7: note: Taking true branch
  210 |       if (fp) {
      |       ^
source/selectAlgo.c:212:13: note: Opened stream never closed. Potential resource leak
  212 |         if (search_ALGO(ALGO_NAME, algo) >= 0)
      |             ^~~~~~~~~~~
source/selectAlgo.c:329:7: warning: Call to function 'fprintf' is insecure as it does not provide bounding of the memory buffer or security checks introduced in the C11 standard. Replace with analogous functions that support length arguments or provides boundary checks such as 'fprintf_s' in case of C11 [clang-analyzer-security.insecureAPI.DeprecatedOrUnsafeBufferHandling]
  329 |       fprintf(fp, "#%d #%s \n", execute[j], ALGO_NAME[j]);
      |       ^~~~~~~
source/selectAlgo.c:329:7: note: Call to function 'fprintf' is insecure as it does not provide bounding of the memory buffer or security checks introduced in the C11 standard. Replace with analogous functions that support length arguments or provides boundary checks such as 'fprintf_s' in case of C11
  329 |       fprintf(fp, "#%d #%s \n", execute[j], ALGO_NAME[j]);
      |       ^~~~~~~
