source/algos/2block.c
timeout 4m cbmc --verbosity 7 --unwinding-assertions --slice-formula 
timeout 4m cbmc --verbosity 7 --unwinding-assertions --slice-formula --trace -Isource/algos -DCBMC --bounds-check --pointer-check --memory-leak-check --div-by-zero-check --signed-overflow-check --unsigned-overflow-check --pointer-overflow-check --conversion-check --undefined-shift-check --float-overflow-check --nan-check --enum-range-check source/algos/2block.c
CBMC version 6.4.1 (cbmc-6.4.1-176-g0827dcaeaa) 64-bit x86_64 linux
Type-checking 2block
Generating GOTO Program
Adding CPROVER library (x86_64)
Removal of function pointers and virtual functions
Generic Property Instrumentation
Starting Bounded Model Checking

** Results:
function __CPROVER__start
[__CPROVER__start.memory-leak.1] dynamically allocated memory never freed in __CPROVER_memory_leak == NULL: SUCCESS

<builtin-library-calloc> function calloc
[calloc.pointer_dereference.1] line 14 dereference failure: dead object in *(&alloc_size): SUCCESS
[calloc.assertion.1] line 31 max allocation size exceeded: SUCCESS
[calloc.assertion.2] line 36 max allocation may fail: SUCCESS

<builtin-library-memcmp> function memcmp
[memcmp.precondition.1] line 19 memcmp region 1 readable: SUCCESS
[memcmp.precondition.2] line 21 memcpy region 2 readable: SUCCESS
[memcmp.overflow.2] line 25 arithmetic overflow on unsigned - in n - 1ul: SUCCESS
[memcmp.overflow.1] line 27 arithmetic overflow on signed - in (signed int)*tmp_post_sc1 - (signed int)*tmp_post_sc2: SUCCESS
[memcmp.pointer_arithmetic.1] line 27 pointer arithmetic: pointer NULL in sc1 + 1l: SUCCESS
[memcmp.pointer_arithmetic.2] line 27 pointer arithmetic: pointer invalid in sc1 + 1l: SUCCESS
[memcmp.pointer_arithmetic.3] line 27 pointer arithmetic: deallocated dynamic object in sc1 + 1l: SUCCESS
[memcmp.pointer_arithmetic.4] line 27 pointer arithmetic: dead object in sc1 + 1l: SUCCESS
[memcmp.pointer_arithmetic.5] line 27 pointer arithmetic: pointer outside object bounds in sc1 + 1l: SUCCESS
[memcmp.pointer_arithmetic.6] line 27 pointer arithmetic: invalid integer address in sc1 + 1l: SUCCESS
[memcmp.pointer_arithmetic.7] line 27 pointer arithmetic: pointer NULL in sc2 + 1l: SUCCESS
[memcmp.pointer_arithmetic.8] line 27 pointer arithmetic: pointer invalid in sc2 + 1l: SUCCESS
[memcmp.pointer_arithmetic.9] line 27 pointer arithmetic: deallocated dynamic object in sc2 + 1l: SUCCESS
[memcmp.pointer_arithmetic.10] line 27 pointer arithmetic: dead object in sc2 + 1l: SUCCESS
[memcmp.pointer_arithmetic.11] line 27 pointer arithmetic: pointer outside object bounds in sc2 + 1l: SUCCESS
[memcmp.pointer_arithmetic.12] line 27 pointer arithmetic: invalid integer address in sc2 + 1l: SUCCESS
[memcmp.pointer_dereference.1] line 27 dereference failure: pointer NULL in *tmp_post_sc1: SUCCESS
[memcmp.pointer_dereference.2] line 27 dereference failure: pointer invalid in *tmp_post_sc1: SUCCESS
[memcmp.pointer_dereference.3] line 27 dereference failure: deallocated dynamic object in *tmp_post_sc1: SUCCESS
[memcmp.pointer_dereference.4] line 27 dereference failure: dead object in *tmp_post_sc1: SUCCESS
[memcmp.pointer_dereference.5] line 27 dereference failure: pointer outside object bounds in *tmp_post_sc1: SUCCESS
[memcmp.pointer_dereference.6] line 27 dereference failure: invalid integer address in *tmp_post_sc1: SUCCESS
[memcmp.pointer_dereference.7] line 27 dereference failure: pointer NULL in *tmp_post_sc2: SUCCESS
[memcmp.pointer_dereference.8] line 27 dereference failure: pointer invalid in *tmp_post_sc2: SUCCESS
[memcmp.pointer_dereference.9] line 27 dereference failure: deallocated dynamic object in *tmp_post_sc2: SUCCESS
[memcmp.pointer_dereference.10] line 27 dereference failure: dead object in *tmp_post_sc2: SUCCESS
[memcmp.pointer_dereference.11] line 27 dereference failure: pointer outside object bounds in *tmp_post_sc2: SUCCESS
[memcmp.pointer_dereference.12] line 27 dereference failure: invalid integer address in *tmp_post_sc2: SUCCESS

<builtin-library-strcpy> function strcpy
[strcpy.overflow.1] line 29 arithmetic overflow on unsigned to signed type conversion in (signed long int)i: SUCCESS
[strcpy.pointer_arithmetic.1] line 29 pointer arithmetic: pointer NULL in src + (signed long int)i: SUCCESS
[strcpy.pointer_arithmetic.2] line 29 pointer arithmetic: pointer invalid in src + (signed long int)i: SUCCESS
[strcpy.pointer_arithmetic.3] line 29 pointer arithmetic: deallocated dynamic object in src + (signed long int)i: SUCCESS
[strcpy.pointer_arithmetic.4] line 29 pointer arithmetic: dead object in src + (signed long int)i: SUCCESS
[strcpy.pointer_arithmetic.5] line 29 pointer arithmetic: pointer outside object bounds in src + (signed long int)i: SUCCESS
[strcpy.pointer_arithmetic.6] line 29 pointer arithmetic: invalid integer address in src + (signed long int)i: SUCCESS
[strcpy.pointer_dereference.1] line 29 dereference failure: pointer NULL in src[(signed long int)i]: SUCCESS
[strcpy.pointer_dereference.2] line 29 dereference failure: pointer invalid in src[(signed long int)i]: SUCCESS
[strcpy.pointer_dereference.3] line 29 dereference failure: deallocated dynamic object in src[(signed long int)i]: SUCCESS
[strcpy.pointer_dereference.4] line 29 dereference failure: dead object in src[(signed long int)i]: SUCCESS
[strcpy.pointer_dereference.5] line 29 dereference failure: pointer outside object bounds in src[(signed long int)i]: SUCCESS
[strcpy.pointer_dereference.6] line 29 dereference failure: invalid integer address in src[(signed long int)i]: SUCCESS
[strcpy.pointer_arithmetic.7] line 30 pointer arithmetic: pointer NULL in dst + (signed long int)i: SUCCESS
[strcpy.pointer_arithmetic.8] line 30 pointer arithmetic: pointer invalid in dst + (signed long int)i: SUCCESS
[strcpy.pointer_arithmetic.9] line 30 pointer arithmetic: deallocated dynamic object in dst + (signed long int)i: SUCCESS
[strcpy.pointer_arithmetic.10] line 30 pointer arithmetic: dead object in dst + (signed long int)i: SUCCESS
[strcpy.pointer_arithmetic.11] line 30 pointer arithmetic: pointer outside object bounds in dst + (signed long int)i: SUCCESS
[strcpy.pointer_arithmetic.12] line 30 pointer arithmetic: invalid integer address in dst + (signed long int)i: SUCCESS
[strcpy.pointer_dereference.7] line 30 dereference failure: pointer NULL in dst[(signed long int)i]: SUCCESS
[strcpy.pointer_dereference.8] line 30 dereference failure: pointer invalid in dst[(signed long int)i]: SUCCESS
[strcpy.pointer_dereference.9] line 30 dereference failure: deallocated dynamic object in dst[(signed long int)i]: SUCCESS
[strcpy.pointer_dereference.10] line 30 dereference failure: dead object in dst[(signed long int)i]: SUCCESS
[strcpy.pointer_dereference.11] line 30 dereference failure: pointer outside object bounds in dst[(signed long int)i]: SUCCESS
[strcpy.pointer_dereference.12] line 30 dereference failure: invalid integer address in dst[(signed long int)i]: SUCCESS
[strcpy.overflow.2] line 31 arithmetic overflow on unsigned + in i + 1ul: SUCCESS

source/algos/2block.c function search
[search.overflow.1] line 186 arithmetic overflow on signed * in 2 * m: SUCCESS
[search.overflow.2] line 186 arithmetic overflow on signed * in 2 * m * m: SUCCESS
[search.overflow.3] line 187 arithmetic overflow on signed to unsigned type conversion in (size_t)machine.capacity: SUCCESS
[search.overflow.4] line 189 arithmetic overflow on signed to unsigned type conversion in (size_t)machine.capacity: SUCCESS
[search.overflow.5] line 189 arithmetic overflow on unsigned * in (size_t)machine.capacity * (unsigned long int)256: SUCCESS
[search.precondition_instance.1] line 191 free argument must be NULL or valid pointer: SUCCESS
[search.precondition_instance.2] line 191 free argument must be dynamic object: SUCCESS
[search.precondition_instance.3] line 191 free argument has offset zero: SUCCESS
[search.precondition_instance.4] line 191 double free: SUCCESS
[search.precondition_instance.5] line 191 free called for new[] object: SUCCESS
[search.precondition_instance.6] line 191 free called for stack-allocated object: SUCCESS
[search.precondition_instance.7] line 192 free argument must be NULL or valid pointer: SUCCESS
[search.precondition_instance.8] line 192 free argument must be dynamic object: SUCCESS
[search.precondition_instance.9] line 192 free argument has offset zero: SUCCESS
[search.precondition_instance.10] line 192 double free: SUCCESS
[search.precondition_instance.11] line 192 free called for new[] object: SUCCESS
[search.precondition_instance.12] line 192 free called for stack-allocated object: SUCCESS
[search.overflow.6] line 195 arithmetic overflow on signed to unsigned type conversion in (uint16_t)m: SUCCESS
[search.pointer_arithmetic.1] line 195 pointer arithmetic: pointer NULL in machine.state + (signed long int)0: SUCCESS
[search.pointer_arithmetic.2] line 195 pointer arithmetic: pointer invalid in machine.state + (signed long int)0: SUCCESS
[search.pointer_arithmetic.3] line 195 pointer arithmetic: deallocated dynamic object in machine.state + (signed long int)0: SUCCESS
[search.pointer_arithmetic.4] line 195 pointer arithmetic: dead object in machine.state + (signed long int)0: SUCCESS
[search.pointer_arithmetic.5] line 195 pointer arithmetic: pointer outside object bounds in machine.state + (signed long int)0: SUCCESS
[search.pointer_arithmetic.6] line 195 pointer arithmetic: invalid integer address in machine.state + (signed long int)0: SUCCESS
[search.pointer_arithmetic.7] line 195 pointer arithmetic: pointer NULL in machine.state + (signed long int)0: SUCCESS
[search.pointer_arithmetic.8] line 195 pointer arithmetic: pointer invalid in machine.state + (signed long int)0: SUCCESS
[search.pointer_arithmetic.9] line 195 pointer arithmetic: deallocated dynamic object in machine.state + (signed long int)0: SUCCESS
[search.pointer_arithmetic.10] line 195 pointer arithmetic: dead object in machine.state + (signed long int)0: SUCCESS
[search.pointer_arithmetic.11] line 195 pointer arithmetic: pointer outside object bounds in machine.state + (signed long int)0: SUCCESS
[search.pointer_arithmetic.12] line 195 pointer arithmetic: invalid integer address in machine.state + (signed long int)0: SUCCESS
[search.pointer_dereference.1] line 195 dereference failure: pointer NULL in (machine.state + (signed long int)0)->last: SUCCESS
[search.pointer_dereference.2] line 195 dereference failure: pointer invalid in (machine.state + (signed long int)0)->last: SUCCESS
[search.pointer_dereference.3] line 195 dereference failure: deallocated dynamic object in (machine.state + (signed long int)0)->last: SUCCESS
[search.pointer_dereference.4] line 195 dereference failure: dead object in (machine.state + (signed long int)0)->last: SUCCESS
[search.pointer_dereference.5] line 195 dereference failure: pointer outside object bounds in (machine.state + (signed long int)0)->last: SUCCESS
[search.pointer_dereference.6] line 195 dereference failure: invalid integer address in (machine.state + (signed long int)0)->last: SUCCESS
[search.pointer_dereference.7] line 195 dereference failure: pointer NULL in (machine.state + (signed long int)0)->first: SUCCESS
[search.pointer_dereference.8] line 195 dereference failure: pointer invalid in (machine.state + (signed long int)0)->first: SUCCESS
[search.pointer_dereference.9] line 195 dereference failure: deallocated dynamic object in (machine.state + (signed long int)0)->first: SUCCESS
[search.pointer_dereference.10] line 195 dereference failure: dead object in (machine.state + (signed long int)0)->first: SUCCESS
[search.pointer_dereference.11] line 195 dereference failure: pointer outside object bounds in (machine.state + (signed long int)0)->first: SUCCESS
[search.pointer_dereference.12] line 195 dereference failure: invalid integer address in (machine.state + (signed long int)0)->first: SUCCESS
[search.overflow.7] line 199 arithmetic overflow on signed - in n - m: SUCCESS
[search.overflow.8] line 201 arithmetic overflow on signed + in align + read_pos: SUCCESS
[search.pointer_arithmetic.13] line 201 pointer arithmetic: pointer NULL in y + (signed long int)(align + read_pos): SUCCESS
[search.pointer_arithmetic.14] line 201 pointer arithmetic: pointer invalid in y + (signed long int)(align + read_pos): SUCCESS
[search.pointer_arithmetic.15] line 201 pointer arithmetic: deallocated dynamic object in y + (signed long int)(align + read_pos): SUCCESS
[search.pointer_arithmetic.16] line 201 pointer arithmetic: dead object in y + (signed long int)(align + read_pos): SUCCESS
[search.pointer_arithmetic.17] line 201 pointer arithmetic: pointer outside object bounds in y + (signed long int)(align + read_pos): SUCCESS
[search.pointer_arithmetic.18] line 201 pointer arithmetic: invalid integer address in y + (signed long int)(align + read_pos): SUCCESS
[search.pointer_dereference.13] line 201 dereference failure: pointer NULL in y[(signed long int)(align + read_pos)]: SUCCESS
[search.pointer_dereference.14] line 201 dereference failure: pointer invalid in y[(signed long int)(align + read_pos)]: SUCCESS
[search.pointer_dereference.15] line 201 dereference failure: deallocated dynamic object in y[(signed long int)(align + read_pos)]: SUCCESS
[search.pointer_dereference.16] line 201 dereference failure: dead object in y[(signed long int)(align + read_pos)]: SUCCESS
[search.pointer_dereference.17] line 201 dereference failure: pointer outside object bounds in y[(signed long int)(align + read_pos)]: SUCCESS
[search.pointer_dereference.18] line 201 dereference failure: invalid integer address in y[(signed long int)(align + read_pos)]: SUCCESS
[search.pointer_arithmetic.19] line 204 pointer arithmetic: pointer NULL in x + (signed long int)read_pos: SUCCESS
[search.pointer_arithmetic.20] line 204 pointer arithmetic: pointer invalid in x + (signed long int)read_pos: SUCCESS
[search.pointer_arithmetic.21] line 204 pointer arithmetic: deallocated dynamic object in x + (signed long int)read_pos: SUCCESS
[search.pointer_arithmetic.22] line 204 pointer arithmetic: dead object in x + (signed long int)read_pos: SUCCESS
[search.pointer_arithmetic.23] line 204 pointer arithmetic: pointer outside object bounds in x + (signed long int)read_pos: SUCCESS
[search.pointer_arithmetic.24] line 204 pointer arithmetic: invalid integer address in x + (signed long int)read_pos: SUCCESS
[search.pointer_dereference.19] line 204 dereference failure: pointer NULL in x[(signed long int)read_pos]: SUCCESS
[search.pointer_dereference.20] line 204 dereference failure: pointer invalid in x[(signed long int)read_pos]: SUCCESS
[search.pointer_dereference.21] line 204 dereference failure: deallocated dynamic object in x[(signed long int)read_pos]: SUCCESS
[search.pointer_dereference.22] line 204 dereference failure: dead object in x[(signed long int)read_pos]: SUCCESS
[search.pointer_dereference.23] line 204 dereference failure: pointer outside object bounds in x[(signed long int)read_pos]: SUCCESS
[search.pointer_dereference.24] line 204 dereference failure: invalid integer address in x[(signed long int)read_pos]: SUCCESS
[search.overflow.9] line 205 arithmetic overflow on signed * in (signed long int)state * (signed long int)8ul: SUCCESS
[search.pointer_arithmetic.25] line 205 pointer arithmetic: pointer NULL in machine.state + (signed long int)state: SUCCESS
[search.pointer_arithmetic.26] line 205 pointer arithmetic: pointer invalid in machine.state + (signed long int)state: SUCCESS
[search.pointer_arithmetic.27] line 205 pointer arithmetic: deallocated dynamic object in machine.state + (signed long int)state: SUCCESS
[search.pointer_arithmetic.28] line 205 pointer arithmetic: dead object in machine.state + (signed long int)state: SUCCESS
[search.pointer_arithmetic.29] line 205 pointer arithmetic: pointer outside object bounds in machine.state + (signed long int)state: SUCCESS
[search.pointer_arithmetic.30] line 205 pointer arithmetic: invalid integer address in machine.state + (signed long int)state: SUCCESS
[search.pointer_dereference.25] line 205 dereference failure: pointer NULL in machine.state[(signed long int)state]: SUCCESS
[search.pointer_dereference.26] line 205 dereference failure: pointer invalid in machine.state[(signed long int)state]: SUCCESS
[search.pointer_dereference.27] line 205 dereference failure: deallocated dynamic object in machine.state[(signed long int)state]: SUCCESS
[search.pointer_dereference.28] line 205 dereference failure: dead object in machine.state[(signed long int)state]: SUCCESS
[search.pointer_dereference.29] line 205 dereference failure: pointer outside object bounds in machine.state[(signed long int)state]: SUCCESS
[search.pointer_dereference.30] line 205 dereference failure: invalid integer address in machine.state[(signed long int)state]: SUCCESS
[search.overflow.10] line 208 arithmetic overflow on signed to unsigned type conversion in (size_t)m: SUCCESS
[search.pointer_arithmetic.31] line 208 pointer arithmetic: pointer NULL in y + (signed long int)align: SUCCESS
[search.pointer_arithmetic.32] line 208 pointer arithmetic: pointer invalid in y + (signed long int)align: SUCCESS
[search.pointer_arithmetic.33] line 208 pointer arithmetic: deallocated dynamic object in y + (signed long int)align: SUCCESS
[search.pointer_arithmetic.34] line 208 pointer arithmetic: dead object in y + (signed long int)align: SUCCESS
[search.pointer_arithmetic.35] line 208 pointer arithmetic: pointer outside object bounds in y + (signed long int)align: SUCCESS
[search.pointer_arithmetic.36] line 208 pointer arithmetic: invalid integer address in y + (signed long int)align: SUCCESS
[search.overflow.11] line 209 arithmetic overflow on signed + in count + 1: SUCCESS
[search.overflow.12] line 210 arithmetic overflow on signed + in align + 1: SUCCESS
[search.overflow.13] line 216 arithmetic overflow on signed to unsigned type conversion in (uint16_t)read_pos: SUCCESS
[search.overflow.14] line 217 arithmetic overflow on signed + in (signed int)blocks.last + 1: SUCCESS
[search.overflow.15] line 218 arithmetic overflow on unsigned + in blocks.last + 1: SUCCESS
[search.overflow.16] line 220 arithmetic overflow on unsigned - in blocks.first - 1: SUCCESS
[search.overflow.17] line 224 arithmetic overflow on signed + in count + 1: SUCCESS
[search.overflow.18] line 225 arithmetic overflow on signed + in align + 1: SUCCESS
[search.overflow.19] line 234 arithmetic overflow on signed * in state * 256: SUCCESS
[search.overflow.20] line 234 arithmetic overflow on signed + in state * 256 + (signed int)character: SUCCESS
[search.overflow.21] line 234 arithmetic overflow on signed * in (signed long int)(state * 256 + (signed int)character) * (signed long int)4ul: SUCCESS
[search.pointer_arithmetic.37] line 234 pointer arithmetic: pointer NULL in machine.transition + (signed long int)(state * 256 + (signed int)character): SUCCESS
[search.pointer_arithmetic.38] line 234 pointer arithmetic: pointer invalid in machine.transition + (signed long int)(state * 256 + (signed int)character): SUCCESS
[search.pointer_arithmetic.39] line 234 pointer arithmetic: deallocated dynamic object in machine.transition + (signed long int)(state * 256 + (signed int)character): SUCCESS
[search.pointer_arithmetic.40] line 234 pointer arithmetic: dead object in machine.transition + (signed long int)(state * 256 + (signed int)character): SUCCESS
[search.pointer_arithmetic.41] line 234 pointer arithmetic: pointer outside object bounds in machine.transition + (signed long int)(state * 256 + (signed int)character): SUCCESS
[search.pointer_arithmetic.42] line 234 pointer arithmetic: invalid integer address in machine.transition + (signed long int)(state * 256 + (signed int)character): SUCCESS
[search.pointer_dereference.31] line 235 dereference failure: pointer NULL in transition->ready: SUCCESS
[search.pointer_dereference.32] line 235 dereference failure: pointer invalid in transition->ready: SUCCESS
[search.pointer_dereference.33] line 235 dereference failure: deallocated dynamic object in transition->ready: SUCCESS
[search.pointer_dereference.34] line 235 dereference failure: dead object in transition->ready: SUCCESS
[search.pointer_dereference.35] line 235 dereference failure: pointer outside object bounds in transition->ready: SUCCESS
[search.pointer_dereference.36] line 235 dereference failure: invalid integer address in transition->ready: SUCCESS
[search.pointer_dereference.37] line 236 dereference failure: pointer NULL in *transition: SUCCESS
[search.pointer_dereference.38] line 236 dereference failure: pointer invalid in *transition: SUCCESS
[search.pointer_dereference.39] line 236 dereference failure: deallocated dynamic object in *transition: SUCCESS
[search.pointer_dereference.40] line 236 dereference failure: dead object in *transition: SUCCESS
[search.pointer_dereference.41] line 236 dereference failure: pointer outside object bounds in *transition: SUCCESS
[search.pointer_dereference.42] line 236 dereference failure: invalid integer address in *transition: SUCCESS
[search.overflow.22] line 237 arithmetic overflow on signed + in align + (signed int)transition->shift: SUCCESS
[search.pointer_dereference.43] line 237 dereference failure: pointer NULL in transition->shift: SUCCESS
[search.pointer_dereference.44] line 237 dereference failure: pointer invalid in transition->shift: SUCCESS
[search.pointer_dereference.45] line 237 dereference failure: deallocated dynamic object in transition->shift: SUCCESS
[search.pointer_dereference.46] line 237 dereference failure: dead object in transition->shift: SUCCESS
[search.pointer_dereference.47] line 237 dereference failure: pointer outside object bounds in transition->shift: SUCCESS
[search.pointer_dereference.48] line 237 dereference failure: invalid integer address in transition->shift: SUCCESS
[search.pointer_dereference.49] line 238 dereference failure: pointer NULL in transition->next: SUCCESS
[search.pointer_dereference.50] line 238 dereference failure: pointer invalid in transition->next: SUCCESS
[search.pointer_dereference.51] line 238 dereference failure: deallocated dynamic object in transition->next: SUCCESS
[search.pointer_dereference.52] line 238 dereference failure: dead object in transition->next: SUCCESS
[search.pointer_dereference.53] line 238 dereference failure: pointer outside object bounds in transition->next: SUCCESS
[search.pointer_dereference.54] line 238 dereference failure: invalid integer address in transition->next: SUCCESS
[search.precondition_instance.13] line 241 free argument must be NULL or valid pointer: SUCCESS
[search.precondition_instance.14] line 241 free argument must be dynamic object: SUCCESS
[search.precondition_instance.15] line 241 free argument has offset zero: SUCCESS
[search.precondition_instance.16] line 241 double free: SUCCESS
[search.precondition_instance.17] line 241 free called for new[] object: SUCCESS
[search.precondition_instance.18] line 241 free called for stack-allocated object: SUCCESS
[search.precondition_instance.19] line 242 free argument must be NULL or valid pointer: SUCCESS
[search.precondition_instance.20] line 242 free argument must be dynamic object: SUCCESS
[search.precondition_instance.21] line 242 free argument has offset zero: SUCCESS
[search.precondition_instance.22] line 242 double free: SUCCESS
[search.precondition_instance.23] line 242 free called for new[] object: SUCCESS
[search.precondition_instance.24] line 242 free called for stack-allocated object: SUCCESS

source/algos/2block.c function two_block_fallback
[two_block_fallback.overflow.1] line 150 arithmetic overflow on signed + in i + 1: SUCCESS
[two_block_fallback.array_bounds.1] line 151 array 'shift' lower bound in shift[(signed long int)i]: SUCCESS
[two_block_fallback.array_bounds.2] line 151 array 'shift' upper bound in shift[(signed long int)i]: SUCCESS
[two_block_fallback.overflow.2] line 152 arithmetic overflow on signed - in m - 1: SUCCESS
[two_block_fallback.overflow.4] line 152 arithmetic overflow on signed + in i + 1: SUCCESS
[two_block_fallback.array_bounds.3] line 153 array 'shift' upper bound in shift[(signed long int)x[(signed long int)i]]: SUCCESS
[two_block_fallback.overflow.3] line 153 arithmetic overflow on signed - in (m - 1) - i: SUCCESS
[two_block_fallback.pointer_arithmetic.1] line 153 pointer arithmetic: pointer NULL in x + (signed long int)i: SUCCESS
[two_block_fallback.pointer_arithmetic.2] line 153 pointer arithmetic: pointer invalid in x + (signed long int)i: SUCCESS
[two_block_fallback.pointer_arithmetic.3] line 153 pointer arithmetic: deallocated dynamic object in x + (signed long int)i: SUCCESS
[two_block_fallback.pointer_arithmetic.4] line 153 pointer arithmetic: dead object in x + (signed long int)i: SUCCESS
[two_block_fallback.pointer_arithmetic.5] line 153 pointer arithmetic: pointer outside object bounds in x + (signed long int)i: SUCCESS
[two_block_fallback.pointer_arithmetic.6] line 153 pointer arithmetic: invalid integer address in x + (signed long int)i: SUCCESS
[two_block_fallback.pointer_dereference.1] line 153 dereference failure: pointer NULL in x[(signed long int)i]: SUCCESS
[two_block_fallback.pointer_dereference.2] line 153 dereference failure: pointer invalid in x[(signed long int)i]: SUCCESS
[two_block_fallback.pointer_dereference.3] line 153 dereference failure: deallocated dynamic object in x[(signed long int)i]: SUCCESS
[two_block_fallback.pointer_dereference.4] line 153 dereference failure: dead object in x[(signed long int)i]: SUCCESS
[two_block_fallback.pointer_dereference.5] line 153 dereference failure: pointer outside object bounds in x[(signed long int)i]: SUCCESS
[two_block_fallback.pointer_dereference.6] line 153 dereference failure: invalid integer address in x[(signed long int)i]: SUCCESS
[two_block_fallback.overflow.5] line 157 arithmetic overflow on signed - in n - m: SUCCESS
[two_block_fallback.overflow.6] line 158 arithmetic overflow on signed - in m - 1: SUCCESS
[two_block_fallback.overflow.7] line 158 arithmetic overflow on signed + in j + i: SUCCESS
[two_block_fallback.overflow.8] line 158 arithmetic overflow on signed - in i - 1: SUCCESS
[two_block_fallback.pointer_arithmetic.7] line 158 pointer arithmetic: pointer NULL in x + (signed long int)i: SUCCESS
[two_block_fallback.pointer_arithmetic.8] line 158 pointer arithmetic: pointer invalid in x + (signed long int)i: SUCCESS
[two_block_fallback.pointer_arithmetic.9] line 158 pointer arithmetic: deallocated dynamic object in x + (signed long int)i: SUCCESS
[two_block_fallback.pointer_arithmetic.10] line 158 pointer arithmetic: dead object in x + (signed long int)i: SUCCESS
[two_block_fallback.pointer_arithmetic.11] line 158 pointer arithmetic: pointer outside object bounds in x + (signed long int)i: SUCCESS
[two_block_fallback.pointer_arithmetic.12] line 158 pointer arithmetic: invalid integer address in x + (signed long int)i: SUCCESS
[two_block_fallback.pointer_arithmetic.13] line 158 pointer arithmetic: pointer NULL in y + (signed long int)(j + i): SUCCESS
[two_block_fallback.pointer_arithmetic.14] line 158 pointer arithmetic: pointer invalid in y + (signed long int)(j + i): SUCCESS
[two_block_fallback.pointer_arithmetic.15] line 158 pointer arithmetic: deallocated dynamic object in y + (signed long int)(j + i): SUCCESS
[two_block_fallback.pointer_arithmetic.16] line 158 pointer arithmetic: dead object in y + (signed long int)(j + i): SUCCESS
[two_block_fallback.pointer_arithmetic.17] line 158 pointer arithmetic: pointer outside object bounds in y + (signed long int)(j + i): SUCCESS
[two_block_fallback.pointer_arithmetic.18] line 158 pointer arithmetic: invalid integer address in y + (signed long int)(j + i): SUCCESS
[two_block_fallback.pointer_dereference.7] line 158 dereference failure: pointer NULL in x[(signed long int)i]: SUCCESS
[two_block_fallback.pointer_dereference.8] line 158 dereference failure: pointer invalid in x[(signed long int)i]: SUCCESS
[two_block_fallback.pointer_dereference.9] line 158 dereference failure: deallocated dynamic object in x[(signed long int)i]: SUCCESS
[two_block_fallback.pointer_dereference.10] line 158 dereference failure: dead object in x[(signed long int)i]: SUCCESS
[two_block_fallback.pointer_dereference.11] line 158 dereference failure: pointer outside object bounds in x[(signed long int)i]: SUCCESS
[two_block_fallback.pointer_dereference.12] line 158 dereference failure: invalid integer address in x[(signed long int)i]: SUCCESS
[two_block_fallback.pointer_dereference.13] line 158 dereference failure: pointer NULL in y[(signed long int)(j + i)]: SUCCESS
[two_block_fallback.pointer_dereference.14] line 158 dereference failure: pointer invalid in y[(signed long int)(j + i)]: SUCCESS
[two_block_fallback.pointer_dereference.15] line 158 dereference failure: deallocated dynamic object in y[(signed long int)(j + i)]: SUCCESS
[two_block_fallback.pointer_dereference.16] line 158 dereference failure: dead object in y[(signed long int)(j + i)]: SUCCESS
[two_block_fallback.pointer_dereference.17] line 158 dereference failure: pointer outside object bounds in y[(signed long int)(j + i)]: SUCCESS
[two_block_fallback.pointer_dereference.18] line 158 dereference failure: invalid integer address in y[(signed long int)(j + i)]: SUCCESS
[two_block_fallback.overflow.9] line 161 arithmetic overflow on signed + in count + 1: SUCCESS
[two_block_fallback.overflow.10] line 162 arithmetic overflow on signed + in j + 1: SUCCESS
[two_block_fallback.array_bounds.4] line 164 array 'shift' upper bound in shift[(signed long int)y[(signed long int)((j + m) - 1)]]: SUCCESS
[two_block_fallback.overflow.11] line 164 arithmetic overflow on signed + in j + m: SUCCESS
[two_block_fallback.overflow.12] line 164 arithmetic overflow on signed - in (j + m) - 1: SUCCESS
[two_block_fallback.pointer_arithmetic.19] line 164 pointer arithmetic: pointer NULL in y + (signed long int)((j + m) - 1): SUCCESS
[two_block_fallback.pointer_arithmetic.20] line 164 pointer arithmetic: pointer invalid in y + (signed long int)((j + m) - 1): SUCCESS
[two_block_fallback.pointer_arithmetic.21] line 164 pointer arithmetic: deallocated dynamic object in y + (signed long int)((j + m) - 1): SUCCESS
[two_block_fallback.pointer_arithmetic.22] line 164 pointer arithmetic: dead object in y + (signed long int)((j + m) - 1): SUCCESS
[two_block_fallback.pointer_arithmetic.23] line 164 pointer arithmetic: pointer outside object bounds in y + (signed long int)((j + m) - 1): SUCCESS
[two_block_fallback.pointer_arithmetic.24] line 164 pointer arithmetic: invalid integer address in y + (signed long int)((j + m) - 1): SUCCESS
[two_block_fallback.pointer_dereference.19] line 164 dereference failure: pointer NULL in y[(signed long int)((j + m) - 1)]: SUCCESS
[two_block_fallback.pointer_dereference.20] line 164 dereference failure: pointer invalid in y[(signed long int)((j + m) - 1)]: SUCCESS
[two_block_fallback.pointer_dereference.21] line 164 dereference failure: deallocated dynamic object in y[(signed long int)((j + m) - 1)]: SUCCESS
[two_block_fallback.pointer_dereference.22] line 164 dereference failure: dead object in y[(signed long int)((j + m) - 1)]: SUCCESS
[two_block_fallback.pointer_dereference.23] line 164 dereference failure: pointer outside object bounds in y[(signed long int)((j + m) - 1)]: SUCCESS
[two_block_fallback.pointer_dereference.24] line 164 dereference failure: invalid integer address in y[(signed long int)((j + m) - 1)]: SUCCESS
[two_block_fallback.overflow.13] line 166 arithmetic overflow on signed + in j + (amount > 0 ? amount : 1): SUCCESS

source/algos/2block.c function two_block_mismatch
[two_block_mismatch.overflow.1] line 108 arithmetic overflow on signed * in (signed long int)state * (signed long int)8ul: SUCCESS
[two_block_mismatch.pointer_arithmetic.1] line 108 pointer arithmetic: pointer NULL in machine->state + (signed long int)state: SUCCESS
[two_block_mismatch.pointer_arithmetic.2] line 108 pointer arithmetic: pointer invalid in machine->state + (signed long int)state: SUCCESS
[two_block_mismatch.pointer_arithmetic.3] line 108 pointer arithmetic: deallocated dynamic object in machine->state + (signed long int)state: SUCCESS
[two_block_mismatch.pointer_arithmetic.4] line 108 pointer arithmetic: dead object in machine->state + (signed long int)state: SUCCESS
[two_block_mismatch.pointer_arithmetic.5] line 108 pointer arithmetic: pointer outside object bounds in machine->state + (signed long int)state: SUCCESS
[two_block_mismatch.pointer_arithmetic.6] line 108 pointer arithmetic: invalid integer address in machine->state + (signed long int)state: SUCCESS
[two_block_mismatch.pointer_dereference.1] line 108 dereference failure: pointer NULL in machine->state: SUCCESS
[two_block_mismatch.pointer_dereference.2] line 108 dereference failure: pointer invalid in machine->state: SUCCESS
[two_block_mismatch.pointer_dereference.3] line 108 dereference failure: deallocated dynamic object in machine->state: SUCCESS
[two_block_mismatch.pointer_dereference.4] line 108 dereference failure: dead object in machine->state: SUCCESS
[two_block_mismatch.pointer_dereference.5] line 108 dereference failure: pointer outside object bounds in machine->state: SUCCESS
[two_block_mismatch.pointer_dereference.6] line 108 dereference failure: invalid integer address in machine->state: SUCCESS
[two_block_mismatch.overflow.2] line 113 arithmetic overflow on signed + in shift + 1: SUCCESS
[two_block_mismatch.pointer_dereference.7] line 113 dereference failure: pointer NULL in machine->m: SUCCESS
[two_block_mismatch.pointer_dereference.8] line 113 dereference failure: pointer invalid in machine->m: SUCCESS
[two_block_mismatch.pointer_dereference.9] line 113 dereference failure: deallocated dynamic object in machine->m: SUCCESS
[two_block_mismatch.pointer_dereference.10] line 113 dereference failure: dead object in machine->m: SUCCESS
[two_block_mismatch.pointer_dereference.11] line 113 dereference failure: pointer outside object bounds in machine->m: SUCCESS
[two_block_mismatch.pointer_dereference.12] line 113 dereference failure: invalid integer address in machine->m: SUCCESS
[two_block_mismatch.overflow.3] line 117 arithmetic overflow on signed - in (signed int)old->left - shift: SUCCESS
[two_block_mismatch.overflow.4] line 117 arithmetic overflow on signed to unsigned type conversion in (uint16_t)((signed int)old->left > shift ? (signed int)old->left - shift : 0): SUCCESS
[two_block_mismatch.pointer_dereference.13] line 117 dereference failure: pointer NULL in old->left: SUCCESS
[two_block_mismatch.pointer_dereference.14] line 117 dereference failure: pointer invalid in old->left: SUCCESS
[two_block_mismatch.pointer_dereference.15] line 117 dereference failure: deallocated dynamic object in old->left: SUCCESS
[two_block_mismatch.pointer_dereference.16] line 117 dereference failure: dead object in old->left: SUCCESS
[two_block_mismatch.pointer_dereference.17] line 117 dereference failure: pointer outside object bounds in old->left: SUCCESS
[two_block_mismatch.pointer_dereference.18] line 117 dereference failure: invalid integer address in old->left: SUCCESS
[two_block_mismatch.pointer_dereference.19] line 117 dereference failure: pointer NULL in old->left: SUCCESS
[two_block_mismatch.pointer_dereference.20] line 117 dereference failure: pointer invalid in old->left: SUCCESS
[two_block_mismatch.pointer_dereference.21] line 117 dereference failure: deallocated dynamic object in old->left: SUCCESS
[two_block_mismatch.pointer_dereference.22] line 117 dereference failure: dead object in old->left: SUCCESS
[two_block_mismatch.pointer_dereference.23] line 117 dereference failure: pointer outside object bounds in old->left: SUCCESS
[two_block_mismatch.pointer_dereference.24] line 117 dereference failure: invalid integer address in old->left: SUCCESS
[two_block_mismatch.pointer_dereference.25] line 118 dereference failure: pointer NULL in old->first: SUCCESS
[two_block_mismatch.pointer_dereference.26] line 118 dereference failure: pointer invalid in old->first: SUCCESS
[two_block_mismatch.pointer_dereference.27] line 118 dereference failure: deallocated dynamic object in old->first: SUCCESS
[two_block_mismatch.pointer_dereference.28] line 118 dereference failure: dead object in old->first: SUCCESS
[two_block_mismatch.pointer_dereference.29] line 118 dereference failure: pointer outside object bounds in old->first: SUCCESS
[two_block_mismatch.pointer_dereference.30] line 118 dereference failure: invalid integer address in old->first: SUCCESS
[two_block_mismatch.pointer_dereference.31] line 118 dereference failure: pointer NULL in machine->m: SUCCESS
[two_block_mismatch.pointer_dereference.32] line 118 dereference failure: pointer invalid in machine->m: SUCCESS
[two_block_mismatch.pointer_dereference.33] line 118 dereference failure: deallocated dynamic object in machine->m: SUCCESS
[two_block_mismatch.pointer_dereference.34] line 118 dereference failure: dead object in machine->m: SUCCESS
[two_block_mismatch.pointer_dereference.35] line 118 dereference failure: pointer outside object bounds in machine->m: SUCCESS
[two_block_mismatch.pointer_dereference.36] line 118 dereference failure: invalid integer address in machine->m: SUCCESS
[two_block_mismatch.overflow.5] line 119 arithmetic overflow on signed to unsigned type conversion in (uint16_t)machine->m: SUCCESS
[two_block_mismatch.overflow.6] line 121 arithmetic overflow on signed - in (signed int)old->first - shift: SUCCESS
[two_block_mismatch.overflow.7] line 121 arithmetic overflow on signed to unsigned type conversion in (uint16_t)((signed int)old->first > shift ? (signed int)old->first - shift : machine->m): SUCCESS
[two_block_mismatch.pointer_dereference.37] line 121 dereference failure: pointer NULL in old->first: SUCCESS
[two_block_mismatch.pointer_dereference.38] line 121 dereference failure: pointer invalid in old->first: SUCCESS
[two_block_mismatch.pointer_dereference.39] line 121 dereference failure: deallocated dynamic object in old->first: SUCCESS
[two_block_mismatch.pointer_dereference.40] line 121 dereference failure: dead object in old->first: SUCCESS
[two_block_mismatch.pointer_dereference.41] line 121 dereference failure: pointer outside object bounds in old->first: SUCCESS
[two_block_mismatch.pointer_dereference.42] line 121 dereference failure: invalid integer address in old->first: SUCCESS
[two_block_mismatch.pointer_dereference.43] line 121 dereference failure: pointer NULL in old->first: SUCCESS
[two_block_mismatch.pointer_dereference.44] line 121 dereference failure: pointer invalid in old->first: SUCCESS
[two_block_mismatch.pointer_dereference.45] line 121 dereference failure: deallocated dynamic object in old->first: SUCCESS
[two_block_mismatch.pointer_dereference.46] line 121 dereference failure: dead object in old->first: SUCCESS
[two_block_mismatch.pointer_dereference.47] line 121 dereference failure: pointer outside object bounds in old->first: SUCCESS
[two_block_mismatch.pointer_dereference.48] line 121 dereference failure: invalid integer address in old->first: SUCCESS
[two_block_mismatch.pointer_dereference.49] line 121 dereference failure: pointer NULL in machine->m: SUCCESS
[two_block_mismatch.pointer_dereference.50] line 121 dereference failure: pointer invalid in machine->m: SUCCESS
[two_block_mismatch.pointer_dereference.51] line 121 dereference failure: deallocated dynamic object in machine->m: SUCCESS
[two_block_mismatch.pointer_dereference.52] line 121 dereference failure: dead object in machine->m: SUCCESS
[two_block_mismatch.pointer_dereference.53] line 121 dereference failure: pointer outside object bounds in machine->m: SUCCESS
[two_block_mismatch.pointer_dereference.54] line 121 dereference failure: invalid integer address in machine->m: SUCCESS
[two_block_mismatch.overflow.8] line 122 arithmetic overflow on signed - in (signed int)old->last - shift: SUCCESS
[two_block_mismatch.overflow.9] line 122 arithmetic overflow on signed to unsigned type conversion in (uint16_t)((signed int)old->last >= shift ? (signed int)old->last - shift : machine->m): SUCCESS
[two_block_mismatch.pointer_dereference.55] line 122 dereference failure: pointer NULL in old->last: SUCCESS
[two_block_mismatch.pointer_dereference.56] line 122 dereference failure: pointer invalid in old->last: SUCCESS
[two_block_mismatch.pointer_dereference.57] line 122 dereference failure: deallocated dynamic object in old->last: SUCCESS
[two_block_mismatch.pointer_dereference.58] line 122 dereference failure: dead object in old->last: SUCCESS
[two_block_mismatch.pointer_dereference.59] line 122 dereference failure: pointer outside object bounds in old->last: SUCCESS
[two_block_mismatch.pointer_dereference.60] line 122 dereference failure: invalid integer address in old->last: SUCCESS
[two_block_mismatch.pointer_dereference.61] line 122 dereference failure: pointer NULL in old->last: SUCCESS
[two_block_mismatch.pointer_dereference.62] line 122 dereference failure: pointer invalid in old->last: SUCCESS
[two_block_mismatch.pointer_dereference.63] line 122 dereference failure: deallocated dynamic object in old->last: SUCCESS
[two_block_mismatch.pointer_dereference.64] line 122 dereference failure: dead object in old->last: SUCCESS
[two_block_mismatch.pointer_dereference.65] line 122 dereference failure: pointer outside object bounds in old->last: SUCCESS
[two_block_mismatch.pointer_dereference.66] line 122 dereference failure: invalid integer address in old->last: SUCCESS
[two_block_mismatch.pointer_dereference.67] line 122 dereference failure: pointer NULL in machine->m: SUCCESS
[two_block_mismatch.pointer_dereference.68] line 122 dereference failure: pointer invalid in machine->m: SUCCESS
[two_block_mismatch.pointer_dereference.69] line 122 dereference failure: deallocated dynamic object in machine->m: SUCCESS
[two_block_mismatch.pointer_dereference.70] line 122 dereference failure: dead object in machine->m: SUCCESS
[two_block_mismatch.pointer_dereference.71] line 122 dereference failure: pointer outside object bounds in machine->m: SUCCESS
[two_block_mismatch.pointer_dereference.72] line 122 dereference failure: invalid integer address in machine->m: SUCCESS
[two_block_mismatch.pointer_dereference.73] line 124 dereference failure: pointer NULL in machine->smart: SUCCESS
[two_block_mismatch.pointer_dereference.74] line 124 dereference failure: pointer invalid in machine->smart: SUCCESS
[two_block_mismatch.pointer_dereference.75] line 124 dereference failure: deallocated dynamic object in machine->smart: SUCCESS
[two_block_mismatch.pointer_dereference.76] line 124 dereference failure: dead object in machine->smart: SUCCESS
[two_block_mismatch.pointer_dereference.77] line 124 dereference failure: pointer outside object bounds in machine->smart: SUCCESS
[two_block_mismatch.pointer_dereference.78] line 124 dereference failure: invalid integer address in machine->smart: SUCCESS
[two_block_mismatch.pointer_dereference.79] line 124 dereference failure: pointer NULL in machine->m: SUCCESS
[two_block_mismatch.pointer_dereference.80] line 124 dereference failure: pointer invalid in machine->m: SUCCESS
[two_block_mismatch.pointer_dereference.81] line 124 dereference failure: deallocated dynamic object in machine->m: SUCCESS
[two_block_mismatch.pointer_dereference.82] line 124 dereference failure: dead object in machine->m: SUCCESS
[two_block_mismatch.pointer_dereference.83] line 124 dereference failure: pointer outside object bounds in machine->m: SUCCESS
[two_block_mismatch.pointer_dereference.84] line 124 dereference failure: invalid integer address in machine->m: SUCCESS
[two_block_mismatch.overflow.10] line 126 arithmetic overflow on signed - in read_pos - shift: SUCCESS
[two_block_mismatch.overflow.11] line 129 arithmetic overflow on unsigned + in blocks.left + 1: SUCCESS
[two_block_mismatch.pointer_dereference.85] line 130 dereference failure: pointer NULL in machine->m: SUCCESS
[two_block_mismatch.pointer_dereference.86] line 130 dereference failure: pointer invalid in machine->m: SUCCESS
[two_block_mismatch.pointer_dereference.87] line 130 dereference failure: deallocated dynamic object in machine->m: SUCCESS
[two_block_mismatch.pointer_dereference.88] line 130 dereference failure: dead object in machine->m: SUCCESS
[two_block_mismatch.pointer_dereference.89] line 130 dereference failure: pointer outside object bounds in machine->m: SUCCESS
[two_block_mismatch.pointer_dereference.90] line 130 dereference failure: invalid integer address in machine->m: SUCCESS
[two_block_mismatch.overflow.12] line 131 arithmetic overflow on signed to unsigned type conversion in (uint16_t)observed: SUCCESS
[two_block_mismatch.overflow.13] line 132 arithmetic overflow on signed - in (signed int)blocks.first - 1: SUCCESS
[two_block_mismatch.overflow.14] line 133 arithmetic overflow on unsigned - in blocks.first - 1: SUCCESS
[two_block_mismatch.overflow.15] line 134 arithmetic overflow on signed + in (signed int)blocks.last + 1: SUCCESS
[two_block_mismatch.overflow.16] line 135 arithmetic overflow on unsigned + in blocks.last + 1: SUCCESS
[two_block_mismatch.pointer_dereference.91] line 138 dereference failure: pointer NULL in machine->m: SUCCESS
[two_block_mismatch.pointer_dereference.92] line 138 dereference failure: pointer invalid in machine->m: SUCCESS
[two_block_mismatch.pointer_dereference.93] line 138 dereference failure: deallocated dynamic object in machine->m: SUCCESS
[two_block_mismatch.pointer_dereference.94] line 138 dereference failure: dead object in machine->m: SUCCESS
[two_block_mismatch.pointer_dereference.95] line 138 dereference failure: pointer outside object bounds in machine->m: SUCCESS
[two_block_mismatch.pointer_dereference.96] line 138 dereference failure: invalid integer address in machine->m: SUCCESS
[two_block_mismatch.overflow.17] line 139 arithmetic overflow on signed to unsigned type conversion in (uint16_t)return_value_two_block_state_id: SUCCESS
[two_block_mismatch.overflow.18] line 140 arithmetic overflow on signed to unsigned type conversion in (uint8_t)shift: SUCCESS

source/algos/2block.c function two_block_normalize
[two_block_normalize.overflow.1] line 51 arithmetic overflow on signed to unsigned type conversion in (uint16_t)m: SUCCESS
[two_block_normalize.overflow.2] line 57 arithmetic overflow on signed + in (signed int)blocks.last + 1: SUCCESS
[two_block_normalize.overflow.3] line 57 arithmetic overflow on signed to unsigned type conversion in (uint16_t)((signed int)blocks.last + 1): SUCCESS
[two_block_normalize.overflow.4] line 58 arithmetic overflow on signed to unsigned type conversion in (uint16_t)m: SUCCESS

source/algos/2block.c function two_block_read_pos
[two_block_read_pos.overflow.1] line 40 arithmetic overflow on signed * in (signed long int)state * (signed long int)8ul: SUCCESS
[two_block_read_pos.pointer_arithmetic.1] line 40 pointer arithmetic: pointer NULL in machine->state + (signed long int)state: SUCCESS
[two_block_read_pos.pointer_arithmetic.2] line 40 pointer arithmetic: pointer invalid in machine->state + (signed long int)state: SUCCESS
[two_block_read_pos.pointer_arithmetic.3] line 40 pointer arithmetic: deallocated dynamic object in machine->state + (signed long int)state: SUCCESS
[two_block_read_pos.pointer_arithmetic.4] line 40 pointer arithmetic: dead object in machine->state + (signed long int)state: SUCCESS
[two_block_read_pos.pointer_arithmetic.5] line 40 pointer arithmetic: pointer outside object bounds in machine->state + (signed long int)state: SUCCESS
[two_block_read_pos.pointer_arithmetic.6] line 40 pointer arithmetic: invalid integer address in machine->state + (signed long int)state: SUCCESS
[two_block_read_pos.pointer_dereference.1] line 40 dereference failure: pointer NULL in machine->state: SUCCESS
[two_block_read_pos.pointer_dereference.2] line 40 dereference failure: pointer invalid in machine->state: SUCCESS
[two_block_read_pos.pointer_dereference.3] line 40 dereference failure: deallocated dynamic object in machine->state: SUCCESS
[two_block_read_pos.pointer_dereference.4] line 40 dereference failure: dead object in machine->state: SUCCESS
[two_block_read_pos.pointer_dereference.5] line 40 dereference failure: pointer outside object bounds in machine->state: SUCCESS
[two_block_read_pos.pointer_dereference.6] line 40 dereference failure: invalid integer address in machine->state: SUCCESS
[two_block_read_pos.pointer_dereference.7] line 42 dereference failure: pointer NULL in blocks->first: SUCCESS
[two_block_read_pos.pointer_dereference.8] line 42 dereference failure: pointer invalid in blocks->first: SUCCESS
[two_block_read_pos.pointer_dereference.9] line 42 dereference failure: deallocated dynamic object in blocks->first: SUCCESS
[two_block_read_pos.pointer_dereference.10] line 42 dereference failure: dead object in blocks->first: SUCCESS
[two_block_read_pos.pointer_dereference.11] line 42 dereference failure: pointer outside object bounds in blocks->first: SUCCESS
[two_block_read_pos.pointer_dereference.12] line 42 dereference failure: invalid integer address in blocks->first: SUCCESS
[two_block_read_pos.pointer_dereference.13] line 42 dereference failure: pointer NULL in machine->m: SUCCESS
[two_block_read_pos.pointer_dereference.14] line 42 dereference failure: pointer invalid in machine->m: SUCCESS
[two_block_read_pos.pointer_dereference.15] line 42 dereference failure: deallocated dynamic object in machine->m: SUCCESS
[two_block_read_pos.pointer_dereference.16] line 42 dereference failure: dead object in machine->m: SUCCESS
[two_block_read_pos.pointer_dereference.17] line 42 dereference failure: pointer outside object bounds in machine->m: SUCCESS
[two_block_read_pos.pointer_dereference.18] line 42 dereference failure: invalid integer address in machine->m: SUCCESS
[two_block_read_pos.overflow.2] line 43 arithmetic overflow on signed - in machine->m - 1: SUCCESS
[two_block_read_pos.overflow.3] line 44 arithmetic overflow on signed - in machine->m - 1: SUCCESS
[two_block_read_pos.pointer_dereference.19] line 44 dereference failure: pointer NULL in blocks->last: SUCCESS
[two_block_read_pos.pointer_dereference.20] line 44 dereference failure: pointer invalid in blocks->last: SUCCESS
[two_block_read_pos.pointer_dereference.21] line 44 dereference failure: deallocated dynamic object in blocks->last: SUCCESS
[two_block_read_pos.pointer_dereference.22] line 44 dereference failure: dead object in blocks->last: SUCCESS
[two_block_read_pos.pointer_dereference.23] line 44 dereference failure: pointer outside object bounds in blocks->last: SUCCESS
[two_block_read_pos.pointer_dereference.24] line 44 dereference failure: invalid integer address in blocks->last: SUCCESS
[two_block_read_pos.pointer_dereference.25] line 44 dereference failure: pointer NULL in machine->m: SUCCESS
[two_block_read_pos.pointer_dereference.26] line 44 dereference failure: pointer invalid in machine->m: SUCCESS
[two_block_read_pos.pointer_dereference.27] line 44 dereference failure: deallocated dynamic object in machine->m: SUCCESS
[two_block_read_pos.pointer_dereference.28] line 44 dereference failure: dead object in machine->m: SUCCESS
[two_block_read_pos.pointer_dereference.29] line 44 dereference failure: pointer outside object bounds in machine->m: SUCCESS
[two_block_read_pos.pointer_dereference.30] line 44 dereference failure: invalid integer address in machine->m: SUCCESS
[two_block_read_pos.overflow.4] line 45 arithmetic overflow on signed + in (signed int)blocks->last + 1: SUCCESS
[two_block_read_pos.overflow.5] line 46 arithmetic overflow on signed - in (signed int)blocks->first - 1: SUCCESS
[two_block_read_pos.pointer_dereference.31] line 46 dereference failure: pointer NULL in blocks->first: SUCCESS
[two_block_read_pos.pointer_dereference.32] line 46 dereference failure: pointer invalid in blocks->first: SUCCESS
[two_block_read_pos.pointer_dereference.33] line 46 dereference failure: deallocated dynamic object in blocks->first: SUCCESS
[two_block_read_pos.pointer_dereference.34] line 46 dereference failure: dead object in blocks->first: SUCCESS
[two_block_read_pos.pointer_dereference.35] line 46 dereference failure: pointer outside object bounds in blocks->first: SUCCESS
[two_block_read_pos.pointer_dereference.36] line 46 dereference failure: invalid integer address in blocks->first: SUCCESS

source/algos/2block.c function two_block_shift_valid
[two_block_shift_valid.overflow.1] line 90 arithmetic overflow on signed - in read_pos - shift: SUCCESS
[two_block_shift_valid.pointer_arithmetic.1] line 90 pointer arithmetic: pointer NULL in machine->pattern + (signed long int)(read_pos - shift): SUCCESS
[two_block_shift_valid.pointer_arithmetic.2] line 90 pointer arithmetic: pointer invalid in machine->pattern + (signed long int)(read_pos - shift): SUCCESS
[two_block_shift_valid.pointer_arithmetic.3] line 90 pointer arithmetic: deallocated dynamic object in machine->pattern + (signed long int)(read_pos - shift): SUCCESS
[two_block_shift_valid.pointer_arithmetic.4] line 90 pointer arithmetic: dead object in machine->pattern + (signed long int)(read_pos - shift): SUCCESS
[two_block_shift_valid.pointer_arithmetic.5] line 90 pointer arithmetic: pointer outside object bounds in machine->pattern + (signed long int)(read_pos - shift): SUCCESS
[two_block_shift_valid.pointer_arithmetic.6] line 90 pointer arithmetic: invalid integer address in machine->pattern + (signed long int)(read_pos - shift): SUCCESS
[two_block_shift_valid.pointer_dereference.1] line 90 dereference failure: pointer NULL in machine->pattern: SUCCESS
[two_block_shift_valid.pointer_dereference.2] line 90 dereference failure: pointer invalid in machine->pattern: SUCCESS
[two_block_shift_valid.pointer_dereference.3] line 90 dereference failure: deallocated dynamic object in machine->pattern: SUCCESS
[two_block_shift_valid.pointer_dereference.4] line 90 dereference failure: dead object in machine->pattern: SUCCESS
[two_block_shift_valid.pointer_dereference.5] line 90 dereference failure: pointer outside object bounds in machine->pattern: SUCCESS
[two_block_shift_valid.pointer_dereference.6] line 90 dereference failure: invalid integer address in machine->pattern: SUCCESS
[two_block_shift_valid.pointer_dereference.7] line 90 dereference failure: pointer NULL in machine->pattern[(signed long int)(read_pos - shift)]: SUCCESS
[two_block_shift_valid.pointer_dereference.8] line 90 dereference failure: pointer invalid in machine->pattern[(signed long int)(read_pos - shift)]: SUCCESS
[two_block_shift_valid.pointer_dereference.9] line 90 dereference failure: deallocated dynamic object in machine->pattern[(signed long int)(read_pos - shift)]: SUCCESS
[two_block_shift_valid.pointer_dereference.10] line 90 dereference failure: dead object in machine->pattern[(signed long int)(read_pos - shift)]: SUCCESS
[two_block_shift_valid.pointer_dereference.11] line 90 dereference failure: pointer outside object bounds in machine->pattern[(signed long int)(read_pos - shift)]: SUCCESS
[two_block_shift_valid.pointer_dereference.12] line 90 dereference failure: invalid integer address in machine->pattern[(signed long int)(read_pos - shift)]: SUCCESS
[two_block_shift_valid.overflow.3] line 92 arithmetic overflow on signed + in i + 1: SUCCESS
[two_block_shift_valid.pointer_dereference.13] line 92 dereference failure: pointer NULL in blocks->left: SUCCESS
[two_block_shift_valid.pointer_dereference.14] line 92 dereference failure: pointer invalid in blocks->left: SUCCESS
[two_block_shift_valid.pointer_dereference.15] line 92 dereference failure: deallocated dynamic object in blocks->left: SUCCESS
[two_block_shift_valid.pointer_dereference.16] line 92 dereference failure: dead object in blocks->left: SUCCESS
[two_block_shift_valid.pointer_dereference.17] line 92 dereference failure: pointer outside object bounds in blocks->left: SUCCESS
[two_block_shift_valid.pointer_dereference.18] line 92 dereference failure: invalid integer address in blocks->left: SUCCESS
[two_block_shift_valid.overflow.2] line 93 arithmetic overflow on signed - in i - shift: SUCCESS
[two_block_shift_valid.pointer_arithmetic.7] line 93 pointer arithmetic: pointer NULL in machine->pattern + (signed long int)i: SUCCESS
[two_block_shift_valid.pointer_arithmetic.8] line 93 pointer arithmetic: pointer invalid in machine->pattern + (signed long int)i: SUCCESS
[two_block_shift_valid.pointer_arithmetic.9] line 93 pointer arithmetic: deallocated dynamic object in machine->pattern + (signed long int)i: SUCCESS
[two_block_shift_valid.pointer_arithmetic.10] line 93 pointer arithmetic: dead object in machine->pattern + (signed long int)i: SUCCESS
[two_block_shift_valid.pointer_arithmetic.11] line 93 pointer arithmetic: pointer outside object bounds in machine->pattern + (signed long int)i: SUCCESS
[two_block_shift_valid.pointer_arithmetic.12] line 93 pointer arithmetic: invalid integer address in machine->pattern + (signed long int)i: SUCCESS
[two_block_shift_valid.pointer_arithmetic.13] line 93 pointer arithmetic: pointer NULL in machine->pattern + (signed long int)(i - shift): SUCCESS
[two_block_shift_valid.pointer_arithmetic.14] line 93 pointer arithmetic: pointer invalid in machine->pattern + (signed long int)(i - shift): SUCCESS
[two_block_shift_valid.pointer_arithmetic.15] line 93 pointer arithmetic: deallocated dynamic object in machine->pattern + (signed long int)(i - shift): SUCCESS
[two_block_shift_valid.pointer_arithmetic.16] line 93 pointer arithmetic: dead object in machine->pattern + (signed long int)(i - shift): SUCCESS
[two_block_shift_valid.pointer_arithmetic.17] line 93 pointer arithmetic: pointer outside object bounds in machine->pattern + (signed long int)(i - shift): SUCCESS
[two_block_shift_valid.pointer_arithmetic.18] line 93 pointer arithmetic: invalid integer address in machine->pattern + (signed long int)(i - shift): SUCCESS
[two_block_shift_valid.pointer_dereference.19] line 93 dereference failure: pointer NULL in machine->pattern: SUCCESS
[two_block_shift_valid.pointer_dereference.20] line 93 dereference failure: pointer invalid in machine->pattern: SUCCESS
[two_block_shift_valid.pointer_dereference.21] line 93 dereference failure: deallocated dynamic object in machine->pattern: SUCCESS
[two_block_shift_valid.pointer_dereference.22] line 93 dereference failure: dead object in machine->pattern: SUCCESS
[two_block_shift_valid.pointer_dereference.23] line 93 dereference failure: pointer outside object bounds in machine->pattern: SUCCESS
[two_block_shift_valid.pointer_dereference.24] line 93 dereference failure: invalid integer address in machine->pattern: SUCCESS
[two_block_shift_valid.pointer_dereference.25] line 93 dereference failure: pointer NULL in machine->pattern[(signed long int)i]: SUCCESS
[two_block_shift_valid.pointer_dereference.26] line 93 dereference failure: pointer invalid in machine->pattern[(signed long int)i]: SUCCESS
[two_block_shift_valid.pointer_dereference.27] line 93 dereference failure: deallocated dynamic object in machine->pattern[(signed long int)i]: SUCCESS
[two_block_shift_valid.pointer_dereference.28] line 93 dereference failure: dead object in machine->pattern[(signed long int)i]: SUCCESS
[two_block_shift_valid.pointer_dereference.29] line 93 dereference failure: pointer outside object bounds in machine->pattern[(signed long int)i]: SUCCESS
[two_block_shift_valid.pointer_dereference.30] line 93 dereference failure: invalid integer address in machine->pattern[(signed long int)i]: SUCCESS
[two_block_shift_valid.pointer_dereference.31] line 93 dereference failure: pointer NULL in machine->pattern[(signed long int)(i - shift)]: SUCCESS
[two_block_shift_valid.pointer_dereference.32] line 93 dereference failure: pointer invalid in machine->pattern[(signed long int)(i - shift)]: SUCCESS
[two_block_shift_valid.pointer_dereference.33] line 93 dereference failure: deallocated dynamic object in machine->pattern[(signed long int)(i - shift)]: SUCCESS
[two_block_shift_valid.pointer_dereference.34] line 93 dereference failure: dead object in machine->pattern[(signed long int)(i - shift)]: SUCCESS
[two_block_shift_valid.pointer_dereference.35] line 93 dereference failure: pointer outside object bounds in machine->pattern[(signed long int)(i - shift)]: SUCCESS
[two_block_shift_valid.pointer_dereference.36] line 93 dereference failure: invalid integer address in machine->pattern[(signed long int)(i - shift)]: SUCCESS
[two_block_shift_valid.pointer_dereference.37] line 96 dereference failure: pointer NULL in blocks->first: SUCCESS
[two_block_shift_valid.pointer_dereference.38] line 96 dereference failure: pointer invalid in blocks->first: SUCCESS
[two_block_shift_valid.pointer_dereference.39] line 96 dereference failure: deallocated dynamic object in blocks->first: SUCCESS
[two_block_shift_valid.pointer_dereference.40] line 96 dereference failure: dead object in blocks->first: SUCCESS
[two_block_shift_valid.pointer_dereference.41] line 96 dereference failure: pointer outside object bounds in blocks->first: SUCCESS
[two_block_shift_valid.pointer_dereference.42] line 96 dereference failure: invalid integer address in blocks->first: SUCCESS
[two_block_shift_valid.pointer_dereference.43] line 96 dereference failure: pointer NULL in machine->m: SUCCESS
[two_block_shift_valid.pointer_dereference.44] line 96 dereference failure: pointer invalid in machine->m: SUCCESS
[two_block_shift_valid.pointer_dereference.45] line 96 dereference failure: deallocated dynamic object in machine->m: SUCCESS
[two_block_shift_valid.pointer_dereference.46] line 96 dereference failure: dead object in machine->m: SUCCESS
[two_block_shift_valid.pointer_dereference.47] line 96 dereference failure: pointer outside object bounds in machine->m: SUCCESS
[two_block_shift_valid.pointer_dereference.48] line 96 dereference failure: invalid integer address in machine->m: SUCCESS
[two_block_shift_valid.overflow.5] line 97 arithmetic overflow on signed + in i + 1: SUCCESS
[two_block_shift_valid.pointer_dereference.49] line 97 dereference failure: pointer NULL in blocks->first: SUCCESS
[two_block_shift_valid.pointer_dereference.50] line 97 dereference failure: pointer invalid in blocks->first: SUCCESS
[two_block_shift_valid.pointer_dereference.51] line 97 dereference failure: deallocated dynamic object in blocks->first: SUCCESS
[two_block_shift_valid.pointer_dereference.52] line 97 dereference failure: dead object in blocks->first: SUCCESS
[two_block_shift_valid.pointer_dereference.53] line 97 dereference failure: pointer outside object bounds in blocks->first: SUCCESS
[two_block_shift_valid.pointer_dereference.54] line 97 dereference failure: invalid integer address in blocks->first: SUCCESS
[two_block_shift_valid.pointer_dereference.55] line 97 dereference failure: pointer NULL in blocks->last: SUCCESS
[two_block_shift_valid.pointer_dereference.56] line 97 dereference failure: pointer invalid in blocks->last: SUCCESS
[two_block_shift_valid.pointer_dereference.57] line 97 dereference failure: deallocated dynamic object in blocks->last: SUCCESS
[two_block_shift_valid.pointer_dereference.58] line 97 dereference failure: dead object in blocks->last: SUCCESS
[two_block_shift_valid.pointer_dereference.59] line 97 dereference failure: pointer outside object bounds in blocks->last: SUCCESS
[two_block_shift_valid.pointer_dereference.60] line 97 dereference failure: invalid integer address in blocks->last: SUCCESS
[two_block_shift_valid.overflow.4] line 98 arithmetic overflow on signed - in i - shift: SUCCESS
[two_block_shift_valid.pointer_arithmetic.19] line 98 pointer arithmetic: pointer NULL in machine->pattern + (signed long int)i: SUCCESS
[two_block_shift_valid.pointer_arithmetic.20] line 98 pointer arithmetic: pointer invalid in machine->pattern + (signed long int)i: SUCCESS
[two_block_shift_valid.pointer_arithmetic.21] line 98 pointer arithmetic: deallocated dynamic object in machine->pattern + (signed long int)i: SUCCESS
[two_block_shift_valid.pointer_arithmetic.22] line 98 pointer arithmetic: dead object in machine->pattern + (signed long int)i: SUCCESS
[two_block_shift_valid.pointer_arithmetic.23] line 98 pointer arithmetic: pointer outside object bounds in machine->pattern + (signed long int)i: SUCCESS
[two_block_shift_valid.pointer_arithmetic.24] line 98 pointer arithmetic: invalid integer address in machine->pattern + (signed long int)i: SUCCESS
[two_block_shift_valid.pointer_arithmetic.25] line 98 pointer arithmetic: pointer NULL in machine->pattern + (signed long int)(i - shift): SUCCESS
[two_block_shift_valid.pointer_arithmetic.26] line 98 pointer arithmetic: pointer invalid in machine->pattern + (signed long int)(i - shift): SUCCESS
[two_block_shift_valid.pointer_arithmetic.27] line 98 pointer arithmetic: deallocated dynamic object in machine->pattern + (signed long int)(i - shift): SUCCESS
[two_block_shift_valid.pointer_arithmetic.28] line 98 pointer arithmetic: dead object in machine->pattern + (signed long int)(i - shift): SUCCESS
[two_block_shift_valid.pointer_arithmetic.29] line 98 pointer arithmetic: pointer outside object bounds in machine->pattern + (signed long int)(i - shift): SUCCESS
[two_block_shift_valid.pointer_arithmetic.30] line 98 pointer arithmetic: invalid integer address in machine->pattern + (signed long int)(i - shift): SUCCESS
[two_block_shift_valid.pointer_dereference.61] line 98 dereference failure: pointer NULL in machine->pattern: SUCCESS
[two_block_shift_valid.pointer_dereference.62] line 98 dereference failure: pointer invalid in machine->pattern: SUCCESS
[two_block_shift_valid.pointer_dereference.63] line 98 dereference failure: deallocated dynamic object in machine->pattern: SUCCESS
[two_block_shift_valid.pointer_dereference.64] line 98 dereference failure: dead object in machine->pattern: SUCCESS
[two_block_shift_valid.pointer_dereference.65] line 98 dereference failure: pointer outside object bounds in machine->pattern: SUCCESS
[two_block_shift_valid.pointer_dereference.66] line 98 dereference failure: invalid integer address in machine->pattern: SUCCESS
[two_block_shift_valid.pointer_dereference.67] line 98 dereference failure: pointer NULL in machine->pattern[(signed long int)i]: SUCCESS
[two_block_shift_valid.pointer_dereference.68] line 98 dereference failure: pointer invalid in machine->pattern[(signed long int)i]: SUCCESS
[two_block_shift_valid.pointer_dereference.69] line 98 dereference failure: deallocated dynamic object in machine->pattern[(signed long int)i]: SUCCESS
[two_block_shift_valid.pointer_dereference.70] line 98 dereference failure: dead object in machine->pattern[(signed long int)i]: SUCCESS
[two_block_shift_valid.pointer_dereference.71] line 98 dereference failure: pointer outside object bounds in machine->pattern[(signed long int)i]: SUCCESS
[two_block_shift_valid.pointer_dereference.72] line 98 dereference failure: invalid integer address in machine->pattern[(signed long int)i]: SUCCESS
[two_block_shift_valid.pointer_dereference.73] line 98 dereference failure: pointer NULL in machine->pattern[(signed long int)(i - shift)]: SUCCESS
[two_block_shift_valid.pointer_dereference.74] line 98 dereference failure: pointer invalid in machine->pattern[(signed long int)(i - shift)]: SUCCESS
[two_block_shift_valid.pointer_dereference.75] line 98 dereference failure: deallocated dynamic object in machine->pattern[(signed long int)(i - shift)]: SUCCESS
[two_block_shift_valid.pointer_dereference.76] line 98 dereference failure: dead object in machine->pattern[(signed long int)(i - shift)]: SUCCESS
[two_block_shift_valid.pointer_dereference.77] line 98 dereference failure: pointer outside object bounds in machine->pattern[(signed long int)(i - shift)]: SUCCESS
[two_block_shift_valid.pointer_dereference.78] line 98 dereference failure: invalid integer address in machine->pattern[(signed long int)(i - shift)]: SUCCESS

source/algos/2block.c function two_block_state_id
[two_block_state_id.pointer_dereference.1] line 67 dereference failure: pointer NULL in machine->m: SUCCESS
[two_block_state_id.pointer_dereference.2] line 67 dereference failure: pointer invalid in machine->m: SUCCESS
[two_block_state_id.pointer_dereference.3] line 67 dereference failure: deallocated dynamic object in machine->m: SUCCESS
[two_block_state_id.pointer_dereference.4] line 67 dereference failure: dead object in machine->m: SUCCESS
[two_block_state_id.pointer_dereference.5] line 67 dereference failure: pointer outside object bounds in machine->m: SUCCESS
[two_block_state_id.pointer_dereference.6] line 67 dereference failure: invalid integer address in machine->m: SUCCESS
[two_block_state_id.pointer_dereference.7] line 68 dereference failure: pointer NULL in machine->smart: SUCCESS
[two_block_state_id.pointer_dereference.8] line 68 dereference failure: pointer invalid in machine->smart: SUCCESS
[two_block_state_id.pointer_dereference.9] line 68 dereference failure: deallocated dynamic object in machine->smart: SUCCESS
[two_block_state_id.pointer_dereference.10] line 68 dereference failure: dead object in machine->smart: SUCCESS
[two_block_state_id.pointer_dereference.11] line 68 dereference failure: pointer outside object bounds in machine->smart: SUCCESS
[two_block_state_id.pointer_dereference.12] line 68 dereference failure: invalid integer address in machine->smart: SUCCESS
[two_block_state_id.pointer_dereference.13] line 68 dereference failure: pointer NULL in machine->m: SUCCESS
[two_block_state_id.pointer_dereference.14] line 68 dereference failure: pointer invalid in machine->m: SUCCESS
[two_block_state_id.pointer_dereference.15] line 68 dereference failure: deallocated dynamic object in machine->m: SUCCESS
[two_block_state_id.pointer_dereference.16] line 68 dereference failure: dead object in machine->m: SUCCESS
[two_block_state_id.pointer_dereference.17] line 68 dereference failure: pointer outside object bounds in machine->m: SUCCESS
[two_block_state_id.pointer_dereference.18] line 68 dereference failure: invalid integer address in machine->m: SUCCESS
[two_block_state_id.pointer_dereference.19] line 69 dereference failure: pointer NULL in machine->m: SUCCESS
[two_block_state_id.pointer_dereference.20] line 69 dereference failure: pointer invalid in machine->m: SUCCESS
[two_block_state_id.pointer_dereference.21] line 69 dereference failure: deallocated dynamic object in machine->m: SUCCESS
[two_block_state_id.pointer_dereference.22] line 69 dereference failure: dead object in machine->m: SUCCESS
[two_block_state_id.pointer_dereference.23] line 69 dereference failure: pointer outside object bounds in machine->m: SUCCESS
[two_block_state_id.pointer_dereference.24] line 69 dereference failure: invalid integer address in machine->m: SUCCESS
[two_block_state_id.overflow.5] line 72 arithmetic overflow on signed + in i + 1: SUCCESS
[two_block_state_id.pointer_dereference.25] line 72 dereference failure: pointer NULL in machine->states: SUCCESS
[two_block_state_id.pointer_dereference.26] line 72 dereference failure: pointer invalid in machine->states: SUCCESS
[two_block_state_id.pointer_dereference.27] line 72 dereference failure: deallocated dynamic object in machine->states: SUCCESS
[two_block_state_id.pointer_dereference.28] line 72 dereference failure: dead object in machine->states: SUCCESS
[two_block_state_id.pointer_dereference.29] line 72 dereference failure: pointer outside object bounds in machine->states: SUCCESS
[two_block_state_id.pointer_dereference.30] line 72 dereference failure: invalid integer address in machine->states: SUCCESS
[two_block_state_id.overflow.1] line 73 arithmetic overflow on signed * in (signed long int)i * (signed long int)8ul: SUCCESS
[two_block_state_id.pointer_arithmetic.1] line 73 pointer arithmetic: pointer NULL in machine->state + (signed long int)i: SUCCESS
[two_block_state_id.pointer_arithmetic.2] line 73 pointer arithmetic: pointer invalid in machine->state + (signed long int)i: SUCCESS
[two_block_state_id.pointer_arithmetic.3] line 73 pointer arithmetic: deallocated dynamic object in machine->state + (signed long int)i: SUCCESS
[two_block_state_id.pointer_arithmetic.4] line 73 pointer arithmetic: dead object in machine->state + (signed long int)i: SUCCESS
[two_block_state_id.pointer_arithmetic.5] line 73 pointer arithmetic: pointer outside object bounds in machine->state + (signed long int)i: SUCCESS
[two_block_state_id.pointer_arithmetic.6] line 73 pointer arithmetic: invalid integer address in machine->state + (signed long int)i: SUCCESS
[two_block_state_id.pointer_dereference.31] line 73 dereference failure: pointer NULL in machine->state: SUCCESS
[two_block_state_id.pointer_dereference.32] line 73 dereference failure: pointer invalid in machine->state: SUCCESS
[two_block_state_id.pointer_dereference.33] line 73 dereference failure: deallocated dynamic object in machine->state: SUCCESS
[two_block_state_id.pointer_dereference.34] line 73 dereference failure: dead object in machine->state: SUCCESS
[two_block_state_id.pointer_dereference.35] line 73 dereference failure: pointer outside object bounds in machine->state: SUCCESS
[two_block_state_id.pointer_dereference.36] line 73 dereference failure: invalid integer address in machine->state: SUCCESS
[two_block_state_id.pointer_dereference.37] line 73 dereference failure: pointer NULL in (machine->state + (signed long int)i)->left: SUCCESS
[two_block_state_id.pointer_dereference.38] line 73 dereference failure: pointer invalid in (machine->state + (signed long int)i)->left: SUCCESS
[two_block_state_id.pointer_dereference.39] line 73 dereference failure: deallocated dynamic object in (machine->state + (signed long int)i)->left: SUCCESS
[two_block_state_id.pointer_dereference.40] line 73 dereference failure: dead object in (machine->state + (signed long int)i)->left: SUCCESS
[two_block_state_id.pointer_dereference.41] line 73 dereference failure: pointer outside object bounds in (machine->state + (signed long int)i)->left: SUCCESS
[two_block_state_id.pointer_dereference.42] line 73 dereference failure: invalid integer address in (machine->state + (signed long int)i)->left: SUCCESS
[two_block_state_id.overflow.2] line 74 arithmetic overflow on signed * in (signed long int)i * (signed long int)8ul: SUCCESS
[two_block_state_id.pointer_arithmetic.7] line 74 pointer arithmetic: pointer NULL in machine->state + (signed long int)i: SUCCESS
[two_block_state_id.pointer_arithmetic.8] line 74 pointer arithmetic: pointer invalid in machine->state + (signed long int)i: SUCCESS
[two_block_state_id.pointer_arithmetic.9] line 74 pointer arithmetic: deallocated dynamic object in machine->state + (signed long int)i: SUCCESS
[two_block_state_id.pointer_arithmetic.10] line 74 pointer arithmetic: dead object in machine->state + (signed long int)i: SUCCESS
[two_block_state_id.pointer_arithmetic.11] line 74 pointer arithmetic: pointer outside object bounds in machine->state + (signed long int)i: SUCCESS
[two_block_state_id.pointer_arithmetic.12] line 74 pointer arithmetic: invalid integer address in machine->state + (signed long int)i: SUCCESS
[two_block_state_id.pointer_dereference.43] line 74 dereference failure: pointer NULL in machine->state: SUCCESS
[two_block_state_id.pointer_dereference.44] line 74 dereference failure: pointer invalid in machine->state: SUCCESS
[two_block_state_id.pointer_dereference.45] line 74 dereference failure: deallocated dynamic object in machine->state: SUCCESS
[two_block_state_id.pointer_dereference.46] line 74 dereference failure: dead object in machine->state: SUCCESS
[two_block_state_id.pointer_dereference.47] line 74 dereference failure: pointer outside object bounds in machine->state: SUCCESS
[two_block_state_id.pointer_dereference.48] line 74 dereference failure: invalid integer address in machine->state: SUCCESS
[two_block_state_id.pointer_dereference.49] line 74 dereference failure: pointer NULL in (machine->state + (signed long int)i)->first: SUCCESS
[two_block_state_id.pointer_dereference.50] line 74 dereference failure: pointer invalid in (machine->state + (signed long int)i)->first: SUCCESS
[two_block_state_id.pointer_dereference.51] line 74 dereference failure: deallocated dynamic object in (machine->state + (signed long int)i)->first: SUCCESS
[two_block_state_id.pointer_dereference.52] line 74 dereference failure: dead object in (machine->state + (signed long int)i)->first: SUCCESS
[two_block_state_id.pointer_dereference.53] line 74 dereference failure: pointer outside object bounds in (machine->state + (signed long int)i)->first: SUCCESS
[two_block_state_id.pointer_dereference.54] line 74 dereference failure: invalid integer address in (machine->state + (signed long int)i)->first: SUCCESS
[two_block_state_id.overflow.3] line 75 arithmetic overflow on signed * in (signed long int)i * (signed long int)8ul: SUCCESS
[two_block_state_id.pointer_arithmetic.13] line 75 pointer arithmetic: pointer NULL in machine->state + (signed long int)i: SUCCESS
[two_block_state_id.pointer_arithmetic.14] line 75 pointer arithmetic: pointer invalid in machine->state + (signed long int)i: SUCCESS
[two_block_state_id.pointer_arithmetic.15] line 75 pointer arithmetic: deallocated dynamic object in machine->state + (signed long int)i: SUCCESS
[two_block_state_id.pointer_arithmetic.16] line 75 pointer arithmetic: dead object in machine->state + (signed long int)i: SUCCESS
[two_block_state_id.pointer_arithmetic.17] line 75 pointer arithmetic: pointer outside object bounds in machine->state + (signed long int)i: SUCCESS
[two_block_state_id.pointer_arithmetic.18] line 75 pointer arithmetic: invalid integer address in machine->state + (signed long int)i: SUCCESS
[two_block_state_id.pointer_dereference.55] line 75 dereference failure: pointer NULL in machine->state: SUCCESS
[two_block_state_id.pointer_dereference.56] line 75 dereference failure: pointer invalid in machine->state: SUCCESS
[two_block_state_id.pointer_dereference.57] line 75 dereference failure: deallocated dynamic object in machine->state: SUCCESS
[two_block_state_id.pointer_dereference.58] line 75 dereference failure: dead object in machine->state: SUCCESS
[two_block_state_id.pointer_dereference.59] line 75 dereference failure: pointer outside object bounds in machine->state: SUCCESS
[two_block_state_id.pointer_dereference.60] line 75 dereference failure: invalid integer address in machine->state: SUCCESS
[two_block_state_id.pointer_dereference.61] line 75 dereference failure: pointer NULL in (machine->state + (signed long int)i)->last: SUCCESS
[two_block_state_id.pointer_dereference.62] line 75 dereference failure: pointer invalid in (machine->state + (signed long int)i)->last: SUCCESS
[two_block_state_id.pointer_dereference.63] line 75 dereference failure: deallocated dynamic object in (machine->state + (signed long int)i)->last: SUCCESS
[two_block_state_id.pointer_dereference.64] line 75 dereference failure: dead object in (machine->state + (signed long int)i)->last: SUCCESS
[two_block_state_id.pointer_dereference.65] line 75 dereference failure: pointer outside object bounds in (machine->state + (signed long int)i)->last: SUCCESS
[two_block_state_id.pointer_dereference.66] line 75 dereference failure: invalid integer address in (machine->state + (signed long int)i)->last: SUCCESS
[two_block_state_id.overflow.4] line 76 arithmetic overflow on signed * in (signed long int)i * (signed long int)8ul: SUCCESS
[two_block_state_id.pointer_arithmetic.19] line 76 pointer arithmetic: pointer NULL in machine->state + (signed long int)i: SUCCESS
[two_block_state_id.pointer_arithmetic.20] line 76 pointer arithmetic: pointer invalid in machine->state + (signed long int)i: SUCCESS
[two_block_state_id.pointer_arithmetic.21] line 76 pointer arithmetic: deallocated dynamic object in machine->state + (signed long int)i: SUCCESS
[two_block_state_id.pointer_arithmetic.22] line 76 pointer arithmetic: dead object in machine->state + (signed long int)i: SUCCESS
[two_block_state_id.pointer_arithmetic.23] line 76 pointer arithmetic: pointer outside object bounds in machine->state + (signed long int)i: SUCCESS
[two_block_state_id.pointer_arithmetic.24] line 76 pointer arithmetic: invalid integer address in machine->state + (signed long int)i: SUCCESS
[two_block_state_id.pointer_dereference.67] line 76 dereference failure: pointer NULL in machine->state: SUCCESS
[two_block_state_id.pointer_dereference.68] line 76 dereference failure: pointer invalid in machine->state: SUCCESS
[two_block_state_id.pointer_dereference.69] line 76 dereference failure: deallocated dynamic object in machine->state: SUCCESS
[two_block_state_id.pointer_dereference.70] line 76 dereference failure: dead object in machine->state: SUCCESS
[two_block_state_id.pointer_dereference.71] line 76 dereference failure: pointer outside object bounds in machine->state: SUCCESS
[two_block_state_id.pointer_dereference.72] line 76 dereference failure: invalid integer address in machine->state: SUCCESS
[two_block_state_id.pointer_dereference.73] line 76 dereference failure: pointer NULL in (machine->state + (signed long int)i)->smart: SUCCESS
[two_block_state_id.pointer_dereference.74] line 76 dereference failure: pointer invalid in (machine->state + (signed long int)i)->smart: SUCCESS
[two_block_state_id.pointer_dereference.75] line 76 dereference failure: deallocated dynamic object in (machine->state + (signed long int)i)->smart: SUCCESS
[two_block_state_id.pointer_dereference.76] line 76 dereference failure: dead object in (machine->state + (signed long int)i)->smart: SUCCESS
[two_block_state_id.pointer_dereference.77] line 76 dereference failure: pointer outside object bounds in (machine->state + (signed long int)i)->smart: SUCCESS
[two_block_state_id.pointer_dereference.78] line 76 dereference failure: invalid integer address in (machine->state + (signed long int)i)->smart: SUCCESS
[two_block_state_id.pointer_dereference.79] line 79 dereference failure: pointer NULL in machine->states: SUCCESS
[two_block_state_id.pointer_dereference.80] line 79 dereference failure: pointer invalid in machine->states: SUCCESS
[two_block_state_id.pointer_dereference.81] line 79 dereference failure: deallocated dynamic object in machine->states: SUCCESS
[two_block_state_id.pointer_dereference.82] line 79 dereference failure: dead object in machine->states: SUCCESS
[two_block_state_id.pointer_dereference.83] line 79 dereference failure: pointer outside object bounds in machine->states: SUCCESS
[two_block_state_id.pointer_dereference.84] line 79 dereference failure: invalid integer address in machine->states: SUCCESS
[two_block_state_id.pointer_dereference.85] line 79 dereference failure: pointer NULL in machine->capacity: SUCCESS
[two_block_state_id.pointer_dereference.86] line 79 dereference failure: pointer invalid in machine->capacity: SUCCESS
[two_block_state_id.pointer_dereference.87] line 79 dereference failure: deallocated dynamic object in machine->capacity: SUCCESS
[two_block_state_id.pointer_dereference.88] line 79 dereference failure: dead object in machine->capacity: SUCCESS
[two_block_state_id.pointer_dereference.89] line 79 dereference failure: pointer outside object bounds in machine->capacity: SUCCESS
[two_block_state_id.pointer_dereference.90] line 79 dereference failure: invalid integer address in machine->capacity: SUCCESS
[two_block_state_id.overflow.6] line 81 arithmetic overflow on signed * in (signed long int)machine->states * (signed long int)8ul: SUCCESS
[two_block_state_id.pointer_arithmetic.25] line 81 pointer arithmetic: pointer NULL in machine->state + (signed long int)machine->states: SUCCESS
[two_block_state_id.pointer_arithmetic.26] line 81 pointer arithmetic: pointer invalid in machine->state + (signed long int)machine->states: SUCCESS
[two_block_state_id.pointer_arithmetic.27] line 81 pointer arithmetic: deallocated dynamic object in machine->state + (signed long int)machine->states: SUCCESS
[two_block_state_id.pointer_arithmetic.28] line 81 pointer arithmetic: dead object in machine->state + (signed long int)machine->states: SUCCESS
[two_block_state_id.pointer_arithmetic.29] line 81 pointer arithmetic: pointer outside object bounds in machine->state + (signed long int)machine->states: SUCCESS
[two_block_state_id.pointer_arithmetic.30] line 81 pointer arithmetic: invalid integer address in machine->state + (signed long int)machine->states: SUCCESS
[two_block_state_id.pointer_dereference.91] line 81 dereference failure: pointer NULL in machine->state: SUCCESS
[two_block_state_id.pointer_dereference.92] line 81 dereference failure: pointer invalid in machine->state: SUCCESS
[two_block_state_id.pointer_dereference.93] line 81 dereference failure: deallocated dynamic object in machine->state: SUCCESS
[two_block_state_id.pointer_dereference.94] line 81 dereference failure: dead object in machine->state: SUCCESS
[two_block_state_id.pointer_dereference.95] line 81 dereference failure: pointer outside object bounds in machine->state: SUCCESS
[two_block_state_id.pointer_dereference.96] line 81 dereference failure: invalid integer address in machine->state: SUCCESS
[two_block_state_id.pointer_dereference.97] line 81 dereference failure: pointer NULL in machine->states: SUCCESS
[two_block_state_id.pointer_dereference.98] line 81 dereference failure: pointer invalid in machine->states: SUCCESS
[two_block_state_id.pointer_dereference.99] line 81 dereference failure: deallocated dynamic object in machine->states: SUCCESS
[two_block_state_id.pointer_dereference.100] line 81 dereference failure: dead object in machine->states: SUCCESS
[two_block_state_id.pointer_dereference.101] line 81 dereference failure: pointer outside object bounds in machine->states: SUCCESS
[two_block_state_id.pointer_dereference.102] line 81 dereference failure: invalid integer address in machine->states: SUCCESS
[two_block_state_id.pointer_dereference.103] line 81 dereference failure: pointer NULL in machine->state[(signed long int)machine->states]: SUCCESS
[two_block_state_id.pointer_dereference.104] line 81 dereference failure: pointer invalid in machine->state[(signed long int)machine->states]: SUCCESS
[two_block_state_id.pointer_dereference.105] line 81 dereference failure: deallocated dynamic object in machine->state[(signed long int)machine->states]: SUCCESS
[two_block_state_id.pointer_dereference.106] line 81 dereference failure: dead object in machine->state[(signed long int)machine->states]: SUCCESS
[two_block_state_id.pointer_dereference.107] line 81 dereference failure: pointer outside object bounds in machine->state[(signed long int)machine->states]: SUCCESS
[two_block_state_id.pointer_dereference.108] line 81 dereference failure: invalid integer address in machine->state[(signed long int)machine->states]: SUCCESS
[two_block_state_id.overflow.7] line 82 arithmetic overflow on signed + in machine->states + 1: SUCCESS
[two_block_state_id.pointer_dereference.109] line 82 dereference failure: pointer NULL in machine->states: SUCCESS
[two_block_state_id.pointer_dereference.110] line 82 dereference failure: pointer invalid in machine->states: SUCCESS
[two_block_state_id.pointer_dereference.111] line 82 dereference failure: deallocated dynamic object in machine->states: SUCCESS
[two_block_state_id.pointer_dereference.112] line 82 dereference failure: dead object in machine->states: SUCCESS
[two_block_state_id.pointer_dereference.113] line 82 dereference failure: pointer outside object bounds in machine->states: SUCCESS
[two_block_state_id.pointer_dereference.114] line 82 dereference failure: invalid integer address in machine->states: SUCCESS

source/algos/include/cbmc.h function bf_search
[bf_search.assertion.1] line 33 assertion m < MAX_M: SUCCESS
[bf_search.assertion.2] line 34 assertion n < MAX_N: SUCCESS
[bf_search.overflow.1] line 36 arithmetic overflow on signed - in n - m: SUCCESS
[bf_search.overflow.4] line 36 arithmetic overflow on signed + in j + 1: SUCCESS
[bf_search.overflow.2] line 39 arithmetic overflow on signed to unsigned type conversion in (size_t)m: SUCCESS
[bf_search.pointer_arithmetic.1] line 39 pointer arithmetic: pointer NULL in y + (signed long int)j: SUCCESS
[bf_search.pointer_arithmetic.2] line 39 pointer arithmetic: pointer invalid in y + (signed long int)j: SUCCESS
[bf_search.pointer_arithmetic.3] line 39 pointer arithmetic: deallocated dynamic object in y + (signed long int)j: SUCCESS
[bf_search.pointer_arithmetic.4] line 39 pointer arithmetic: dead object in y + (signed long int)j: SUCCESS
[bf_search.pointer_arithmetic.5] line 39 pointer arithmetic: pointer outside object bounds in y + (signed long int)j: SUCCESS
[bf_search.pointer_arithmetic.6] line 39 pointer arithmetic: invalid integer address in y + (signed long int)j: SUCCESS
[bf_search.overflow.3] line 40 arithmetic overflow on signed + in count + 1: SUCCESS

source/algos/include/cbmc.h function bf_search_large
[bf_search_large.overflow.1] line 48 arithmetic overflow on signed - in n - m: SUCCESS
[bf_search_large.overflow.4] line 48 arithmetic overflow on signed + in j + 1: SUCCESS
[bf_search_large.overflow.2] line 52 arithmetic overflow on signed to unsigned type conversion in (size_t)m: SUCCESS
[bf_search_large.pointer_arithmetic.1] line 52 pointer arithmetic: pointer NULL in y + (signed long int)j: SUCCESS
[bf_search_large.pointer_arithmetic.2] line 52 pointer arithmetic: pointer invalid in y + (signed long int)j: SUCCESS
[bf_search_large.pointer_arithmetic.3] line 52 pointer arithmetic: deallocated dynamic object in y + (signed long int)j: SUCCESS
[bf_search_large.pointer_arithmetic.4] line 52 pointer arithmetic: dead object in y + (signed long int)j: SUCCESS
[bf_search_large.pointer_arithmetic.5] line 52 pointer arithmetic: pointer outside object bounds in y + (signed long int)j: SUCCESS
[bf_search_large.pointer_arithmetic.6] line 52 pointer arithmetic: invalid integer address in y + (signed long int)j: SUCCESS
[bf_search_large.overflow.3] line 53 arithmetic overflow on signed + in count + 1: SUCCESS

source/algos/include/cbmc.h function main
[main.overflow.1] line 80 arithmetic overflow on signed + in i + 1: SUCCESS
[main.array_bounds.1] line 82 array 'P' lower bound in P[(signed long int)i]: SUCCESS
[main.array_bounds.2] line 82 array 'P' upper bound in P[(signed long int)i]: SUCCESS
[main.array_bounds.3] line 82 array 'P' lower bound in P[(signed long int)i]: SUCCESS
[main.array_bounds.4] line 82 array 'P' upper bound in P[(signed long int)i]: SUCCESS
[main.array_bounds.5] line 82 array 'P' lower bound in P[(signed long int)i]: SUCCESS
[main.array_bounds.6] line 82 array 'P' upper bound in P[(signed long int)i]: SUCCESS
[main.overflow.2] line 83 arithmetic overflow on signed + in i + 1: SUCCESS
[main.array_bounds.7] line 85 array 'T' lower bound in T[(signed long int)i]: SUCCESS
[main.array_bounds.8] line 85 array 'T' upper bound in T[(signed long int)i]: SUCCESS
[main.array_bounds.9] line 85 array 'T' lower bound in T[(signed long int)i]: SUCCESS
[main.array_bounds.10] line 85 array 'T' upper bound in T[(signed long int)i]: SUCCESS
[main.array_bounds.11] line 85 array 'T' lower bound in T[(signed long int)i]: SUCCESS
[main.array_bounds.12] line 85 array 'T' upper bound in T[(signed long int)i]: SUCCESS
[main.assertion.1] line 111 assertion ref == occ: SUCCESS
[main.assertion.2] line 114 assertion ref == occ: SUCCESS
[main.assertion.3] line 117 assertion ref == occ: SUCCESS
[main.assertion.4] line 118 assertion ref == occ: SUCCESS
[main.assertion.5] line 119 assertion ref == occ: SUCCESS
[main.assertion.6] line 120 assertion ref == occ: SUCCESS
[main.assertion.7] line 121 assertion ref == occ: SUCCESS
[main.assertion.8] line 122 assertion ref == occ: SUCCESS
[main.assertion.9] line 123 assertion ref == occ: SUCCESS
[main.assertion.10] line 124 assertion ref == occ: SUCCESS
[main.assertion.11] line 125 assertion ref == occ: SUCCESS
[main.assertion.12] line 126 assertion ref == occ: SUCCESS
[main.assertion.13] line 129 assertion ref == occ: SUCCESS
[main.assertion.14] line 130 assertion ref == occ: SUCCESS
[main.assertion.15] line 133 assertion ref == occ: SUCCESS
[main.assertion.16] line 134 assertion ref == occ: SUCCESS
[main.assertion.17] line 135 assertion ref == occ: SUCCESS
[main.assertion.18] line 136 assertion ref == occ: SUCCESS
[main.assertion.19] line 139 assertion ref == occ: SUCCESS
[main.assertion.20] line 140 assertion ref == occ: SUCCESS
[main.assertion.21] line 141 assertion ref == occ: SUCCESS
[main.assertion.22] line 142 assertion ref == occ: SUCCESS
[main.assertion.23] line 143 assertion ref == occ: SUCCESS
[main.assertion.24] line 144 assertion ref == occ: SUCCESS
[main.assertion.25] line 145 assertion ref == occ: SUCCESS
[main.assertion.26] line 148 assertion ref == occ: SUCCESS
[main.assertion.27] line 149 assertion ref == occ: SUCCESS
[main.assertion.28] line 150 assertion ref == occ: SUCCESS
[main.assertion.29] line 151 assertion ref == occ: SUCCESS
[main.assertion.30] line 152 assertion ref == occ: SUCCESS
[main.assertion.31] line 155 assertion ref == occ: SUCCESS
[main.assertion.32] line 158 assertion ref == occ: SUCCESS
[main.assertion.33] line 159 assertion ref == occ: SUCCESS
[main.assertion.34] line 160 assertion ref == occ: SUCCESS
[main.precondition_instance.1] line 163 strcpy src/dst overlap: SUCCESS
[main.assertion.35] line 165 assertion ref == occ: SUCCESS
[main.assertion.36] line 166 assertion ref == occ: SUCCESS
[main.assertion.37] line 169 assertion ref == occ: SUCCESS
[main.assertion.38] line 170 assertion ref == occ: SUCCESS
[main.assertion.39] line 173 assertion ref == occ: SUCCESS
[main.assertion.40] line 174 assertion ref == occ: SUCCESS
[main.assertion.41] line 177 assertion ref == occ: SUCCESS
[main.assertion.42] line 178 assertion ref == occ: SUCCESS

** 0 of 779 failed (1 iterations)
VERIFICATION SUCCESSFUL
source/algos/scut.c
timeout 4m cbmc --verbosity 7 --unwinding-assertions --slice-formula 
timeout 4m cbmc --verbosity 7 --unwinding-assertions --slice-formula --trace -Isource/algos -DCBMC --bounds-check --pointer-check --memory-leak-check --div-by-zero-check --signed-overflow-check --unsigned-overflow-check --pointer-overflow-check --conversion-check --undefined-shift-check --float-overflow-check --nan-check --enum-range-check source/algos/scut.c
CBMC version 6.4.1 (cbmc-6.4.1-176-g0827dcaeaa) 64-bit x86_64 linux
Type-checking scut
Generating GOTO Program
Adding CPROVER library (x86_64)
Removal of function pointers and virtual functions
Generic Property Instrumentation
Starting Bounded Model Checking

** Results:
function __CPROVER__start
[__CPROVER__start.memory-leak.1] dynamically allocated memory never freed in __CPROVER_memory_leak == NULL: SUCCESS

<builtin-library-calloc> function calloc
[calloc.pointer_dereference.1] line 14 dereference failure: dead object in *(&alloc_size): SUCCESS
[calloc.assertion.1] line 31 max allocation size exceeded: SUCCESS
[calloc.assertion.2] line 36 max allocation may fail: SUCCESS

<builtin-library-memcmp> function memcmp
[memcmp.precondition.1] line 19 memcmp region 1 readable: SUCCESS
[memcmp.precondition.2] line 21 memcpy region 2 readable: SUCCESS
[memcmp.overflow.2] line 25 arithmetic overflow on unsigned - in n - 1ul: SUCCESS
[memcmp.overflow.1] line 27 arithmetic overflow on signed - in (signed int)*tmp_post_sc1 - (signed int)*tmp_post_sc2: SUCCESS
[memcmp.pointer_arithmetic.1] line 27 pointer arithmetic: pointer NULL in sc1 + 1l: SUCCESS
[memcmp.pointer_arithmetic.2] line 27 pointer arithmetic: pointer invalid in sc1 + 1l: SUCCESS
[memcmp.pointer_arithmetic.3] line 27 pointer arithmetic: deallocated dynamic object in sc1 + 1l: SUCCESS
[memcmp.pointer_arithmetic.4] line 27 pointer arithmetic: dead object in sc1 + 1l: SUCCESS
[memcmp.pointer_arithmetic.5] line 27 pointer arithmetic: pointer outside object bounds in sc1 + 1l: SUCCESS
[memcmp.pointer_arithmetic.6] line 27 pointer arithmetic: invalid integer address in sc1 + 1l: SUCCESS
[memcmp.pointer_arithmetic.7] line 27 pointer arithmetic: pointer NULL in sc2 + 1l: SUCCESS
[memcmp.pointer_arithmetic.8] line 27 pointer arithmetic: pointer invalid in sc2 + 1l: SUCCESS
[memcmp.pointer_arithmetic.9] line 27 pointer arithmetic: deallocated dynamic object in sc2 + 1l: SUCCESS
[memcmp.pointer_arithmetic.10] line 27 pointer arithmetic: dead object in sc2 + 1l: SUCCESS
[memcmp.pointer_arithmetic.11] line 27 pointer arithmetic: pointer outside object bounds in sc2 + 1l: SUCCESS
[memcmp.pointer_arithmetic.12] line 27 pointer arithmetic: invalid integer address in sc2 + 1l: SUCCESS
[memcmp.pointer_dereference.1] line 27 dereference failure: pointer NULL in *tmp_post_sc1: SUCCESS
[memcmp.pointer_dereference.2] line 27 dereference failure: pointer invalid in *tmp_post_sc1: SUCCESS
[memcmp.pointer_dereference.3] line 27 dereference failure: deallocated dynamic object in *tmp_post_sc1: SUCCESS
[memcmp.pointer_dereference.4] line 27 dereference failure: dead object in *tmp_post_sc1: SUCCESS
[memcmp.pointer_dereference.5] line 27 dereference failure: pointer outside object bounds in *tmp_post_sc1: SUCCESS
[memcmp.pointer_dereference.6] line 27 dereference failure: invalid integer address in *tmp_post_sc1: SUCCESS
[memcmp.pointer_dereference.7] line 27 dereference failure: pointer NULL in *tmp_post_sc2: SUCCESS
[memcmp.pointer_dereference.8] line 27 dereference failure: pointer invalid in *tmp_post_sc2: SUCCESS
[memcmp.pointer_dereference.9] line 27 dereference failure: deallocated dynamic object in *tmp_post_sc2: SUCCESS
[memcmp.pointer_dereference.10] line 27 dereference failure: dead object in *tmp_post_sc2: SUCCESS
[memcmp.pointer_dereference.11] line 27 dereference failure: pointer outside object bounds in *tmp_post_sc2: SUCCESS
[memcmp.pointer_dereference.12] line 27 dereference failure: invalid integer address in *tmp_post_sc2: SUCCESS

<builtin-library-strcpy> function strcpy
[strcpy.overflow.1] line 29 arithmetic overflow on unsigned to signed type conversion in (signed long int)i: SUCCESS
[strcpy.pointer_arithmetic.1] line 29 pointer arithmetic: pointer NULL in src + (signed long int)i: SUCCESS
[strcpy.pointer_arithmetic.2] line 29 pointer arithmetic: pointer invalid in src + (signed long int)i: SUCCESS
[strcpy.pointer_arithmetic.3] line 29 pointer arithmetic: deallocated dynamic object in src + (signed long int)i: SUCCESS
[strcpy.pointer_arithmetic.4] line 29 pointer arithmetic: dead object in src + (signed long int)i: SUCCESS
[strcpy.pointer_arithmetic.5] line 29 pointer arithmetic: pointer outside object bounds in src + (signed long int)i: SUCCESS
[strcpy.pointer_arithmetic.6] line 29 pointer arithmetic: invalid integer address in src + (signed long int)i: SUCCESS
[strcpy.pointer_dereference.1] line 29 dereference failure: pointer NULL in src[(signed long int)i]: SUCCESS
[strcpy.pointer_dereference.2] line 29 dereference failure: pointer invalid in src[(signed long int)i]: SUCCESS
[strcpy.pointer_dereference.3] line 29 dereference failure: deallocated dynamic object in src[(signed long int)i]: SUCCESS
[strcpy.pointer_dereference.4] line 29 dereference failure: dead object in src[(signed long int)i]: SUCCESS
[strcpy.pointer_dereference.5] line 29 dereference failure: pointer outside object bounds in src[(signed long int)i]: SUCCESS
[strcpy.pointer_dereference.6] line 29 dereference failure: invalid integer address in src[(signed long int)i]: SUCCESS
[strcpy.pointer_arithmetic.7] line 30 pointer arithmetic: pointer NULL in dst + (signed long int)i: SUCCESS
[strcpy.pointer_arithmetic.8] line 30 pointer arithmetic: pointer invalid in dst + (signed long int)i: SUCCESS
[strcpy.pointer_arithmetic.9] line 30 pointer arithmetic: deallocated dynamic object in dst + (signed long int)i: SUCCESS
[strcpy.pointer_arithmetic.10] line 30 pointer arithmetic: dead object in dst + (signed long int)i: SUCCESS
[strcpy.pointer_arithmetic.11] line 30 pointer arithmetic: pointer outside object bounds in dst + (signed long int)i: SUCCESS
[strcpy.pointer_arithmetic.12] line 30 pointer arithmetic: invalid integer address in dst + (signed long int)i: SUCCESS
[strcpy.pointer_dereference.7] line 30 dereference failure: pointer NULL in dst[(signed long int)i]: SUCCESS
[strcpy.pointer_dereference.8] line 30 dereference failure: pointer invalid in dst[(signed long int)i]: SUCCESS
[strcpy.pointer_dereference.9] line 30 dereference failure: deallocated dynamic object in dst[(signed long int)i]: SUCCESS
[strcpy.pointer_dereference.10] line 30 dereference failure: dead object in dst[(signed long int)i]: SUCCESS
[strcpy.pointer_dereference.11] line 30 dereference failure: pointer outside object bounds in dst[(signed long int)i]: SUCCESS
[strcpy.pointer_dereference.12] line 30 dereference failure: invalid integer address in dst[(signed long int)i]: SUCCESS
[strcpy.overflow.2] line 31 arithmetic overflow on unsigned + in i + 1ul: SUCCESS

source/algos/include/cbmc.h function bf_search
[bf_search.assertion.1] line 33 assertion m < MAX_M: SUCCESS
[bf_search.assertion.2] line 34 assertion n < MAX_N: SUCCESS
[bf_search.overflow.1] line 36 arithmetic overflow on signed - in n - m: SUCCESS
[bf_search.overflow.4] line 36 arithmetic overflow on signed + in j + 1: SUCCESS
[bf_search.overflow.2] line 39 arithmetic overflow on signed to unsigned type conversion in (size_t)m: SUCCESS
[bf_search.pointer_arithmetic.1] line 39 pointer arithmetic: pointer NULL in y + (signed long int)j: SUCCESS
[bf_search.pointer_arithmetic.2] line 39 pointer arithmetic: pointer invalid in y + (signed long int)j: SUCCESS
[bf_search.pointer_arithmetic.3] line 39 pointer arithmetic: deallocated dynamic object in y + (signed long int)j: SUCCESS
[bf_search.pointer_arithmetic.4] line 39 pointer arithmetic: dead object in y + (signed long int)j: SUCCESS
[bf_search.pointer_arithmetic.5] line 39 pointer arithmetic: pointer outside object bounds in y + (signed long int)j: SUCCESS
[bf_search.pointer_arithmetic.6] line 39 pointer arithmetic: invalid integer address in y + (signed long int)j: SUCCESS
[bf_search.overflow.3] line 40 arithmetic overflow on signed + in count + 1: SUCCESS

source/algos/include/cbmc.h function bf_search_large
[bf_search_large.overflow.1] line 48 arithmetic overflow on signed - in n - m: SUCCESS
[bf_search_large.overflow.4] line 48 arithmetic overflow on signed + in j + 1: SUCCESS
[bf_search_large.overflow.2] line 52 arithmetic overflow on signed to unsigned type conversion in (size_t)m: SUCCESS
[bf_search_large.pointer_arithmetic.1] line 52 pointer arithmetic: pointer NULL in y + (signed long int)j: SUCCESS
[bf_search_large.pointer_arithmetic.2] line 52 pointer arithmetic: pointer invalid in y + (signed long int)j: SUCCESS
[bf_search_large.pointer_arithmetic.3] line 52 pointer arithmetic: deallocated dynamic object in y + (signed long int)j: SUCCESS
[bf_search_large.pointer_arithmetic.4] line 52 pointer arithmetic: dead object in y + (signed long int)j: SUCCESS
[bf_search_large.pointer_arithmetic.5] line 52 pointer arithmetic: pointer outside object bounds in y + (signed long int)j: SUCCESS
[bf_search_large.pointer_arithmetic.6] line 52 pointer arithmetic: invalid integer address in y + (signed long int)j: SUCCESS
[bf_search_large.overflow.3] line 53 arithmetic overflow on signed + in count + 1: SUCCESS

source/algos/include/cbmc.h function main
[main.overflow.1] line 80 arithmetic overflow on signed + in i + 1: SUCCESS
[main.array_bounds.1] line 82 array 'P' lower bound in P[(signed long int)i]: SUCCESS
[main.array_bounds.2] line 82 array 'P' upper bound in P[(signed long int)i]: SUCCESS
[main.array_bounds.3] line 82 array 'P' lower bound in P[(signed long int)i]: SUCCESS
[main.array_bounds.4] line 82 array 'P' upper bound in P[(signed long int)i]: SUCCESS
[main.array_bounds.5] line 82 array 'P' lower bound in P[(signed long int)i]: SUCCESS
[main.array_bounds.6] line 82 array 'P' upper bound in P[(signed long int)i]: SUCCESS
[main.overflow.2] line 83 arithmetic overflow on signed + in i + 1: SUCCESS
[main.array_bounds.7] line 85 array 'T' lower bound in T[(signed long int)i]: SUCCESS
[main.array_bounds.8] line 85 array 'T' upper bound in T[(signed long int)i]: SUCCESS
[main.array_bounds.9] line 85 array 'T' lower bound in T[(signed long int)i]: SUCCESS
[main.array_bounds.10] line 85 array 'T' upper bound in T[(signed long int)i]: SUCCESS
[main.array_bounds.11] line 85 array 'T' lower bound in T[(signed long int)i]: SUCCESS
[main.array_bounds.12] line 85 array 'T' upper bound in T[(signed long int)i]: SUCCESS
[main.assertion.1] line 111 assertion ref == occ: SUCCESS
[main.assertion.2] line 114 assertion ref == occ: SUCCESS
[main.assertion.3] line 117 assertion ref == occ: SUCCESS
[main.assertion.4] line 118 assertion ref == occ: SUCCESS
[main.assertion.5] line 119 assertion ref == occ: SUCCESS
[main.assertion.6] line 120 assertion ref == occ: SUCCESS
[main.assertion.7] line 121 assertion ref == occ: SUCCESS
[main.assertion.8] line 122 assertion ref == occ: SUCCESS
[main.assertion.9] line 123 assertion ref == occ: SUCCESS
[main.assertion.10] line 124 assertion ref == occ: SUCCESS
[main.assertion.11] line 125 assertion ref == occ: SUCCESS
[main.assertion.12] line 126 assertion ref == occ: SUCCESS
[main.assertion.13] line 129 assertion ref == occ: SUCCESS
[main.assertion.14] line 130 assertion ref == occ: SUCCESS
[main.assertion.15] line 133 assertion ref == occ: SUCCESS
[main.assertion.16] line 134 assertion ref == occ: SUCCESS
[main.assertion.17] line 135 assertion ref == occ: SUCCESS
[main.assertion.18] line 136 assertion ref == occ: SUCCESS
[main.assertion.19] line 139 assertion ref == occ: SUCCESS
[main.assertion.20] line 140 assertion ref == occ: SUCCESS
[main.assertion.21] line 141 assertion ref == occ: SUCCESS
[main.assertion.22] line 142 assertion ref == occ: SUCCESS
[main.assertion.23] line 143 assertion ref == occ: SUCCESS
[main.assertion.24] line 144 assertion ref == occ: SUCCESS
[main.assertion.25] line 145 assertion ref == occ: SUCCESS
[main.assertion.26] line 148 assertion ref == occ: SUCCESS
[main.assertion.27] line 149 assertion ref == occ: SUCCESS
[main.assertion.28] line 150 assertion ref == occ: SUCCESS
[main.assertion.29] line 151 assertion ref == occ: SUCCESS
[main.assertion.30] line 152 assertion ref == occ: SUCCESS
[main.assertion.31] line 155 assertion ref == occ: SUCCESS
[main.assertion.32] line 158 assertion ref == occ: SUCCESS
[main.assertion.33] line 159 assertion ref == occ: SUCCESS
[main.assertion.34] line 160 assertion ref == occ: SUCCESS
[main.precondition_instance.1] line 163 strcpy src/dst overlap: SUCCESS
[main.assertion.35] line 165 assertion ref == occ: SUCCESS
[main.assertion.36] line 166 assertion ref == occ: SUCCESS
[main.assertion.37] line 169 assertion ref == occ: SUCCESS
[main.assertion.38] line 170 assertion ref == occ: SUCCESS
[main.assertion.39] line 173 assertion ref == occ: SUCCESS
[main.assertion.40] line 174 assertion ref == occ: SUCCESS
[main.assertion.41] line 177 assertion ref == occ: SUCCESS
[main.assertion.42] line 178 assertion ref == occ: SUCCESS

source/algos/scut.c function search
[search.overflow.1] line 186 arithmetic overflow on signed * in 2 * m: SUCCESS
[search.overflow.2] line 186 arithmetic overflow on signed * in 2 * m * m: SUCCESS
[search.overflow.3] line 187 arithmetic overflow on signed to unsigned type conversion in (size_t)machine.capacity: SUCCESS
[search.overflow.4] line 189 arithmetic overflow on signed to unsigned type conversion in (size_t)machine.capacity: SUCCESS
[search.overflow.5] line 189 arithmetic overflow on unsigned * in (size_t)machine.capacity * (unsigned long int)256: SUCCESS
[search.precondition_instance.1] line 191 free argument must be NULL or valid pointer: SUCCESS
[search.precondition_instance.2] line 191 free argument must be dynamic object: SUCCESS
[search.precondition_instance.3] line 191 free argument has offset zero: SUCCESS
[search.precondition_instance.4] line 191 double free: SUCCESS
[search.precondition_instance.5] line 191 free called for new[] object: SUCCESS
[search.precondition_instance.6] line 191 free called for stack-allocated object: SUCCESS
[search.precondition_instance.7] line 192 free argument must be NULL or valid pointer: SUCCESS
[search.precondition_instance.8] line 192 free argument must be dynamic object: SUCCESS
[search.precondition_instance.9] line 192 free argument has offset zero: SUCCESS
[search.precondition_instance.10] line 192 double free: SUCCESS
[search.precondition_instance.11] line 192 free called for new[] object: SUCCESS
[search.precondition_instance.12] line 192 free called for stack-allocated object: SUCCESS
[search.overflow.6] line 195 arithmetic overflow on signed to unsigned type conversion in (uint16_t)m: SUCCESS
[search.pointer_arithmetic.1] line 195 pointer arithmetic: pointer NULL in machine.state + (signed long int)0: SUCCESS
[search.pointer_arithmetic.2] line 195 pointer arithmetic: pointer invalid in machine.state + (signed long int)0: SUCCESS
[search.pointer_arithmetic.3] line 195 pointer arithmetic: deallocated dynamic object in machine.state + (signed long int)0: SUCCESS
[search.pointer_arithmetic.4] line 195 pointer arithmetic: dead object in machine.state + (signed long int)0: SUCCESS
[search.pointer_arithmetic.5] line 195 pointer arithmetic: pointer outside object bounds in machine.state + (signed long int)0: SUCCESS
[search.pointer_arithmetic.6] line 195 pointer arithmetic: invalid integer address in machine.state + (signed long int)0: SUCCESS
[search.pointer_arithmetic.7] line 195 pointer arithmetic: pointer NULL in machine.state + (signed long int)0: SUCCESS
[search.pointer_arithmetic.8] line 195 pointer arithmetic: pointer invalid in machine.state + (signed long int)0: SUCCESS
[search.pointer_arithmetic.9] line 195 pointer arithmetic: deallocated dynamic object in machine.state + (signed long int)0: SUCCESS
[search.pointer_arithmetic.10] line 195 pointer arithmetic: dead object in machine.state + (signed long int)0: SUCCESS
[search.pointer_arithmetic.11] line 195 pointer arithmetic: pointer outside object bounds in machine.state + (signed long int)0: SUCCESS
[search.pointer_arithmetic.12] line 195 pointer arithmetic: invalid integer address in machine.state + (signed long int)0: SUCCESS
[search.pointer_dereference.1] line 195 dereference failure: pointer NULL in (machine.state + (signed long int)0)->last: SUCCESS
[search.pointer_dereference.2] line 195 dereference failure: pointer invalid in (machine.state + (signed long int)0)->last: SUCCESS
[search.pointer_dereference.3] line 195 dereference failure: deallocated dynamic object in (machine.state + (signed long int)0)->last: SUCCESS
[search.pointer_dereference.4] line 195 dereference failure: dead object in (machine.state + (signed long int)0)->last: SUCCESS
[search.pointer_dereference.5] line 195 dereference failure: pointer outside object bounds in (machine.state + (signed long int)0)->last: SUCCESS
[search.pointer_dereference.6] line 195 dereference failure: invalid integer address in (machine.state + (signed long int)0)->last: SUCCESS
[search.pointer_dereference.7] line 195 dereference failure: pointer NULL in (machine.state + (signed long int)0)->first: SUCCESS
[search.pointer_dereference.8] line 195 dereference failure: pointer invalid in (machine.state + (signed long int)0)->first: SUCCESS
[search.pointer_dereference.9] line 195 dereference failure: deallocated dynamic object in (machine.state + (signed long int)0)->first: SUCCESS
[search.pointer_dereference.10] line 195 dereference failure: dead object in (machine.state + (signed long int)0)->first: SUCCESS
[search.pointer_dereference.11] line 195 dereference failure: pointer outside object bounds in (machine.state + (signed long int)0)->first: SUCCESS
[search.pointer_dereference.12] line 195 dereference failure: invalid integer address in (machine.state + (signed long int)0)->first: SUCCESS
[search.overflow.7] line 199 arithmetic overflow on signed - in n - m: SUCCESS
[search.overflow.8] line 201 arithmetic overflow on signed + in align + read_pos: SUCCESS
[search.pointer_arithmetic.13] line 201 pointer arithmetic: pointer NULL in y + (signed long int)(align + read_pos): SUCCESS
[search.pointer_arithmetic.14] line 201 pointer arithmetic: pointer invalid in y + (signed long int)(align + read_pos): SUCCESS
[search.pointer_arithmetic.15] line 201 pointer arithmetic: deallocated dynamic object in y + (signed long int)(align + read_pos): SUCCESS
[search.pointer_arithmetic.16] line 201 pointer arithmetic: dead object in y + (signed long int)(align + read_pos): SUCCESS
[search.pointer_arithmetic.17] line 201 pointer arithmetic: pointer outside object bounds in y + (signed long int)(align + read_pos): SUCCESS
[search.pointer_arithmetic.18] line 201 pointer arithmetic: invalid integer address in y + (signed long int)(align + read_pos): SUCCESS
[search.pointer_dereference.13] line 201 dereference failure: pointer NULL in y[(signed long int)(align + read_pos)]: SUCCESS
[search.pointer_dereference.14] line 201 dereference failure: pointer invalid in y[(signed long int)(align + read_pos)]: SUCCESS
[search.pointer_dereference.15] line 201 dereference failure: deallocated dynamic object in y[(signed long int)(align + read_pos)]: SUCCESS
[search.pointer_dereference.16] line 201 dereference failure: dead object in y[(signed long int)(align + read_pos)]: SUCCESS
[search.pointer_dereference.17] line 201 dereference failure: pointer outside object bounds in y[(signed long int)(align + read_pos)]: SUCCESS
[search.pointer_dereference.18] line 201 dereference failure: invalid integer address in y[(signed long int)(align + read_pos)]: SUCCESS
[search.pointer_arithmetic.19] line 204 pointer arithmetic: pointer NULL in x + (signed long int)read_pos: SUCCESS
[search.pointer_arithmetic.20] line 204 pointer arithmetic: pointer invalid in x + (signed long int)read_pos: SUCCESS
[search.pointer_arithmetic.21] line 204 pointer arithmetic: deallocated dynamic object in x + (signed long int)read_pos: SUCCESS
[search.pointer_arithmetic.22] line 204 pointer arithmetic: dead object in x + (signed long int)read_pos: SUCCESS
[search.pointer_arithmetic.23] line 204 pointer arithmetic: pointer outside object bounds in x + (signed long int)read_pos: SUCCESS
[search.pointer_arithmetic.24] line 204 pointer arithmetic: invalid integer address in x + (signed long int)read_pos: SUCCESS
[search.pointer_dereference.19] line 204 dereference failure: pointer NULL in x[(signed long int)read_pos]: SUCCESS
[search.pointer_dereference.20] line 204 dereference failure: pointer invalid in x[(signed long int)read_pos]: SUCCESS
[search.pointer_dereference.21] line 204 dereference failure: deallocated dynamic object in x[(signed long int)read_pos]: SUCCESS
[search.pointer_dereference.22] line 204 dereference failure: dead object in x[(signed long int)read_pos]: SUCCESS
[search.pointer_dereference.23] line 204 dereference failure: pointer outside object bounds in x[(signed long int)read_pos]: SUCCESS
[search.pointer_dereference.24] line 204 dereference failure: invalid integer address in x[(signed long int)read_pos]: SUCCESS
[search.overflow.9] line 205 arithmetic overflow on signed * in (signed long int)state * (signed long int)8ul: SUCCESS
[search.pointer_arithmetic.25] line 205 pointer arithmetic: pointer NULL in machine.state + (signed long int)state: SUCCESS
[search.pointer_arithmetic.26] line 205 pointer arithmetic: pointer invalid in machine.state + (signed long int)state: SUCCESS
[search.pointer_arithmetic.27] line 205 pointer arithmetic: deallocated dynamic object in machine.state + (signed long int)state: SUCCESS
[search.pointer_arithmetic.28] line 205 pointer arithmetic: dead object in machine.state + (signed long int)state: SUCCESS
[search.pointer_arithmetic.29] line 205 pointer arithmetic: pointer outside object bounds in machine.state + (signed long int)state: SUCCESS
[search.pointer_arithmetic.30] line 205 pointer arithmetic: invalid integer address in machine.state + (signed long int)state: SUCCESS
[search.pointer_dereference.25] line 205 dereference failure: pointer NULL in machine.state[(signed long int)state]: SUCCESS
[search.pointer_dereference.26] line 205 dereference failure: pointer invalid in machine.state[(signed long int)state]: SUCCESS
[search.pointer_dereference.27] line 205 dereference failure: deallocated dynamic object in machine.state[(signed long int)state]: SUCCESS
[search.pointer_dereference.28] line 205 dereference failure: dead object in machine.state[(signed long int)state]: SUCCESS
[search.pointer_dereference.29] line 205 dereference failure: pointer outside object bounds in machine.state[(signed long int)state]: SUCCESS
[search.pointer_dereference.30] line 205 dereference failure: invalid integer address in machine.state[(signed long int)state]: SUCCESS
[search.overflow.10] line 208 arithmetic overflow on signed to unsigned type conversion in (size_t)m: SUCCESS
[search.pointer_arithmetic.31] line 208 pointer arithmetic: pointer NULL in y + (signed long int)align: SUCCESS
[search.pointer_arithmetic.32] line 208 pointer arithmetic: pointer invalid in y + (signed long int)align: SUCCESS
[search.pointer_arithmetic.33] line 208 pointer arithmetic: deallocated dynamic object in y + (signed long int)align: SUCCESS
[search.pointer_arithmetic.34] line 208 pointer arithmetic: dead object in y + (signed long int)align: SUCCESS
[search.pointer_arithmetic.35] line 208 pointer arithmetic: pointer outside object bounds in y + (signed long int)align: SUCCESS
[search.pointer_arithmetic.36] line 208 pointer arithmetic: invalid integer address in y + (signed long int)align: SUCCESS
[search.overflow.11] line 209 arithmetic overflow on signed + in count + 1: SUCCESS
[search.overflow.12] line 210 arithmetic overflow on signed + in align + 1: SUCCESS
[search.overflow.13] line 216 arithmetic overflow on signed to unsigned type conversion in (uint16_t)read_pos: SUCCESS
[search.overflow.14] line 217 arithmetic overflow on signed + in (signed int)blocks.last + 1: SUCCESS
[search.overflow.15] line 218 arithmetic overflow on unsigned + in blocks.last + 1: SUCCESS
[search.overflow.16] line 220 arithmetic overflow on unsigned - in blocks.first - 1: SUCCESS
[search.overflow.17] line 224 arithmetic overflow on signed + in count + 1: SUCCESS
[search.overflow.18] line 225 arithmetic overflow on signed + in align + 1: SUCCESS
[search.overflow.19] line 234 arithmetic overflow on signed * in state * 256: SUCCESS
[search.overflow.20] line 234 arithmetic overflow on signed + in state * 256 + (signed int)character: SUCCESS
[search.overflow.21] line 234 arithmetic overflow on signed * in (signed long int)(state * 256 + (signed int)character) * (signed long int)4ul: SUCCESS
[search.pointer_arithmetic.37] line 234 pointer arithmetic: pointer NULL in machine.transition + (signed long int)(state * 256 + (signed int)character): SUCCESS
[search.pointer_arithmetic.38] line 234 pointer arithmetic: pointer invalid in machine.transition + (signed long int)(state * 256 + (signed int)character): SUCCESS
[search.pointer_arithmetic.39] line 234 pointer arithmetic: deallocated dynamic object in machine.transition + (signed long int)(state * 256 + (signed int)character): SUCCESS
[search.pointer_arithmetic.40] line 234 pointer arithmetic: dead object in machine.transition + (signed long int)(state * 256 + (signed int)character): SUCCESS
[search.pointer_arithmetic.41] line 234 pointer arithmetic: pointer outside object bounds in machine.transition + (signed long int)(state * 256 + (signed int)character): SUCCESS
[search.pointer_arithmetic.42] line 234 pointer arithmetic: invalid integer address in machine.transition + (signed long int)(state * 256 + (signed int)character): SUCCESS
[search.pointer_dereference.31] line 235 dereference failure: pointer NULL in transition->ready: SUCCESS
[search.pointer_dereference.32] line 235 dereference failure: pointer invalid in transition->ready: SUCCESS
[search.pointer_dereference.33] line 235 dereference failure: deallocated dynamic object in transition->ready: SUCCESS
[search.pointer_dereference.34] line 235 dereference failure: dead object in transition->ready: SUCCESS
[search.pointer_dereference.35] line 235 dereference failure: pointer outside object bounds in transition->ready: SUCCESS
[search.pointer_dereference.36] line 235 dereference failure: invalid integer address in transition->ready: SUCCESS
[search.pointer_dereference.37] line 236 dereference failure: pointer NULL in *transition: SUCCESS
[search.pointer_dereference.38] line 236 dereference failure: pointer invalid in *transition: SUCCESS
[search.pointer_dereference.39] line 236 dereference failure: deallocated dynamic object in *transition: SUCCESS
[search.pointer_dereference.40] line 236 dereference failure: dead object in *transition: SUCCESS
[search.pointer_dereference.41] line 236 dereference failure: pointer outside object bounds in *transition: SUCCESS
[search.pointer_dereference.42] line 236 dereference failure: invalid integer address in *transition: SUCCESS
[search.overflow.22] line 237 arithmetic overflow on signed + in align + (signed int)transition->shift: SUCCESS
[search.pointer_dereference.43] line 237 dereference failure: pointer NULL in transition->shift: SUCCESS
[search.pointer_dereference.44] line 237 dereference failure: pointer invalid in transition->shift: SUCCESS
[search.pointer_dereference.45] line 237 dereference failure: deallocated dynamic object in transition->shift: SUCCESS
[search.pointer_dereference.46] line 237 dereference failure: dead object in transition->shift: SUCCESS
[search.pointer_dereference.47] line 237 dereference failure: pointer outside object bounds in transition->shift: SUCCESS
[search.pointer_dereference.48] line 237 dereference failure: invalid integer address in transition->shift: SUCCESS
[search.pointer_dereference.49] line 238 dereference failure: pointer NULL in transition->next: SUCCESS
[search.pointer_dereference.50] line 238 dereference failure: pointer invalid in transition->next: SUCCESS
[search.pointer_dereference.51] line 238 dereference failure: deallocated dynamic object in transition->next: SUCCESS
[search.pointer_dereference.52] line 238 dereference failure: dead object in transition->next: SUCCESS
[search.pointer_dereference.53] line 238 dereference failure: pointer outside object bounds in transition->next: SUCCESS
[search.pointer_dereference.54] line 238 dereference failure: invalid integer address in transition->next: SUCCESS
[search.precondition_instance.13] line 241 free argument must be NULL or valid pointer: SUCCESS
[search.precondition_instance.14] line 241 free argument must be dynamic object: SUCCESS
[search.precondition_instance.15] line 241 free argument has offset zero: SUCCESS
[search.precondition_instance.16] line 241 double free: SUCCESS
[search.precondition_instance.17] line 241 free called for new[] object: SUCCESS
[search.precondition_instance.18] line 241 free called for stack-allocated object: SUCCESS
[search.precondition_instance.19] line 242 free argument must be NULL or valid pointer: SUCCESS
[search.precondition_instance.20] line 242 free argument must be dynamic object: SUCCESS
[search.precondition_instance.21] line 242 free argument has offset zero: SUCCESS
[search.precondition_instance.22] line 242 double free: SUCCESS
[search.precondition_instance.23] line 242 free called for new[] object: SUCCESS
[search.precondition_instance.24] line 242 free called for stack-allocated object: SUCCESS

source/algos/scut.c function two_block_fallback
[two_block_fallback.overflow.1] line 150 arithmetic overflow on signed + in i + 1: SUCCESS
[two_block_fallback.array_bounds.1] line 151 array 'shift' lower bound in shift[(signed long int)i]: SUCCESS
[two_block_fallback.array_bounds.2] line 151 array 'shift' upper bound in shift[(signed long int)i]: SUCCESS
[two_block_fallback.overflow.2] line 152 arithmetic overflow on signed - in m - 1: SUCCESS
[two_block_fallback.overflow.4] line 152 arithmetic overflow on signed + in i + 1: SUCCESS
[two_block_fallback.array_bounds.3] line 153 array 'shift' upper bound in shift[(signed long int)x[(signed long int)i]]: SUCCESS
[two_block_fallback.overflow.3] line 153 arithmetic overflow on signed - in (m - 1) - i: SUCCESS
[two_block_fallback.pointer_arithmetic.1] line 153 pointer arithmetic: pointer NULL in x + (signed long int)i: SUCCESS
[two_block_fallback.pointer_arithmetic.2] line 153 pointer arithmetic: pointer invalid in x + (signed long int)i: SUCCESS
[two_block_fallback.pointer_arithmetic.3] line 153 pointer arithmetic: deallocated dynamic object in x + (signed long int)i: SUCCESS
[two_block_fallback.pointer_arithmetic.4] line 153 pointer arithmetic: dead object in x + (signed long int)i: SUCCESS
[two_block_fallback.pointer_arithmetic.5] line 153 pointer arithmetic: pointer outside object bounds in x + (signed long int)i: SUCCESS
[two_block_fallback.pointer_arithmetic.6] line 153 pointer arithmetic: invalid integer address in x + (signed long int)i: SUCCESS
[two_block_fallback.pointer_dereference.1] line 153 dereference failure: pointer NULL in x[(signed long int)i]: SUCCESS
[two_block_fallback.pointer_dereference.2] line 153 dereference failure: pointer invalid in x[(signed long int)i]: SUCCESS
[two_block_fallback.pointer_dereference.3] line 153 dereference failure: deallocated dynamic object in x[(signed long int)i]: SUCCESS
[two_block_fallback.pointer_dereference.4] line 153 dereference failure: dead object in x[(signed long int)i]: SUCCESS
[two_block_fallback.pointer_dereference.5] line 153 dereference failure: pointer outside object bounds in x[(signed long int)i]: SUCCESS
[two_block_fallback.pointer_dereference.6] line 153 dereference failure: invalid integer address in x[(signed long int)i]: SUCCESS
[two_block_fallback.overflow.5] line 157 arithmetic overflow on signed - in n - m: SUCCESS
[two_block_fallback.overflow.6] line 158 arithmetic overflow on signed - in m - 1: SUCCESS
[two_block_fallback.overflow.7] line 158 arithmetic overflow on signed + in j + i: SUCCESS
[two_block_fallback.overflow.8] line 158 arithmetic overflow on signed - in i - 1: SUCCESS
[two_block_fallback.pointer_arithmetic.7] line 158 pointer arithmetic: pointer NULL in x + (signed long int)i: SUCCESS
[two_block_fallback.pointer_arithmetic.8] line 158 pointer arithmetic: pointer invalid in x + (signed long int)i: SUCCESS
[two_block_fallback.pointer_arithmetic.9] line 158 pointer arithmetic: deallocated dynamic object in x + (signed long int)i: SUCCESS
[two_block_fallback.pointer_arithmetic.10] line 158 pointer arithmetic: dead object in x + (signed long int)i: SUCCESS
[two_block_fallback.pointer_arithmetic.11] line 158 pointer arithmetic: pointer outside object bounds in x + (signed long int)i: SUCCESS
[two_block_fallback.pointer_arithmetic.12] line 158 pointer arithmetic: invalid integer address in x + (signed long int)i: SUCCESS
[two_block_fallback.pointer_arithmetic.13] line 158 pointer arithmetic: pointer NULL in y + (signed long int)(j + i): SUCCESS
[two_block_fallback.pointer_arithmetic.14] line 158 pointer arithmetic: pointer invalid in y + (signed long int)(j + i): SUCCESS
[two_block_fallback.pointer_arithmetic.15] line 158 pointer arithmetic: deallocated dynamic object in y + (signed long int)(j + i): SUCCESS
[two_block_fallback.pointer_arithmetic.16] line 158 pointer arithmetic: dead object in y + (signed long int)(j + i): SUCCESS
[two_block_fallback.pointer_arithmetic.17] line 158 pointer arithmetic: pointer outside object bounds in y + (signed long int)(j + i): SUCCESS
[two_block_fallback.pointer_arithmetic.18] line 158 pointer arithmetic: invalid integer address in y + (signed long int)(j + i): SUCCESS
[two_block_fallback.pointer_dereference.7] line 158 dereference failure: pointer NULL in x[(signed long int)i]: SUCCESS
[two_block_fallback.pointer_dereference.8] line 158 dereference failure: pointer invalid in x[(signed long int)i]: SUCCESS
[two_block_fallback.pointer_dereference.9] line 158 dereference failure: deallocated dynamic object in x[(signed long int)i]: SUCCESS
[two_block_fallback.pointer_dereference.10] line 158 dereference failure: dead object in x[(signed long int)i]: SUCCESS
[two_block_fallback.pointer_dereference.11] line 158 dereference failure: pointer outside object bounds in x[(signed long int)i]: SUCCESS
[two_block_fallback.pointer_dereference.12] line 158 dereference failure: invalid integer address in x[(signed long int)i]: SUCCESS
[two_block_fallback.pointer_dereference.13] line 158 dereference failure: pointer NULL in y[(signed long int)(j + i)]: SUCCESS
[two_block_fallback.pointer_dereference.14] line 158 dereference failure: pointer invalid in y[(signed long int)(j + i)]: SUCCESS
[two_block_fallback.pointer_dereference.15] line 158 dereference failure: deallocated dynamic object in y[(signed long int)(j + i)]: SUCCESS
[two_block_fallback.pointer_dereference.16] line 158 dereference failure: dead object in y[(signed long int)(j + i)]: SUCCESS
[two_block_fallback.pointer_dereference.17] line 158 dereference failure: pointer outside object bounds in y[(signed long int)(j + i)]: SUCCESS
[two_block_fallback.pointer_dereference.18] line 158 dereference failure: invalid integer address in y[(signed long int)(j + i)]: SUCCESS
[two_block_fallback.overflow.9] line 161 arithmetic overflow on signed + in count + 1: SUCCESS
[two_block_fallback.overflow.10] line 162 arithmetic overflow on signed + in j + 1: SUCCESS
[two_block_fallback.array_bounds.4] line 164 array 'shift' upper bound in shift[(signed long int)y[(signed long int)((j + m) - 1)]]: SUCCESS
[two_block_fallback.overflow.11] line 164 arithmetic overflow on signed + in j + m: SUCCESS
[two_block_fallback.overflow.12] line 164 arithmetic overflow on signed - in (j + m) - 1: SUCCESS
[two_block_fallback.pointer_arithmetic.19] line 164 pointer arithmetic: pointer NULL in y + (signed long int)((j + m) - 1): SUCCESS
[two_block_fallback.pointer_arithmetic.20] line 164 pointer arithmetic: pointer invalid in y + (signed long int)((j + m) - 1): SUCCESS
[two_block_fallback.pointer_arithmetic.21] line 164 pointer arithmetic: deallocated dynamic object in y + (signed long int)((j + m) - 1): SUCCESS
[two_block_fallback.pointer_arithmetic.22] line 164 pointer arithmetic: dead object in y + (signed long int)((j + m) - 1): SUCCESS
[two_block_fallback.pointer_arithmetic.23] line 164 pointer arithmetic: pointer outside object bounds in y + (signed long int)((j + m) - 1): SUCCESS
[two_block_fallback.pointer_arithmetic.24] line 164 pointer arithmetic: invalid integer address in y + (signed long int)((j + m) - 1): SUCCESS
[two_block_fallback.pointer_dereference.19] line 164 dereference failure: pointer NULL in y[(signed long int)((j + m) - 1)]: SUCCESS
[two_block_fallback.pointer_dereference.20] line 164 dereference failure: pointer invalid in y[(signed long int)((j + m) - 1)]: SUCCESS
[two_block_fallback.pointer_dereference.21] line 164 dereference failure: deallocated dynamic object in y[(signed long int)((j + m) - 1)]: SUCCESS
[two_block_fallback.pointer_dereference.22] line 164 dereference failure: dead object in y[(signed long int)((j + m) - 1)]: SUCCESS
[two_block_fallback.pointer_dereference.23] line 164 dereference failure: pointer outside object bounds in y[(signed long int)((j + m) - 1)]: SUCCESS
[two_block_fallback.pointer_dereference.24] line 164 dereference failure: invalid integer address in y[(signed long int)((j + m) - 1)]: SUCCESS
[two_block_fallback.overflow.13] line 166 arithmetic overflow on signed + in j + (amount > 0 ? amount : 1): SUCCESS

source/algos/scut.c function two_block_mismatch
[two_block_mismatch.overflow.1] line 108 arithmetic overflow on signed * in (signed long int)state * (signed long int)8ul: SUCCESS
[two_block_mismatch.pointer_arithmetic.1] line 108 pointer arithmetic: pointer NULL in machine->state + (signed long int)state: SUCCESS
[two_block_mismatch.pointer_arithmetic.2] line 108 pointer arithmetic: pointer invalid in machine->state + (signed long int)state: SUCCESS
[two_block_mismatch.pointer_arithmetic.3] line 108 pointer arithmetic: deallocated dynamic object in machine->state + (signed long int)state: SUCCESS
[two_block_mismatch.pointer_arithmetic.4] line 108 pointer arithmetic: dead object in machine->state + (signed long int)state: SUCCESS
[two_block_mismatch.pointer_arithmetic.5] line 108 pointer arithmetic: pointer outside object bounds in machine->state + (signed long int)state: SUCCESS
[two_block_mismatch.pointer_arithmetic.6] line 108 pointer arithmetic: invalid integer address in machine->state + (signed long int)state: SUCCESS
[two_block_mismatch.pointer_dereference.1] line 108 dereference failure: pointer NULL in machine->state: SUCCESS
[two_block_mismatch.pointer_dereference.2] line 108 dereference failure: pointer invalid in machine->state: SUCCESS
[two_block_mismatch.pointer_dereference.3] line 108 dereference failure: deallocated dynamic object in machine->state: SUCCESS
[two_block_mismatch.pointer_dereference.4] line 108 dereference failure: dead object in machine->state: SUCCESS
[two_block_mismatch.pointer_dereference.5] line 108 dereference failure: pointer outside object bounds in machine->state: SUCCESS
[two_block_mismatch.pointer_dereference.6] line 108 dereference failure: invalid integer address in machine->state: SUCCESS
[two_block_mismatch.overflow.2] line 113 arithmetic overflow on signed + in shift + 1: SUCCESS
[two_block_mismatch.pointer_dereference.7] line 113 dereference failure: pointer NULL in machine->m: SUCCESS
[two_block_mismatch.pointer_dereference.8] line 113 dereference failure: pointer invalid in machine->m: SUCCESS
[two_block_mismatch.pointer_dereference.9] line 113 dereference failure: deallocated dynamic object in machine->m: SUCCESS
[two_block_mismatch.pointer_dereference.10] line 113 dereference failure: dead object in machine->m: SUCCESS
[two_block_mismatch.pointer_dereference.11] line 113 dereference failure: pointer outside object bounds in machine->m: SUCCESS
[two_block_mismatch.pointer_dereference.12] line 113 dereference failure: invalid integer address in machine->m: SUCCESS
[two_block_mismatch.overflow.3] line 117 arithmetic overflow on signed - in (signed int)old->left - shift: SUCCESS
[two_block_mismatch.overflow.4] line 117 arithmetic overflow on signed to unsigned type conversion in (uint16_t)((signed int)old->left > shift ? (signed int)old->left - shift : 0): SUCCESS
[two_block_mismatch.pointer_dereference.13] line 117 dereference failure: pointer NULL in old->left: SUCCESS
[two_block_mismatch.pointer_dereference.14] line 117 dereference failure: pointer invalid in old->left: SUCCESS
[two_block_mismatch.pointer_dereference.15] line 117 dereference failure: deallocated dynamic object in old->left: SUCCESS
[two_block_mismatch.pointer_dereference.16] line 117 dereference failure: dead object in old->left: SUCCESS
[two_block_mismatch.pointer_dereference.17] line 117 dereference failure: pointer outside object bounds in old->left: SUCCESS
[two_block_mismatch.pointer_dereference.18] line 117 dereference failure: invalid integer address in old->left: SUCCESS
[two_block_mismatch.pointer_dereference.19] line 117 dereference failure: pointer NULL in old->left: SUCCESS
[two_block_mismatch.pointer_dereference.20] line 117 dereference failure: pointer invalid in old->left: SUCCESS
[two_block_mismatch.pointer_dereference.21] line 117 dereference failure: deallocated dynamic object in old->left: SUCCESS
[two_block_mismatch.pointer_dereference.22] line 117 dereference failure: dead object in old->left: SUCCESS
[two_block_mismatch.pointer_dereference.23] line 117 dereference failure: pointer outside object bounds in old->left: SUCCESS
[two_block_mismatch.pointer_dereference.24] line 117 dereference failure: invalid integer address in old->left: SUCCESS
[two_block_mismatch.pointer_dereference.25] line 118 dereference failure: pointer NULL in old->first: SUCCESS
[two_block_mismatch.pointer_dereference.26] line 118 dereference failure: pointer invalid in old->first: SUCCESS
[two_block_mismatch.pointer_dereference.27] line 118 dereference failure: deallocated dynamic object in old->first: SUCCESS
[two_block_mismatch.pointer_dereference.28] line 118 dereference failure: dead object in old->first: SUCCESS
[two_block_mismatch.pointer_dereference.29] line 118 dereference failure: pointer outside object bounds in old->first: SUCCESS
[two_block_mismatch.pointer_dereference.30] line 118 dereference failure: invalid integer address in old->first: SUCCESS
[two_block_mismatch.pointer_dereference.31] line 118 dereference failure: pointer NULL in machine->m: SUCCESS
[two_block_mismatch.pointer_dereference.32] line 118 dereference failure: pointer invalid in machine->m: SUCCESS
[two_block_mismatch.pointer_dereference.33] line 118 dereference failure: deallocated dynamic object in machine->m: SUCCESS
[two_block_mismatch.pointer_dereference.34] line 118 dereference failure: dead object in machine->m: SUCCESS
[two_block_mismatch.pointer_dereference.35] line 118 dereference failure: pointer outside object bounds in machine->m: SUCCESS
[two_block_mismatch.pointer_dereference.36] line 118 dereference failure: invalid integer address in machine->m: SUCCESS
[two_block_mismatch.overflow.5] line 119 arithmetic overflow on signed to unsigned type conversion in (uint16_t)machine->m: SUCCESS
[two_block_mismatch.overflow.6] line 121 arithmetic overflow on signed - in (signed int)old->first - shift: SUCCESS
[two_block_mismatch.overflow.7] line 121 arithmetic overflow on signed to unsigned type conversion in (uint16_t)((signed int)old->first > shift ? (signed int)old->first - shift : machine->m): SUCCESS
[two_block_mismatch.pointer_dereference.37] line 121 dereference failure: pointer NULL in old->first: SUCCESS
[two_block_mismatch.pointer_dereference.38] line 121 dereference failure: pointer invalid in old->first: SUCCESS
[two_block_mismatch.pointer_dereference.39] line 121 dereference failure: deallocated dynamic object in old->first: SUCCESS
[two_block_mismatch.pointer_dereference.40] line 121 dereference failure: dead object in old->first: SUCCESS
[two_block_mismatch.pointer_dereference.41] line 121 dereference failure: pointer outside object bounds in old->first: SUCCESS
[two_block_mismatch.pointer_dereference.42] line 121 dereference failure: invalid integer address in old->first: SUCCESS
[two_block_mismatch.pointer_dereference.43] line 121 dereference failure: pointer NULL in old->first: SUCCESS
[two_block_mismatch.pointer_dereference.44] line 121 dereference failure: pointer invalid in old->first: SUCCESS
[two_block_mismatch.pointer_dereference.45] line 121 dereference failure: deallocated dynamic object in old->first: SUCCESS
[two_block_mismatch.pointer_dereference.46] line 121 dereference failure: dead object in old->first: SUCCESS
[two_block_mismatch.pointer_dereference.47] line 121 dereference failure: pointer outside object bounds in old->first: SUCCESS
[two_block_mismatch.pointer_dereference.48] line 121 dereference failure: invalid integer address in old->first: SUCCESS
[two_block_mismatch.pointer_dereference.49] line 121 dereference failure: pointer NULL in machine->m: SUCCESS
[two_block_mismatch.pointer_dereference.50] line 121 dereference failure: pointer invalid in machine->m: SUCCESS
[two_block_mismatch.pointer_dereference.51] line 121 dereference failure: deallocated dynamic object in machine->m: SUCCESS
[two_block_mismatch.pointer_dereference.52] line 121 dereference failure: dead object in machine->m: SUCCESS
[two_block_mismatch.pointer_dereference.53] line 121 dereference failure: pointer outside object bounds in machine->m: SUCCESS
[two_block_mismatch.pointer_dereference.54] line 121 dereference failure: invalid integer address in machine->m: SUCCESS
[two_block_mismatch.overflow.8] line 122 arithmetic overflow on signed - in (signed int)old->last - shift: SUCCESS
[two_block_mismatch.overflow.9] line 122 arithmetic overflow on signed to unsigned type conversion in (uint16_t)((signed int)old->last >= shift ? (signed int)old->last - shift : machine->m): SUCCESS
[two_block_mismatch.pointer_dereference.55] line 122 dereference failure: pointer NULL in old->last: SUCCESS
[two_block_mismatch.pointer_dereference.56] line 122 dereference failure: pointer invalid in old->last: SUCCESS
[two_block_mismatch.pointer_dereference.57] line 122 dereference failure: deallocated dynamic object in old->last: SUCCESS
[two_block_mismatch.pointer_dereference.58] line 122 dereference failure: dead object in old->last: SUCCESS
[two_block_mismatch.pointer_dereference.59] line 122 dereference failure: pointer outside object bounds in old->last: SUCCESS
[two_block_mismatch.pointer_dereference.60] line 122 dereference failure: invalid integer address in old->last: SUCCESS
[two_block_mismatch.pointer_dereference.61] line 122 dereference failure: pointer NULL in old->last: SUCCESS
[two_block_mismatch.pointer_dereference.62] line 122 dereference failure: pointer invalid in old->last: SUCCESS
[two_block_mismatch.pointer_dereference.63] line 122 dereference failure: deallocated dynamic object in old->last: SUCCESS
[two_block_mismatch.pointer_dereference.64] line 122 dereference failure: dead object in old->last: SUCCESS
[two_block_mismatch.pointer_dereference.65] line 122 dereference failure: pointer outside object bounds in old->last: SUCCESS
[two_block_mismatch.pointer_dereference.66] line 122 dereference failure: invalid integer address in old->last: SUCCESS
[two_block_mismatch.pointer_dereference.67] line 122 dereference failure: pointer NULL in machine->m: SUCCESS
[two_block_mismatch.pointer_dereference.68] line 122 dereference failure: pointer invalid in machine->m: SUCCESS
[two_block_mismatch.pointer_dereference.69] line 122 dereference failure: deallocated dynamic object in machine->m: SUCCESS
[two_block_mismatch.pointer_dereference.70] line 122 dereference failure: dead object in machine->m: SUCCESS
[two_block_mismatch.pointer_dereference.71] line 122 dereference failure: pointer outside object bounds in machine->m: SUCCESS
[two_block_mismatch.pointer_dereference.72] line 122 dereference failure: invalid integer address in machine->m: SUCCESS
[two_block_mismatch.pointer_dereference.73] line 124 dereference failure: pointer NULL in machine->smart: SUCCESS
[two_block_mismatch.pointer_dereference.74] line 124 dereference failure: pointer invalid in machine->smart: SUCCESS
[two_block_mismatch.pointer_dereference.75] line 124 dereference failure: deallocated dynamic object in machine->smart: SUCCESS
[two_block_mismatch.pointer_dereference.76] line 124 dereference failure: dead object in machine->smart: SUCCESS
[two_block_mismatch.pointer_dereference.77] line 124 dereference failure: pointer outside object bounds in machine->smart: SUCCESS
[two_block_mismatch.pointer_dereference.78] line 124 dereference failure: invalid integer address in machine->smart: SUCCESS
[two_block_mismatch.pointer_dereference.79] line 124 dereference failure: pointer NULL in machine->m: SUCCESS
[two_block_mismatch.pointer_dereference.80] line 124 dereference failure: pointer invalid in machine->m: SUCCESS
[two_block_mismatch.pointer_dereference.81] line 124 dereference failure: deallocated dynamic object in machine->m: SUCCESS
[two_block_mismatch.pointer_dereference.82] line 124 dereference failure: dead object in machine->m: SUCCESS
[two_block_mismatch.pointer_dereference.83] line 124 dereference failure: pointer outside object bounds in machine->m: SUCCESS
[two_block_mismatch.pointer_dereference.84] line 124 dereference failure: invalid integer address in machine->m: SUCCESS
[two_block_mismatch.overflow.10] line 126 arithmetic overflow on signed - in read_pos - shift: SUCCESS
[two_block_mismatch.overflow.11] line 129 arithmetic overflow on unsigned + in blocks.left + 1: SUCCESS
[two_block_mismatch.pointer_dereference.85] line 130 dereference failure: pointer NULL in machine->m: SUCCESS
[two_block_mismatch.pointer_dereference.86] line 130 dereference failure: pointer invalid in machine->m: SUCCESS
[two_block_mismatch.pointer_dereference.87] line 130 dereference failure: deallocated dynamic object in machine->m: SUCCESS
[two_block_mismatch.pointer_dereference.88] line 130 dereference failure: dead object in machine->m: SUCCESS
[two_block_mismatch.pointer_dereference.89] line 130 dereference failure: pointer outside object bounds in machine->m: SUCCESS
[two_block_mismatch.pointer_dereference.90] line 130 dereference failure: invalid integer address in machine->m: SUCCESS
[two_block_mismatch.overflow.12] line 131 arithmetic overflow on signed to unsigned type conversion in (uint16_t)observed: SUCCESS
[two_block_mismatch.overflow.13] line 132 arithmetic overflow on signed - in (signed int)blocks.first - 1: SUCCESS
[two_block_mismatch.overflow.14] line 133 arithmetic overflow on unsigned - in blocks.first - 1: SUCCESS
[two_block_mismatch.overflow.15] line 134 arithmetic overflow on signed + in (signed int)blocks.last + 1: SUCCESS
[two_block_mismatch.overflow.16] line 135 arithmetic overflow on unsigned + in blocks.last + 1: SUCCESS
[two_block_mismatch.pointer_dereference.91] line 138 dereference failure: pointer NULL in machine->m: SUCCESS
[two_block_mismatch.pointer_dereference.92] line 138 dereference failure: pointer invalid in machine->m: SUCCESS
[two_block_mismatch.pointer_dereference.93] line 138 dereference failure: deallocated dynamic object in machine->m: SUCCESS
[two_block_mismatch.pointer_dereference.94] line 138 dereference failure: dead object in machine->m: SUCCESS
[two_block_mismatch.pointer_dereference.95] line 138 dereference failure: pointer outside object bounds in machine->m: SUCCESS
[two_block_mismatch.pointer_dereference.96] line 138 dereference failure: invalid integer address in machine->m: SUCCESS
[two_block_mismatch.overflow.17] line 139 arithmetic overflow on signed to unsigned type conversion in (uint16_t)return_value_two_block_state_id: SUCCESS
[two_block_mismatch.overflow.18] line 140 arithmetic overflow on signed to unsigned type conversion in (uint8_t)shift: SUCCESS

source/algos/scut.c function two_block_normalize
[two_block_normalize.overflow.1] line 51 arithmetic overflow on signed to unsigned type conversion in (uint16_t)m: SUCCESS
[two_block_normalize.overflow.2] line 57 arithmetic overflow on signed + in (signed int)blocks.last + 1: SUCCESS
[two_block_normalize.overflow.3] line 57 arithmetic overflow on signed to unsigned type conversion in (uint16_t)((signed int)blocks.last + 1): SUCCESS
[two_block_normalize.overflow.4] line 58 arithmetic overflow on signed to unsigned type conversion in (uint16_t)m: SUCCESS

source/algos/scut.c function two_block_read_pos
[two_block_read_pos.overflow.1] line 40 arithmetic overflow on signed * in (signed long int)state * (signed long int)8ul: SUCCESS
[two_block_read_pos.pointer_arithmetic.1] line 40 pointer arithmetic: pointer NULL in machine->state + (signed long int)state: SUCCESS
[two_block_read_pos.pointer_arithmetic.2] line 40 pointer arithmetic: pointer invalid in machine->state + (signed long int)state: SUCCESS
[two_block_read_pos.pointer_arithmetic.3] line 40 pointer arithmetic: deallocated dynamic object in machine->state + (signed long int)state: SUCCESS
[two_block_read_pos.pointer_arithmetic.4] line 40 pointer arithmetic: dead object in machine->state + (signed long int)state: SUCCESS
[two_block_read_pos.pointer_arithmetic.5] line 40 pointer arithmetic: pointer outside object bounds in machine->state + (signed long int)state: SUCCESS
[two_block_read_pos.pointer_arithmetic.6] line 40 pointer arithmetic: invalid integer address in machine->state + (signed long int)state: SUCCESS
[two_block_read_pos.pointer_dereference.1] line 40 dereference failure: pointer NULL in machine->state: SUCCESS
[two_block_read_pos.pointer_dereference.2] line 40 dereference failure: pointer invalid in machine->state: SUCCESS
[two_block_read_pos.pointer_dereference.3] line 40 dereference failure: deallocated dynamic object in machine->state: SUCCESS
[two_block_read_pos.pointer_dereference.4] line 40 dereference failure: dead object in machine->state: SUCCESS
[two_block_read_pos.pointer_dereference.5] line 40 dereference failure: pointer outside object bounds in machine->state: SUCCESS
[two_block_read_pos.pointer_dereference.6] line 40 dereference failure: invalid integer address in machine->state: SUCCESS
[two_block_read_pos.pointer_dereference.7] line 42 dereference failure: pointer NULL in blocks->first: SUCCESS
[two_block_read_pos.pointer_dereference.8] line 42 dereference failure: pointer invalid in blocks->first: SUCCESS
[two_block_read_pos.pointer_dereference.9] line 42 dereference failure: deallocated dynamic object in blocks->first: SUCCESS
[two_block_read_pos.pointer_dereference.10] line 42 dereference failure: dead object in blocks->first: SUCCESS
[two_block_read_pos.pointer_dereference.11] line 42 dereference failure: pointer outside object bounds in blocks->first: SUCCESS
[two_block_read_pos.pointer_dereference.12] line 42 dereference failure: invalid integer address in blocks->first: SUCCESS
[two_block_read_pos.pointer_dereference.13] line 42 dereference failure: pointer NULL in machine->m: SUCCESS
[two_block_read_pos.pointer_dereference.14] line 42 dereference failure: pointer invalid in machine->m: SUCCESS
[two_block_read_pos.pointer_dereference.15] line 42 dereference failure: deallocated dynamic object in machine->m: SUCCESS
[two_block_read_pos.pointer_dereference.16] line 42 dereference failure: dead object in machine->m: SUCCESS
[two_block_read_pos.pointer_dereference.17] line 42 dereference failure: pointer outside object bounds in machine->m: SUCCESS
[two_block_read_pos.pointer_dereference.18] line 42 dereference failure: invalid integer address in machine->m: SUCCESS
[two_block_read_pos.overflow.2] line 43 arithmetic overflow on signed - in machine->m - 1: SUCCESS
[two_block_read_pos.overflow.3] line 44 arithmetic overflow on signed - in machine->m - 1: SUCCESS
[two_block_read_pos.pointer_dereference.19] line 44 dereference failure: pointer NULL in blocks->last: SUCCESS
[two_block_read_pos.pointer_dereference.20] line 44 dereference failure: pointer invalid in blocks->last: SUCCESS
[two_block_read_pos.pointer_dereference.21] line 44 dereference failure: deallocated dynamic object in blocks->last: SUCCESS
[two_block_read_pos.pointer_dereference.22] line 44 dereference failure: dead object in blocks->last: SUCCESS
[two_block_read_pos.pointer_dereference.23] line 44 dereference failure: pointer outside object bounds in blocks->last: SUCCESS
[two_block_read_pos.pointer_dereference.24] line 44 dereference failure: invalid integer address in blocks->last: SUCCESS
[two_block_read_pos.pointer_dereference.25] line 44 dereference failure: pointer NULL in machine->m: SUCCESS
[two_block_read_pos.pointer_dereference.26] line 44 dereference failure: pointer invalid in machine->m: SUCCESS
[two_block_read_pos.pointer_dereference.27] line 44 dereference failure: deallocated dynamic object in machine->m: SUCCESS
[two_block_read_pos.pointer_dereference.28] line 44 dereference failure: dead object in machine->m: SUCCESS
[two_block_read_pos.pointer_dereference.29] line 44 dereference failure: pointer outside object bounds in machine->m: SUCCESS
[two_block_read_pos.pointer_dereference.30] line 44 dereference failure: invalid integer address in machine->m: SUCCESS
[two_block_read_pos.overflow.4] line 45 arithmetic overflow on signed + in (signed int)blocks->last + 1: SUCCESS
[two_block_read_pos.overflow.5] line 46 arithmetic overflow on signed - in (signed int)blocks->first - 1: SUCCESS
[two_block_read_pos.pointer_dereference.31] line 46 dereference failure: pointer NULL in blocks->first: SUCCESS
[two_block_read_pos.pointer_dereference.32] line 46 dereference failure: pointer invalid in blocks->first: SUCCESS
[two_block_read_pos.pointer_dereference.33] line 46 dereference failure: deallocated dynamic object in blocks->first: SUCCESS
[two_block_read_pos.pointer_dereference.34] line 46 dereference failure: dead object in blocks->first: SUCCESS
[two_block_read_pos.pointer_dereference.35] line 46 dereference failure: pointer outside object bounds in blocks->first: SUCCESS
[two_block_read_pos.pointer_dereference.36] line 46 dereference failure: invalid integer address in blocks->first: SUCCESS

source/algos/scut.c function two_block_shift_valid
[two_block_shift_valid.overflow.1] line 90 arithmetic overflow on signed - in read_pos - shift: SUCCESS
[two_block_shift_valid.pointer_arithmetic.1] line 90 pointer arithmetic: pointer NULL in machine->pattern + (signed long int)(read_pos - shift): SUCCESS
[two_block_shift_valid.pointer_arithmetic.2] line 90 pointer arithmetic: pointer invalid in machine->pattern + (signed long int)(read_pos - shift): SUCCESS
[two_block_shift_valid.pointer_arithmetic.3] line 90 pointer arithmetic: deallocated dynamic object in machine->pattern + (signed long int)(read_pos - shift): SUCCESS
[two_block_shift_valid.pointer_arithmetic.4] line 90 pointer arithmetic: dead object in machine->pattern + (signed long int)(read_pos - shift): SUCCESS
[two_block_shift_valid.pointer_arithmetic.5] line 90 pointer arithmetic: pointer outside object bounds in machine->pattern + (signed long int)(read_pos - shift): SUCCESS
[two_block_shift_valid.pointer_arithmetic.6] line 90 pointer arithmetic: invalid integer address in machine->pattern + (signed long int)(read_pos - shift): SUCCESS
[two_block_shift_valid.pointer_dereference.1] line 90 dereference failure: pointer NULL in machine->pattern: SUCCESS
[two_block_shift_valid.pointer_dereference.2] line 90 dereference failure: pointer invalid in machine->pattern: SUCCESS
[two_block_shift_valid.pointer_dereference.3] line 90 dereference failure: deallocated dynamic object in machine->pattern: SUCCESS
[two_block_shift_valid.pointer_dereference.4] line 90 dereference failure: dead object in machine->pattern: SUCCESS
[two_block_shift_valid.pointer_dereference.5] line 90 dereference failure: pointer outside object bounds in machine->pattern: SUCCESS
[two_block_shift_valid.pointer_dereference.6] line 90 dereference failure: invalid integer address in machine->pattern: SUCCESS
[two_block_shift_valid.pointer_dereference.7] line 90 dereference failure: pointer NULL in machine->pattern[(signed long int)(read_pos - shift)]: SUCCESS
[two_block_shift_valid.pointer_dereference.8] line 90 dereference failure: pointer invalid in machine->pattern[(signed long int)(read_pos - shift)]: SUCCESS
[two_block_shift_valid.pointer_dereference.9] line 90 dereference failure: deallocated dynamic object in machine->pattern[(signed long int)(read_pos - shift)]: SUCCESS
[two_block_shift_valid.pointer_dereference.10] line 90 dereference failure: dead object in machine->pattern[(signed long int)(read_pos - shift)]: SUCCESS
[two_block_shift_valid.pointer_dereference.11] line 90 dereference failure: pointer outside object bounds in machine->pattern[(signed long int)(read_pos - shift)]: SUCCESS
[two_block_shift_valid.pointer_dereference.12] line 90 dereference failure: invalid integer address in machine->pattern[(signed long int)(read_pos - shift)]: SUCCESS
[two_block_shift_valid.overflow.3] line 92 arithmetic overflow on signed + in i + 1: SUCCESS
[two_block_shift_valid.pointer_dereference.13] line 92 dereference failure: pointer NULL in blocks->left: SUCCESS
[two_block_shift_valid.pointer_dereference.14] line 92 dereference failure: pointer invalid in blocks->left: SUCCESS
[two_block_shift_valid.pointer_dereference.15] line 92 dereference failure: deallocated dynamic object in blocks->left: SUCCESS
[two_block_shift_valid.pointer_dereference.16] line 92 dereference failure: dead object in blocks->left: SUCCESS
[two_block_shift_valid.pointer_dereference.17] line 92 dereference failure: pointer outside object bounds in blocks->left: SUCCESS
[two_block_shift_valid.pointer_dereference.18] line 92 dereference failure: invalid integer address in blocks->left: SUCCESS
[two_block_shift_valid.overflow.2] line 93 arithmetic overflow on signed - in i - shift: SUCCESS
[two_block_shift_valid.pointer_arithmetic.7] line 93 pointer arithmetic: pointer NULL in machine->pattern + (signed long int)i: SUCCESS
[two_block_shift_valid.pointer_arithmetic.8] line 93 pointer arithmetic: pointer invalid in machine->pattern + (signed long int)i: SUCCESS
[two_block_shift_valid.pointer_arithmetic.9] line 93 pointer arithmetic: deallocated dynamic object in machine->pattern + (signed long int)i: SUCCESS
[two_block_shift_valid.pointer_arithmetic.10] line 93 pointer arithmetic: dead object in machine->pattern + (signed long int)i: SUCCESS
[two_block_shift_valid.pointer_arithmetic.11] line 93 pointer arithmetic: pointer outside object bounds in machine->pattern + (signed long int)i: SUCCESS
[two_block_shift_valid.pointer_arithmetic.12] line 93 pointer arithmetic: invalid integer address in machine->pattern + (signed long int)i: SUCCESS
[two_block_shift_valid.pointer_arithmetic.13] line 93 pointer arithmetic: pointer NULL in machine->pattern + (signed long int)(i - shift): SUCCESS
[two_block_shift_valid.pointer_arithmetic.14] line 93 pointer arithmetic: pointer invalid in machine->pattern + (signed long int)(i - shift): SUCCESS
[two_block_shift_valid.pointer_arithmetic.15] line 93 pointer arithmetic: deallocated dynamic object in machine->pattern + (signed long int)(i - shift): SUCCESS
[two_block_shift_valid.pointer_arithmetic.16] line 93 pointer arithmetic: dead object in machine->pattern + (signed long int)(i - shift): SUCCESS
[two_block_shift_valid.pointer_arithmetic.17] line 93 pointer arithmetic: pointer outside object bounds in machine->pattern + (signed long int)(i - shift): SUCCESS
[two_block_shift_valid.pointer_arithmetic.18] line 93 pointer arithmetic: invalid integer address in machine->pattern + (signed long int)(i - shift): SUCCESS
[two_block_shift_valid.pointer_dereference.19] line 93 dereference failure: pointer NULL in machine->pattern: SUCCESS
[two_block_shift_valid.pointer_dereference.20] line 93 dereference failure: pointer invalid in machine->pattern: SUCCESS
[two_block_shift_valid.pointer_dereference.21] line 93 dereference failure: deallocated dynamic object in machine->pattern: SUCCESS
[two_block_shift_valid.pointer_dereference.22] line 93 dereference failure: dead object in machine->pattern: SUCCESS
[two_block_shift_valid.pointer_dereference.23] line 93 dereference failure: pointer outside object bounds in machine->pattern: SUCCESS
[two_block_shift_valid.pointer_dereference.24] line 93 dereference failure: invalid integer address in machine->pattern: SUCCESS
[two_block_shift_valid.pointer_dereference.25] line 93 dereference failure: pointer NULL in machine->pattern[(signed long int)i]: SUCCESS
[two_block_shift_valid.pointer_dereference.26] line 93 dereference failure: pointer invalid in machine->pattern[(signed long int)i]: SUCCESS
[two_block_shift_valid.pointer_dereference.27] line 93 dereference failure: deallocated dynamic object in machine->pattern[(signed long int)i]: SUCCESS
[two_block_shift_valid.pointer_dereference.28] line 93 dereference failure: dead object in machine->pattern[(signed long int)i]: SUCCESS
[two_block_shift_valid.pointer_dereference.29] line 93 dereference failure: pointer outside object bounds in machine->pattern[(signed long int)i]: SUCCESS
[two_block_shift_valid.pointer_dereference.30] line 93 dereference failure: invalid integer address in machine->pattern[(signed long int)i]: SUCCESS
[two_block_shift_valid.pointer_dereference.31] line 93 dereference failure: pointer NULL in machine->pattern[(signed long int)(i - shift)]: SUCCESS
[two_block_shift_valid.pointer_dereference.32] line 93 dereference failure: pointer invalid in machine->pattern[(signed long int)(i - shift)]: SUCCESS
[two_block_shift_valid.pointer_dereference.33] line 93 dereference failure: deallocated dynamic object in machine->pattern[(signed long int)(i - shift)]: SUCCESS
[two_block_shift_valid.pointer_dereference.34] line 93 dereference failure: dead object in machine->pattern[(signed long int)(i - shift)]: SUCCESS
[two_block_shift_valid.pointer_dereference.35] line 93 dereference failure: pointer outside object bounds in machine->pattern[(signed long int)(i - shift)]: SUCCESS
[two_block_shift_valid.pointer_dereference.36] line 93 dereference failure: invalid integer address in machine->pattern[(signed long int)(i - shift)]: SUCCESS
[two_block_shift_valid.pointer_dereference.37] line 96 dereference failure: pointer NULL in blocks->first: SUCCESS
[two_block_shift_valid.pointer_dereference.38] line 96 dereference failure: pointer invalid in blocks->first: SUCCESS
[two_block_shift_valid.pointer_dereference.39] line 96 dereference failure: deallocated dynamic object in blocks->first: SUCCESS
[two_block_shift_valid.pointer_dereference.40] line 96 dereference failure: dead object in blocks->first: SUCCESS
[two_block_shift_valid.pointer_dereference.41] line 96 dereference failure: pointer outside object bounds in blocks->first: SUCCESS
[two_block_shift_valid.pointer_dereference.42] line 96 dereference failure: invalid integer address in blocks->first: SUCCESS
[two_block_shift_valid.pointer_dereference.43] line 96 dereference failure: pointer NULL in machine->m: SUCCESS
[two_block_shift_valid.pointer_dereference.44] line 96 dereference failure: pointer invalid in machine->m: SUCCESS
[two_block_shift_valid.pointer_dereference.45] line 96 dereference failure: deallocated dynamic object in machine->m: SUCCESS
[two_block_shift_valid.pointer_dereference.46] line 96 dereference failure: dead object in machine->m: SUCCESS
[two_block_shift_valid.pointer_dereference.47] line 96 dereference failure: pointer outside object bounds in machine->m: SUCCESS
[two_block_shift_valid.pointer_dereference.48] line 96 dereference failure: invalid integer address in machine->m: SUCCESS
[two_block_shift_valid.overflow.5] line 97 arithmetic overflow on signed + in i + 1: SUCCESS
[two_block_shift_valid.pointer_dereference.49] line 97 dereference failure: pointer NULL in blocks->first: SUCCESS
[two_block_shift_valid.pointer_dereference.50] line 97 dereference failure: pointer invalid in blocks->first: SUCCESS
[two_block_shift_valid.pointer_dereference.51] line 97 dereference failure: deallocated dynamic object in blocks->first: SUCCESS
[two_block_shift_valid.pointer_dereference.52] line 97 dereference failure: dead object in blocks->first: SUCCESS
[two_block_shift_valid.pointer_dereference.53] line 97 dereference failure: pointer outside object bounds in blocks->first: SUCCESS
[two_block_shift_valid.pointer_dereference.54] line 97 dereference failure: invalid integer address in blocks->first: SUCCESS
[two_block_shift_valid.pointer_dereference.55] line 97 dereference failure: pointer NULL in blocks->last: SUCCESS
[two_block_shift_valid.pointer_dereference.56] line 97 dereference failure: pointer invalid in blocks->last: SUCCESS
[two_block_shift_valid.pointer_dereference.57] line 97 dereference failure: deallocated dynamic object in blocks->last: SUCCESS
[two_block_shift_valid.pointer_dereference.58] line 97 dereference failure: dead object in blocks->last: SUCCESS
[two_block_shift_valid.pointer_dereference.59] line 97 dereference failure: pointer outside object bounds in blocks->last: SUCCESS
[two_block_shift_valid.pointer_dereference.60] line 97 dereference failure: invalid integer address in blocks->last: SUCCESS
[two_block_shift_valid.overflow.4] line 98 arithmetic overflow on signed - in i - shift: SUCCESS
[two_block_shift_valid.pointer_arithmetic.19] line 98 pointer arithmetic: pointer NULL in machine->pattern + (signed long int)i: SUCCESS
[two_block_shift_valid.pointer_arithmetic.20] line 98 pointer arithmetic: pointer invalid in machine->pattern + (signed long int)i: SUCCESS
[two_block_shift_valid.pointer_arithmetic.21] line 98 pointer arithmetic: deallocated dynamic object in machine->pattern + (signed long int)i: SUCCESS
[two_block_shift_valid.pointer_arithmetic.22] line 98 pointer arithmetic: dead object in machine->pattern + (signed long int)i: SUCCESS
[two_block_shift_valid.pointer_arithmetic.23] line 98 pointer arithmetic: pointer outside object bounds in machine->pattern + (signed long int)i: SUCCESS
[two_block_shift_valid.pointer_arithmetic.24] line 98 pointer arithmetic: invalid integer address in machine->pattern + (signed long int)i: SUCCESS
[two_block_shift_valid.pointer_arithmetic.25] line 98 pointer arithmetic: pointer NULL in machine->pattern + (signed long int)(i - shift): SUCCESS
[two_block_shift_valid.pointer_arithmetic.26] line 98 pointer arithmetic: pointer invalid in machine->pattern + (signed long int)(i - shift): SUCCESS
[two_block_shift_valid.pointer_arithmetic.27] line 98 pointer arithmetic: deallocated dynamic object in machine->pattern + (signed long int)(i - shift): SUCCESS
[two_block_shift_valid.pointer_arithmetic.28] line 98 pointer arithmetic: dead object in machine->pattern + (signed long int)(i - shift): SUCCESS
[two_block_shift_valid.pointer_arithmetic.29] line 98 pointer arithmetic: pointer outside object bounds in machine->pattern + (signed long int)(i - shift): SUCCESS
[two_block_shift_valid.pointer_arithmetic.30] line 98 pointer arithmetic: invalid integer address in machine->pattern + (signed long int)(i - shift): SUCCESS
[two_block_shift_valid.pointer_dereference.61] line 98 dereference failure: pointer NULL in machine->pattern: SUCCESS
[two_block_shift_valid.pointer_dereference.62] line 98 dereference failure: pointer invalid in machine->pattern: SUCCESS
[two_block_shift_valid.pointer_dereference.63] line 98 dereference failure: deallocated dynamic object in machine->pattern: SUCCESS
[two_block_shift_valid.pointer_dereference.64] line 98 dereference failure: dead object in machine->pattern: SUCCESS
[two_block_shift_valid.pointer_dereference.65] line 98 dereference failure: pointer outside object bounds in machine->pattern: SUCCESS
[two_block_shift_valid.pointer_dereference.66] line 98 dereference failure: invalid integer address in machine->pattern: SUCCESS
[two_block_shift_valid.pointer_dereference.67] line 98 dereference failure: pointer NULL in machine->pattern[(signed long int)i]: SUCCESS
[two_block_shift_valid.pointer_dereference.68] line 98 dereference failure: pointer invalid in machine->pattern[(signed long int)i]: SUCCESS
[two_block_shift_valid.pointer_dereference.69] line 98 dereference failure: deallocated dynamic object in machine->pattern[(signed long int)i]: SUCCESS
[two_block_shift_valid.pointer_dereference.70] line 98 dereference failure: dead object in machine->pattern[(signed long int)i]: SUCCESS
[two_block_shift_valid.pointer_dereference.71] line 98 dereference failure: pointer outside object bounds in machine->pattern[(signed long int)i]: SUCCESS
[two_block_shift_valid.pointer_dereference.72] line 98 dereference failure: invalid integer address in machine->pattern[(signed long int)i]: SUCCESS
[two_block_shift_valid.pointer_dereference.73] line 98 dereference failure: pointer NULL in machine->pattern[(signed long int)(i - shift)]: SUCCESS
[two_block_shift_valid.pointer_dereference.74] line 98 dereference failure: pointer invalid in machine->pattern[(signed long int)(i - shift)]: SUCCESS
[two_block_shift_valid.pointer_dereference.75] line 98 dereference failure: deallocated dynamic object in machine->pattern[(signed long int)(i - shift)]: SUCCESS
[two_block_shift_valid.pointer_dereference.76] line 98 dereference failure: dead object in machine->pattern[(signed long int)(i - shift)]: SUCCESS
[two_block_shift_valid.pointer_dereference.77] line 98 dereference failure: pointer outside object bounds in machine->pattern[(signed long int)(i - shift)]: SUCCESS
[two_block_shift_valid.pointer_dereference.78] line 98 dereference failure: invalid integer address in machine->pattern[(signed long int)(i - shift)]: SUCCESS

source/algos/scut.c function two_block_state_id
[two_block_state_id.pointer_dereference.1] line 67 dereference failure: pointer NULL in machine->m: SUCCESS
[two_block_state_id.pointer_dereference.2] line 67 dereference failure: pointer invalid in machine->m: SUCCESS
[two_block_state_id.pointer_dereference.3] line 67 dereference failure: deallocated dynamic object in machine->m: SUCCESS
[two_block_state_id.pointer_dereference.4] line 67 dereference failure: dead object in machine->m: SUCCESS
[two_block_state_id.pointer_dereference.5] line 67 dereference failure: pointer outside object bounds in machine->m: SUCCESS
[two_block_state_id.pointer_dereference.6] line 67 dereference failure: invalid integer address in machine->m: SUCCESS
[two_block_state_id.pointer_dereference.7] line 68 dereference failure: pointer NULL in machine->smart: SUCCESS
[two_block_state_id.pointer_dereference.8] line 68 dereference failure: pointer invalid in machine->smart: SUCCESS
[two_block_state_id.pointer_dereference.9] line 68 dereference failure: deallocated dynamic object in machine->smart: SUCCESS
[two_block_state_id.pointer_dereference.10] line 68 dereference failure: dead object in machine->smart: SUCCESS
[two_block_state_id.pointer_dereference.11] line 68 dereference failure: pointer outside object bounds in machine->smart: SUCCESS
[two_block_state_id.pointer_dereference.12] line 68 dereference failure: invalid integer address in machine->smart: SUCCESS
[two_block_state_id.pointer_dereference.13] line 68 dereference failure: pointer NULL in machine->m: SUCCESS
[two_block_state_id.pointer_dereference.14] line 68 dereference failure: pointer invalid in machine->m: SUCCESS
[two_block_state_id.pointer_dereference.15] line 68 dereference failure: deallocated dynamic object in machine->m: SUCCESS
[two_block_state_id.pointer_dereference.16] line 68 dereference failure: dead object in machine->m: SUCCESS
[two_block_state_id.pointer_dereference.17] line 68 dereference failure: pointer outside object bounds in machine->m: SUCCESS
[two_block_state_id.pointer_dereference.18] line 68 dereference failure: invalid integer address in machine->m: SUCCESS
[two_block_state_id.pointer_dereference.19] line 69 dereference failure: pointer NULL in machine->m: SUCCESS
[two_block_state_id.pointer_dereference.20] line 69 dereference failure: pointer invalid in machine->m: SUCCESS
[two_block_state_id.pointer_dereference.21] line 69 dereference failure: deallocated dynamic object in machine->m: SUCCESS
[two_block_state_id.pointer_dereference.22] line 69 dereference failure: dead object in machine->m: SUCCESS
[two_block_state_id.pointer_dereference.23] line 69 dereference failure: pointer outside object bounds in machine->m: SUCCESS
[two_block_state_id.pointer_dereference.24] line 69 dereference failure: invalid integer address in machine->m: SUCCESS
[two_block_state_id.overflow.5] line 72 arithmetic overflow on signed + in i + 1: SUCCESS
[two_block_state_id.pointer_dereference.25] line 72 dereference failure: pointer NULL in machine->states: SUCCESS
[two_block_state_id.pointer_dereference.26] line 72 dereference failure: pointer invalid in machine->states: SUCCESS
[two_block_state_id.pointer_dereference.27] line 72 dereference failure: deallocated dynamic object in machine->states: SUCCESS
[two_block_state_id.pointer_dereference.28] line 72 dereference failure: dead object in machine->states: SUCCESS
[two_block_state_id.pointer_dereference.29] line 72 dereference failure: pointer outside object bounds in machine->states: SUCCESS
[two_block_state_id.pointer_dereference.30] line 72 dereference failure: invalid integer address in machine->states: SUCCESS
[two_block_state_id.overflow.1] line 73 arithmetic overflow on signed * in (signed long int)i * (signed long int)8ul: SUCCESS
[two_block_state_id.pointer_arithmetic.1] line 73 pointer arithmetic: pointer NULL in machine->state + (signed long int)i: SUCCESS
[two_block_state_id.pointer_arithmetic.2] line 73 pointer arithmetic: pointer invalid in machine->state + (signed long int)i: SUCCESS
[two_block_state_id.pointer_arithmetic.3] line 73 pointer arithmetic: deallocated dynamic object in machine->state + (signed long int)i: SUCCESS
[two_block_state_id.pointer_arithmetic.4] line 73 pointer arithmetic: dead object in machine->state + (signed long int)i: SUCCESS
[two_block_state_id.pointer_arithmetic.5] line 73 pointer arithmetic: pointer outside object bounds in machine->state + (signed long int)i: SUCCESS
[two_block_state_id.pointer_arithmetic.6] line 73 pointer arithmetic: invalid integer address in machine->state + (signed long int)i: SUCCESS
[two_block_state_id.pointer_dereference.31] line 73 dereference failure: pointer NULL in machine->state: SUCCESS
[two_block_state_id.pointer_dereference.32] line 73 dereference failure: pointer invalid in machine->state: SUCCESS
[two_block_state_id.pointer_dereference.33] line 73 dereference failure: deallocated dynamic object in machine->state: SUCCESS
[two_block_state_id.pointer_dereference.34] line 73 dereference failure: dead object in machine->state: SUCCESS
[two_block_state_id.pointer_dereference.35] line 73 dereference failure: pointer outside object bounds in machine->state: SUCCESS
[two_block_state_id.pointer_dereference.36] line 73 dereference failure: invalid integer address in machine->state: SUCCESS
[two_block_state_id.pointer_dereference.37] line 73 dereference failure: pointer NULL in (machine->state + (signed long int)i)->left: SUCCESS
[two_block_state_id.pointer_dereference.38] line 73 dereference failure: pointer invalid in (machine->state + (signed long int)i)->left: SUCCESS
[two_block_state_id.pointer_dereference.39] line 73 dereference failure: deallocated dynamic object in (machine->state + (signed long int)i)->left: SUCCESS
[two_block_state_id.pointer_dereference.40] line 73 dereference failure: dead object in (machine->state + (signed long int)i)->left: SUCCESS
[two_block_state_id.pointer_dereference.41] line 73 dereference failure: pointer outside object bounds in (machine->state + (signed long int)i)->left: SUCCESS
[two_block_state_id.pointer_dereference.42] line 73 dereference failure: invalid integer address in (machine->state + (signed long int)i)->left: SUCCESS
[two_block_state_id.overflow.2] line 74 arithmetic overflow on signed * in (signed long int)i * (signed long int)8ul: SUCCESS
[two_block_state_id.pointer_arithmetic.7] line 74 pointer arithmetic: pointer NULL in machine->state + (signed long int)i: SUCCESS
[two_block_state_id.pointer_arithmetic.8] line 74 pointer arithmetic: pointer invalid in machine->state + (signed long int)i: SUCCESS
[two_block_state_id.pointer_arithmetic.9] line 74 pointer arithmetic: deallocated dynamic object in machine->state + (signed long int)i: SUCCESS
[two_block_state_id.pointer_arithmetic.10] line 74 pointer arithmetic: dead object in machine->state + (signed long int)i: SUCCESS
[two_block_state_id.pointer_arithmetic.11] line 74 pointer arithmetic: pointer outside object bounds in machine->state + (signed long int)i: SUCCESS
[two_block_state_id.pointer_arithmetic.12] line 74 pointer arithmetic: invalid integer address in machine->state + (signed long int)i: SUCCESS
[two_block_state_id.pointer_dereference.43] line 74 dereference failure: pointer NULL in machine->state: SUCCESS
[two_block_state_id.pointer_dereference.44] line 74 dereference failure: pointer invalid in machine->state: SUCCESS
[two_block_state_id.pointer_dereference.45] line 74 dereference failure: deallocated dynamic object in machine->state: SUCCESS
[two_block_state_id.pointer_dereference.46] line 74 dereference failure: dead object in machine->state: SUCCESS
[two_block_state_id.pointer_dereference.47] line 74 dereference failure: pointer outside object bounds in machine->state: SUCCESS
[two_block_state_id.pointer_dereference.48] line 74 dereference failure: invalid integer address in machine->state: SUCCESS
[two_block_state_id.pointer_dereference.49] line 74 dereference failure: pointer NULL in (machine->state + (signed long int)i)->first: SUCCESS
[two_block_state_id.pointer_dereference.50] line 74 dereference failure: pointer invalid in (machine->state + (signed long int)i)->first: SUCCESS
[two_block_state_id.pointer_dereference.51] line 74 dereference failure: deallocated dynamic object in (machine->state + (signed long int)i)->first: SUCCESS
[two_block_state_id.pointer_dereference.52] line 74 dereference failure: dead object in (machine->state + (signed long int)i)->first: SUCCESS
[two_block_state_id.pointer_dereference.53] line 74 dereference failure: pointer outside object bounds in (machine->state + (signed long int)i)->first: SUCCESS
[two_block_state_id.pointer_dereference.54] line 74 dereference failure: invalid integer address in (machine->state + (signed long int)i)->first: SUCCESS
[two_block_state_id.overflow.3] line 75 arithmetic overflow on signed * in (signed long int)i * (signed long int)8ul: SUCCESS
[two_block_state_id.pointer_arithmetic.13] line 75 pointer arithmetic: pointer NULL in machine->state + (signed long int)i: SUCCESS
[two_block_state_id.pointer_arithmetic.14] line 75 pointer arithmetic: pointer invalid in machine->state + (signed long int)i: SUCCESS
[two_block_state_id.pointer_arithmetic.15] line 75 pointer arithmetic: deallocated dynamic object in machine->state + (signed long int)i: SUCCESS
[two_block_state_id.pointer_arithmetic.16] line 75 pointer arithmetic: dead object in machine->state + (signed long int)i: SUCCESS
[two_block_state_id.pointer_arithmetic.17] line 75 pointer arithmetic: pointer outside object bounds in machine->state + (signed long int)i: SUCCESS
[two_block_state_id.pointer_arithmetic.18] line 75 pointer arithmetic: invalid integer address in machine->state + (signed long int)i: SUCCESS
[two_block_state_id.pointer_dereference.55] line 75 dereference failure: pointer NULL in machine->state: SUCCESS
[two_block_state_id.pointer_dereference.56] line 75 dereference failure: pointer invalid in machine->state: SUCCESS
[two_block_state_id.pointer_dereference.57] line 75 dereference failure: deallocated dynamic object in machine->state: SUCCESS
[two_block_state_id.pointer_dereference.58] line 75 dereference failure: dead object in machine->state: SUCCESS
[two_block_state_id.pointer_dereference.59] line 75 dereference failure: pointer outside object bounds in machine->state: SUCCESS
[two_block_state_id.pointer_dereference.60] line 75 dereference failure: invalid integer address in machine->state: SUCCESS
[two_block_state_id.pointer_dereference.61] line 75 dereference failure: pointer NULL in (machine->state + (signed long int)i)->last: SUCCESS
[two_block_state_id.pointer_dereference.62] line 75 dereference failure: pointer invalid in (machine->state + (signed long int)i)->last: SUCCESS
[two_block_state_id.pointer_dereference.63] line 75 dereference failure: deallocated dynamic object in (machine->state + (signed long int)i)->last: SUCCESS
[two_block_state_id.pointer_dereference.64] line 75 dereference failure: dead object in (machine->state + (signed long int)i)->last: SUCCESS
[two_block_state_id.pointer_dereference.65] line 75 dereference failure: pointer outside object bounds in (machine->state + (signed long int)i)->last: SUCCESS
[two_block_state_id.pointer_dereference.66] line 75 dereference failure: invalid integer address in (machine->state + (signed long int)i)->last: SUCCESS
[two_block_state_id.overflow.4] line 76 arithmetic overflow on signed * in (signed long int)i * (signed long int)8ul: SUCCESS
[two_block_state_id.pointer_arithmetic.19] line 76 pointer arithmetic: pointer NULL in machine->state + (signed long int)i: SUCCESS
[two_block_state_id.pointer_arithmetic.20] line 76 pointer arithmetic: pointer invalid in machine->state + (signed long int)i: SUCCESS
[two_block_state_id.pointer_arithmetic.21] line 76 pointer arithmetic: deallocated dynamic object in machine->state + (signed long int)i: SUCCESS
[two_block_state_id.pointer_arithmetic.22] line 76 pointer arithmetic: dead object in machine->state + (signed long int)i: SUCCESS
[two_block_state_id.pointer_arithmetic.23] line 76 pointer arithmetic: pointer outside object bounds in machine->state + (signed long int)i: SUCCESS
[two_block_state_id.pointer_arithmetic.24] line 76 pointer arithmetic: invalid integer address in machine->state + (signed long int)i: SUCCESS
[two_block_state_id.pointer_dereference.67] line 76 dereference failure: pointer NULL in machine->state: SUCCESS
[two_block_state_id.pointer_dereference.68] line 76 dereference failure: pointer invalid in machine->state: SUCCESS
[two_block_state_id.pointer_dereference.69] line 76 dereference failure: deallocated dynamic object in machine->state: SUCCESS
[two_block_state_id.pointer_dereference.70] line 76 dereference failure: dead object in machine->state: SUCCESS
[two_block_state_id.pointer_dereference.71] line 76 dereference failure: pointer outside object bounds in machine->state: SUCCESS
[two_block_state_id.pointer_dereference.72] line 76 dereference failure: invalid integer address in machine->state: SUCCESS
[two_block_state_id.pointer_dereference.73] line 76 dereference failure: pointer NULL in (machine->state + (signed long int)i)->smart: SUCCESS
[two_block_state_id.pointer_dereference.74] line 76 dereference failure: pointer invalid in (machine->state + (signed long int)i)->smart: SUCCESS
[two_block_state_id.pointer_dereference.75] line 76 dereference failure: deallocated dynamic object in (machine->state + (signed long int)i)->smart: SUCCESS
[two_block_state_id.pointer_dereference.76] line 76 dereference failure: dead object in (machine->state + (signed long int)i)->smart: SUCCESS
[two_block_state_id.pointer_dereference.77] line 76 dereference failure: pointer outside object bounds in (machine->state + (signed long int)i)->smart: SUCCESS
[two_block_state_id.pointer_dereference.78] line 76 dereference failure: invalid integer address in (machine->state + (signed long int)i)->smart: SUCCESS
[two_block_state_id.pointer_dereference.79] line 79 dereference failure: pointer NULL in machine->states: SUCCESS
[two_block_state_id.pointer_dereference.80] line 79 dereference failure: pointer invalid in machine->states: SUCCESS
[two_block_state_id.pointer_dereference.81] line 79 dereference failure: deallocated dynamic object in machine->states: SUCCESS
[two_block_state_id.pointer_dereference.82] line 79 dereference failure: dead object in machine->states: SUCCESS
[two_block_state_id.pointer_dereference.83] line 79 dereference failure: pointer outside object bounds in machine->states: SUCCESS
[two_block_state_id.pointer_dereference.84] line 79 dereference failure: invalid integer address in machine->states: SUCCESS
[two_block_state_id.pointer_dereference.85] line 79 dereference failure: pointer NULL in machine->capacity: SUCCESS
[two_block_state_id.pointer_dereference.86] line 79 dereference failure: pointer invalid in machine->capacity: SUCCESS
[two_block_state_id.pointer_dereference.87] line 79 dereference failure: deallocated dynamic object in machine->capacity: SUCCESS
[two_block_state_id.pointer_dereference.88] line 79 dereference failure: dead object in machine->capacity: SUCCESS
[two_block_state_id.pointer_dereference.89] line 79 dereference failure: pointer outside object bounds in machine->capacity: SUCCESS
[two_block_state_id.pointer_dereference.90] line 79 dereference failure: invalid integer address in machine->capacity: SUCCESS
[two_block_state_id.overflow.6] line 81 arithmetic overflow on signed * in (signed long int)machine->states * (signed long int)8ul: SUCCESS
[two_block_state_id.pointer_arithmetic.25] line 81 pointer arithmetic: pointer NULL in machine->state + (signed long int)machine->states: SUCCESS
[two_block_state_id.pointer_arithmetic.26] line 81 pointer arithmetic: pointer invalid in machine->state + (signed long int)machine->states: SUCCESS
[two_block_state_id.pointer_arithmetic.27] line 81 pointer arithmetic: deallocated dynamic object in machine->state + (signed long int)machine->states: SUCCESS
[two_block_state_id.pointer_arithmetic.28] line 81 pointer arithmetic: dead object in machine->state + (signed long int)machine->states: SUCCESS
[two_block_state_id.pointer_arithmetic.29] line 81 pointer arithmetic: pointer outside object bounds in machine->state + (signed long int)machine->states: SUCCESS
[two_block_state_id.pointer_arithmetic.30] line 81 pointer arithmetic: invalid integer address in machine->state + (signed long int)machine->states: SUCCESS
[two_block_state_id.pointer_dereference.91] line 81 dereference failure: pointer NULL in machine->state: SUCCESS
[two_block_state_id.pointer_dereference.92] line 81 dereference failure: pointer invalid in machine->state: SUCCESS
[two_block_state_id.pointer_dereference.93] line 81 dereference failure: deallocated dynamic object in machine->state: SUCCESS
[two_block_state_id.pointer_dereference.94] line 81 dereference failure: dead object in machine->state: SUCCESS
[two_block_state_id.pointer_dereference.95] line 81 dereference failure: pointer outside object bounds in machine->state: SUCCESS
[two_block_state_id.pointer_dereference.96] line 81 dereference failure: invalid integer address in machine->state: SUCCESS
[two_block_state_id.pointer_dereference.97] line 81 dereference failure: pointer NULL in machine->states: SUCCESS
[two_block_state_id.pointer_dereference.98] line 81 dereference failure: pointer invalid in machine->states: SUCCESS
[two_block_state_id.pointer_dereference.99] line 81 dereference failure: deallocated dynamic object in machine->states: SUCCESS
[two_block_state_id.pointer_dereference.100] line 81 dereference failure: dead object in machine->states: SUCCESS
[two_block_state_id.pointer_dereference.101] line 81 dereference failure: pointer outside object bounds in machine->states: SUCCESS
[two_block_state_id.pointer_dereference.102] line 81 dereference failure: invalid integer address in machine->states: SUCCESS
[two_block_state_id.pointer_dereference.103] line 81 dereference failure: pointer NULL in machine->state[(signed long int)machine->states]: SUCCESS
[two_block_state_id.pointer_dereference.104] line 81 dereference failure: pointer invalid in machine->state[(signed long int)machine->states]: SUCCESS
[two_block_state_id.pointer_dereference.105] line 81 dereference failure: deallocated dynamic object in machine->state[(signed long int)machine->states]: SUCCESS
[two_block_state_id.pointer_dereference.106] line 81 dereference failure: dead object in machine->state[(signed long int)machine->states]: SUCCESS
[two_block_state_id.pointer_dereference.107] line 81 dereference failure: pointer outside object bounds in machine->state[(signed long int)machine->states]: SUCCESS
[two_block_state_id.pointer_dereference.108] line 81 dereference failure: invalid integer address in machine->state[(signed long int)machine->states]: SUCCESS
[two_block_state_id.overflow.7] line 82 arithmetic overflow on signed + in machine->states + 1: SUCCESS
[two_block_state_id.pointer_dereference.109] line 82 dereference failure: pointer NULL in machine->states: SUCCESS
[two_block_state_id.pointer_dereference.110] line 82 dereference failure: pointer invalid in machine->states: SUCCESS
[two_block_state_id.pointer_dereference.111] line 82 dereference failure: deallocated dynamic object in machine->states: SUCCESS
[two_block_state_id.pointer_dereference.112] line 82 dereference failure: dead object in machine->states: SUCCESS
[two_block_state_id.pointer_dereference.113] line 82 dereference failure: pointer outside object bounds in machine->states: SUCCESS
[two_block_state_id.pointer_dereference.114] line 82 dereference failure: invalid integer address in machine->states: SUCCESS

** 0 of 779 failed (1 iterations)
VERIFICATION SUCCESSFUL
source/algos/bmh2.c
timeout 4m cbmc --verbosity 7 --unwinding-assertions --slice-formula 
timeout 4m cbmc --verbosity 7 --unwinding-assertions --slice-formula --trace -Isource/algos -DCBMC --bounds-check --pointer-check --memory-leak-check --div-by-zero-check --signed-overflow-check --unsigned-overflow-check --pointer-overflow-check --conversion-check --undefined-shift-check --float-overflow-check --nan-check --enum-range-check source/algos/bmh2.c
CBMC version 6.4.1 (cbmc-6.4.1-176-g0827dcaeaa) 64-bit x86_64 linux
Type-checking bmh2
Generating GOTO Program
Adding CPROVER library (x86_64)
Removal of function pointers and virtual functions
Generic Property Instrumentation
Starting Bounded Model Checking

** Results:
function __CPROVER__start
[__CPROVER__start.memory-leak.1] dynamically allocated memory never freed in __CPROVER_memory_leak == NULL: SUCCESS

<builtin-library-memcmp> function memcmp
[memcmp.precondition.1] line 19 memcmp region 1 readable: SUCCESS
[memcmp.precondition.2] line 21 memcpy region 2 readable: SUCCESS
[memcmp.overflow.2] line 25 arithmetic overflow on unsigned - in n - 1ul: SUCCESS
[memcmp.overflow.1] line 27 arithmetic overflow on signed - in (signed int)*tmp_post_sc1 - (signed int)*tmp_post_sc2: SUCCESS
[memcmp.pointer_arithmetic.1] line 27 pointer arithmetic: pointer NULL in sc1 + 1l: SUCCESS
[memcmp.pointer_arithmetic.2] line 27 pointer arithmetic: pointer invalid in sc1 + 1l: SUCCESS
[memcmp.pointer_arithmetic.3] line 27 pointer arithmetic: deallocated dynamic object in sc1 + 1l: SUCCESS
[memcmp.pointer_arithmetic.4] line 27 pointer arithmetic: dead object in sc1 + 1l: SUCCESS
[memcmp.pointer_arithmetic.5] line 27 pointer arithmetic: pointer outside object bounds in sc1 + 1l: SUCCESS
[memcmp.pointer_arithmetic.6] line 27 pointer arithmetic: invalid integer address in sc1 + 1l: SUCCESS
[memcmp.pointer_arithmetic.7] line 27 pointer arithmetic: pointer NULL in sc2 + 1l: SUCCESS
[memcmp.pointer_arithmetic.8] line 27 pointer arithmetic: pointer invalid in sc2 + 1l: SUCCESS
[memcmp.pointer_arithmetic.9] line 27 pointer arithmetic: deallocated dynamic object in sc2 + 1l: SUCCESS
[memcmp.pointer_arithmetic.10] line 27 pointer arithmetic: dead object in sc2 + 1l: SUCCESS
[memcmp.pointer_arithmetic.11] line 27 pointer arithmetic: pointer outside object bounds in sc2 + 1l: SUCCESS
[memcmp.pointer_arithmetic.12] line 27 pointer arithmetic: invalid integer address in sc2 + 1l: SUCCESS
[memcmp.pointer_dereference.1] line 27 dereference failure: pointer NULL in *tmp_post_sc1: SUCCESS
[memcmp.pointer_dereference.2] line 27 dereference failure: pointer invalid in *tmp_post_sc1: SUCCESS
[memcmp.pointer_dereference.3] line 27 dereference failure: deallocated dynamic object in *tmp_post_sc1: SUCCESS
[memcmp.pointer_dereference.4] line 27 dereference failure: dead object in *tmp_post_sc1: SUCCESS
[memcmp.pointer_dereference.5] line 27 dereference failure: pointer outside object bounds in *tmp_post_sc1: SUCCESS
[memcmp.pointer_dereference.6] line 27 dereference failure: invalid integer address in *tmp_post_sc1: SUCCESS
[memcmp.pointer_dereference.7] line 27 dereference failure: pointer NULL in *tmp_post_sc2: SUCCESS
[memcmp.pointer_dereference.8] line 27 dereference failure: pointer invalid in *tmp_post_sc2: SUCCESS
[memcmp.pointer_dereference.9] line 27 dereference failure: deallocated dynamic object in *tmp_post_sc2: SUCCESS
[memcmp.pointer_dereference.10] line 27 dereference failure: dead object in *tmp_post_sc2: SUCCESS
[memcmp.pointer_dereference.11] line 27 dereference failure: pointer outside object bounds in *tmp_post_sc2: SUCCESS
[memcmp.pointer_dereference.12] line 27 dereference failure: invalid integer address in *tmp_post_sc2: SUCCESS

<builtin-library-strcpy> function strcpy
[strcpy.overflow.1] line 29 arithmetic overflow on unsigned to signed type conversion in (signed long int)i: SUCCESS
[strcpy.pointer_arithmetic.1] line 29 pointer arithmetic: pointer NULL in src + (signed long int)i: SUCCESS
[strcpy.pointer_arithmetic.2] line 29 pointer arithmetic: pointer invalid in src + (signed long int)i: SUCCESS
[strcpy.pointer_arithmetic.3] line 29 pointer arithmetic: deallocated dynamic object in src + (signed long int)i: SUCCESS
[strcpy.pointer_arithmetic.4] line 29 pointer arithmetic: dead object in src + (signed long int)i: SUCCESS
[strcpy.pointer_arithmetic.5] line 29 pointer arithmetic: pointer outside object bounds in src + (signed long int)i: SUCCESS
[strcpy.pointer_arithmetic.6] line 29 pointer arithmetic: invalid integer address in src + (signed long int)i: SUCCESS
[strcpy.pointer_dereference.1] line 29 dereference failure: pointer NULL in src[(signed long int)i]: SUCCESS
[strcpy.pointer_dereference.2] line 29 dereference failure: pointer invalid in src[(signed long int)i]: SUCCESS
[strcpy.pointer_dereference.3] line 29 dereference failure: deallocated dynamic object in src[(signed long int)i]: SUCCESS
[strcpy.pointer_dereference.4] line 29 dereference failure: dead object in src[(signed long int)i]: SUCCESS
[strcpy.pointer_dereference.5] line 29 dereference failure: pointer outside object bounds in src[(signed long int)i]: SUCCESS
[strcpy.pointer_dereference.6] line 29 dereference failure: invalid integer address in src[(signed long int)i]: SUCCESS
[strcpy.pointer_arithmetic.7] line 30 pointer arithmetic: pointer NULL in dst + (signed long int)i: SUCCESS
[strcpy.pointer_arithmetic.8] line 30 pointer arithmetic: pointer invalid in dst + (signed long int)i: SUCCESS
[strcpy.pointer_arithmetic.9] line 30 pointer arithmetic: deallocated dynamic object in dst + (signed long int)i: SUCCESS
[strcpy.pointer_arithmetic.10] line 30 pointer arithmetic: dead object in dst + (signed long int)i: SUCCESS
[strcpy.pointer_arithmetic.11] line 30 pointer arithmetic: pointer outside object bounds in dst + (signed long int)i: SUCCESS
[strcpy.pointer_arithmetic.12] line 30 pointer arithmetic: invalid integer address in dst + (signed long int)i: SUCCESS
[strcpy.pointer_dereference.7] line 30 dereference failure: pointer NULL in dst[(signed long int)i]: SUCCESS
[strcpy.pointer_dereference.8] line 30 dereference failure: pointer invalid in dst[(signed long int)i]: SUCCESS
[strcpy.pointer_dereference.9] line 30 dereference failure: deallocated dynamic object in dst[(signed long int)i]: SUCCESS
[strcpy.pointer_dereference.10] line 30 dereference failure: dead object in dst[(signed long int)i]: SUCCESS
[strcpy.pointer_dereference.11] line 30 dereference failure: pointer outside object bounds in dst[(signed long int)i]: SUCCESS
[strcpy.pointer_dereference.12] line 30 dereference failure: invalid integer address in dst[(signed long int)i]: SUCCESS
[strcpy.overflow.2] line 31 arithmetic overflow on unsigned + in i + 1ul: SUCCESS

source/algos/bmh2.c function search
[search.overflow.1] line 27 arithmetic overflow on signed - in m - 1: SUCCESS
[search.overflow.3] line 31 arithmetic overflow on signed + in i + 1: SUCCESS
[search.array_bounds.1] line 32 array 'shift' lower bound in shift[(signed long int)i]: SUCCESS
[search.array_bounds.2] line 32 array 'shift' upper bound in shift[(signed long int)i]: SUCCESS
[search.overflow.2] line 32 arithmetic overflow on signed to unsigned type conversion in (uint16_t)default_shift: SUCCESS
[search.overflow.4] line 33 arithmetic overflow on signed - in m - 2: SUCCESS
[search.array_bounds.3] line 34 array 'shift' upper bound in shift[(signed long int)((unsigned int)x[(signed long int)i] << 8 | (unsigned int)x[(signed long int)(i + 1)])]: SUCCESS
[search.overflow.5] line 34 arithmetic overflow on signed + in i + 1: SUCCESS
[search.overflow.6] line 34 arithmetic overflow on signed - in (m - 2) - i: SUCCESS
[search.overflow.7] line 34 arithmetic overflow on signed to unsigned type conversion in (uint16_t)((m - 2) - i): SUCCESS
[search.pointer_arithmetic.1] line 34 pointer arithmetic: pointer NULL in x + (signed long int)i: SUCCESS
[search.pointer_arithmetic.2] line 34 pointer arithmetic: pointer invalid in x + (signed long int)i: SUCCESS
[search.pointer_arithmetic.3] line 34 pointer arithmetic: deallocated dynamic object in x + (signed long int)i: SUCCESS
[search.pointer_arithmetic.4] line 34 pointer arithmetic: dead object in x + (signed long int)i: SUCCESS
[search.pointer_arithmetic.5] line 34 pointer arithmetic: pointer outside object bounds in x + (signed long int)i: SUCCESS
[search.pointer_arithmetic.6] line 34 pointer arithmetic: invalid integer address in x + (signed long int)i: SUCCESS
[search.pointer_arithmetic.7] line 34 pointer arithmetic: pointer NULL in x + (signed long int)(i + 1): SUCCESS
[search.pointer_arithmetic.8] line 34 pointer arithmetic: pointer invalid in x + (signed long int)(i + 1): SUCCESS
[search.pointer_arithmetic.9] line 34 pointer arithmetic: deallocated dynamic object in x + (signed long int)(i + 1): SUCCESS
[search.pointer_arithmetic.10] line 34 pointer arithmetic: dead object in x + (signed long int)(i + 1): SUCCESS
[search.pointer_arithmetic.11] line 34 pointer arithmetic: pointer outside object bounds in x + (signed long int)(i + 1): SUCCESS
[search.pointer_arithmetic.12] line 34 pointer arithmetic: invalid integer address in x + (signed long int)(i + 1): SUCCESS
[search.pointer_dereference.1] line 34 dereference failure: pointer NULL in x[(signed long int)i]: SUCCESS
[search.pointer_dereference.2] line 34 dereference failure: pointer invalid in x[(signed long int)i]: SUCCESS
[search.pointer_dereference.3] line 34 dereference failure: deallocated dynamic object in x[(signed long int)i]: SUCCESS
[search.pointer_dereference.4] line 34 dereference failure: dead object in x[(signed long int)i]: SUCCESS
[search.pointer_dereference.5] line 34 dereference failure: pointer outside object bounds in x[(signed long int)i]: SUCCESS
[search.pointer_dereference.6] line 34 dereference failure: invalid integer address in x[(signed long int)i]: SUCCESS
[search.pointer_dereference.7] line 34 dereference failure: pointer NULL in x[(signed long int)(i + 1)]: SUCCESS
[search.pointer_dereference.8] line 34 dereference failure: pointer invalid in x[(signed long int)(i + 1)]: SUCCESS
[search.pointer_dereference.9] line 34 dereference failure: deallocated dynamic object in x[(signed long int)(i + 1)]: SUCCESS
[search.pointer_dereference.10] line 34 dereference failure: dead object in x[(signed long int)(i + 1)]: SUCCESS
[search.pointer_dereference.11] line 34 dereference failure: pointer outside object bounds in x[(signed long int)(i + 1)]: SUCCESS
[search.pointer_dereference.12] line 34 dereference failure: invalid integer address in x[(signed long int)(i + 1)]: SUCCESS
[search.overflow.9] line 36 arithmetic overflow on signed + in i + 1: SUCCESS
[search.array_bounds.4] line 37 array 'shift' lower bound in shift[(signed long int)i]: SUCCESS
[search.array_bounds.5] line 37 array 'shift' upper bound in shift[(signed long int)i]: SUCCESS
[search.overflow.8] line 37 arithmetic overflow on signed to unsigned type conversion in (uint16_t)default_shift: SUCCESS
[search.overflow.10] line 42 arithmetic overflow on signed - in n - m: SUCCESS
[search.overflow.11] line 45 arithmetic overflow on signed - in m - 1: SUCCESS
[search.overflow.12] line 45 arithmetic overflow on signed + in j + i: SUCCESS
[search.overflow.13] line 45 arithmetic overflow on signed - in i - 1: SUCCESS
[search.pointer_arithmetic.13] line 45 pointer arithmetic: pointer NULL in x + (signed long int)i: SUCCESS
[search.pointer_arithmetic.14] line 45 pointer arithmetic: pointer invalid in x + (signed long int)i: SUCCESS
[search.pointer_arithmetic.15] line 45 pointer arithmetic: deallocated dynamic object in x + (signed long int)i: SUCCESS
[search.pointer_arithmetic.16] line 45 pointer arithmetic: dead object in x + (signed long int)i: SUCCESS
[search.pointer_arithmetic.17] line 45 pointer arithmetic: pointer outside object bounds in x + (signed long int)i: SUCCESS
[search.pointer_arithmetic.18] line 45 pointer arithmetic: invalid integer address in x + (signed long int)i: SUCCESS
[search.pointer_arithmetic.19] line 45 pointer arithmetic: pointer NULL in y + (signed long int)(j + i): SUCCESS
[search.pointer_arithmetic.20] line 45 pointer arithmetic: pointer invalid in y + (signed long int)(j + i): SUCCESS
[search.pointer_arithmetic.21] line 45 pointer arithmetic: deallocated dynamic object in y + (signed long int)(j + i): SUCCESS
[search.pointer_arithmetic.22] line 45 pointer arithmetic: dead object in y + (signed long int)(j + i): SUCCESS
[search.pointer_arithmetic.23] line 45 pointer arithmetic: pointer outside object bounds in y + (signed long int)(j + i): SUCCESS
[search.pointer_arithmetic.24] line 45 pointer arithmetic: invalid integer address in y + (signed long int)(j + i): SUCCESS
[search.pointer_dereference.13] line 45 dereference failure: pointer NULL in x[(signed long int)i]: SUCCESS
[search.pointer_dereference.14] line 45 dereference failure: pointer invalid in x[(signed long int)i]: SUCCESS
[search.pointer_dereference.15] line 45 dereference failure: deallocated dynamic object in x[(signed long int)i]: SUCCESS
[search.pointer_dereference.16] line 45 dereference failure: dead object in x[(signed long int)i]: SUCCESS
[search.pointer_dereference.17] line 45 dereference failure: pointer outside object bounds in x[(signed long int)i]: SUCCESS
[search.pointer_dereference.18] line 45 dereference failure: invalid integer address in x[(signed long int)i]: SUCCESS
[search.pointer_dereference.19] line 45 dereference failure: pointer NULL in y[(signed long int)(j + i)]: SUCCESS
[search.pointer_dereference.20] line 45 dereference failure: pointer invalid in y[(signed long int)(j + i)]: SUCCESS
[search.pointer_dereference.21] line 45 dereference failure: deallocated dynamic object in y[(signed long int)(j + i)]: SUCCESS
[search.pointer_dereference.22] line 45 dereference failure: dead object in y[(signed long int)(j + i)]: SUCCESS
[search.pointer_dereference.23] line 45 dereference failure: pointer outside object bounds in y[(signed long int)(j + i)]: SUCCESS
[search.pointer_dereference.24] line 45 dereference failure: invalid integer address in y[(signed long int)(j + i)]: SUCCESS
[search.overflow.14] line 48 arithmetic overflow on signed + in count + 1: SUCCESS
[search.array_bounds.6] line 51 array 'shift' upper bound in shift[(signed long int)((unsigned int)y[(signed long int)((j + m) - 2)] << 8 | (unsigned int)y[(signed long int)((j + m) - 1)])]: SUCCESS
[search.overflow.15] line 51 arithmetic overflow on signed + in j + m: SUCCESS
[search.overflow.16] line 51 arithmetic overflow on signed - in (j + m) - 2: SUCCESS
[search.overflow.17] line 51 arithmetic overflow on signed - in (j + m) - 1: SUCCESS
[search.pointer_arithmetic.25] line 51 pointer arithmetic: pointer NULL in y + (signed long int)((j + m) - 2): SUCCESS
[search.pointer_arithmetic.26] line 51 pointer arithmetic: pointer invalid in y + (signed long int)((j + m) - 2): SUCCESS
[search.pointer_arithmetic.27] line 51 pointer arithmetic: deallocated dynamic object in y + (signed long int)((j + m) - 2): SUCCESS
[search.pointer_arithmetic.28] line 51 pointer arithmetic: dead object in y + (signed long int)((j + m) - 2): SUCCESS
[search.pointer_arithmetic.29] line 51 pointer arithmetic: pointer outside object bounds in y + (signed long int)((j + m) - 2): SUCCESS
[search.pointer_arithmetic.30] line 51 pointer arithmetic: invalid integer address in y + (signed long int)((j + m) - 2): SUCCESS
[search.pointer_arithmetic.31] line 51 pointer arithmetic: pointer NULL in y + (signed long int)((j + m) - 1): SUCCESS
[search.pointer_arithmetic.32] line 51 pointer arithmetic: pointer invalid in y + (signed long int)((j + m) - 1): SUCCESS
[search.pointer_arithmetic.33] line 51 pointer arithmetic: deallocated dynamic object in y + (signed long int)((j + m) - 1): SUCCESS
[search.pointer_arithmetic.34] line 51 pointer arithmetic: dead object in y + (signed long int)((j + m) - 1): SUCCESS
[search.pointer_arithmetic.35] line 51 pointer arithmetic: pointer outside object bounds in y + (signed long int)((j + m) - 1): SUCCESS
[search.pointer_arithmetic.36] line 51 pointer arithmetic: invalid integer address in y + (signed long int)((j + m) - 1): SUCCESS
[search.pointer_dereference.25] line 51 dereference failure: pointer NULL in y[(signed long int)((j + m) - 2)]: SUCCESS
[search.pointer_dereference.26] line 51 dereference failure: pointer invalid in y[(signed long int)((j + m) - 2)]: SUCCESS
[search.pointer_dereference.27] line 51 dereference failure: deallocated dynamic object in y[(signed long int)((j + m) - 2)]: SUCCESS
[search.pointer_dereference.28] line 51 dereference failure: dead object in y[(signed long int)((j + m) - 2)]: SUCCESS
[search.pointer_dereference.29] line 51 dereference failure: pointer outside object bounds in y[(signed long int)((j + m) - 2)]: SUCCESS
[search.pointer_dereference.30] line 51 dereference failure: invalid integer address in y[(signed long int)((j + m) - 2)]: SUCCESS
[search.pointer_dereference.31] line 51 dereference failure: pointer NULL in y[(signed long int)((j + m) - 1)]: SUCCESS
[search.pointer_dereference.32] line 51 dereference failure: pointer invalid in y[(signed long int)((j + m) - 1)]: SUCCESS
[search.pointer_dereference.33] line 51 dereference failure: deallocated dynamic object in y[(signed long int)((j + m) - 1)]: SUCCESS
[search.pointer_dereference.34] line 51 dereference failure: dead object in y[(signed long int)((j + m) - 1)]: SUCCESS
[search.pointer_dereference.35] line 51 dereference failure: pointer outside object bounds in y[(signed long int)((j + m) - 1)]: SUCCESS
[search.pointer_dereference.36] line 51 dereference failure: invalid integer address in y[(signed long int)((j + m) - 1)]: SUCCESS
[search.array_bounds.7] line 53 array 'shift' upper bound in shift[(signed long int)y[(signed long int)j]]: SUCCESS
[search.pointer_arithmetic.37] line 53 pointer arithmetic: pointer NULL in y + (signed long int)j: SUCCESS
[search.pointer_arithmetic.38] line 53 pointer arithmetic: pointer invalid in y + (signed long int)j: SUCCESS
[search.pointer_arithmetic.39] line 53 pointer arithmetic: deallocated dynamic object in y + (signed long int)j: SUCCESS
[search.pointer_arithmetic.40] line 53 pointer arithmetic: dead object in y + (signed long int)j: SUCCESS
[search.pointer_arithmetic.41] line 53 pointer arithmetic: pointer outside object bounds in y + (signed long int)j: SUCCESS
[search.pointer_arithmetic.42] line 53 pointer arithmetic: invalid integer address in y + (signed long int)j: SUCCESS
[search.pointer_dereference.37] line 53 dereference failure: pointer NULL in y[(signed long int)j]: SUCCESS
[search.pointer_dereference.38] line 53 dereference failure: pointer invalid in y[(signed long int)j]: SUCCESS
[search.pointer_dereference.39] line 53 dereference failure: deallocated dynamic object in y[(signed long int)j]: SUCCESS
[search.pointer_dereference.40] line 53 dereference failure: dead object in y[(signed long int)j]: SUCCESS
[search.pointer_dereference.41] line 53 dereference failure: pointer outside object bounds in y[(signed long int)j]: SUCCESS
[search.pointer_dereference.42] line 53 dereference failure: invalid integer address in y[(signed long int)j]: SUCCESS
[search.overflow.18] line 54 arithmetic overflow on signed + in j + amount: SUCCESS

source/algos/include/cbmc.h function bf_search
[bf_search.assertion.1] line 33 assertion m < MAX_M: SUCCESS
[bf_search.assertion.2] line 34 assertion n < MAX_N: SUCCESS
[bf_search.overflow.1] line 36 arithmetic overflow on signed - in n - m: SUCCESS
[bf_search.overflow.4] line 36 arithmetic overflow on signed + in j + 1: SUCCESS
[bf_search.overflow.2] line 39 arithmetic overflow on signed to unsigned type conversion in (size_t)m: SUCCESS
[bf_search.pointer_arithmetic.1] line 39 pointer arithmetic: pointer NULL in y + (signed long int)j: SUCCESS
[bf_search.pointer_arithmetic.2] line 39 pointer arithmetic: pointer invalid in y + (signed long int)j: SUCCESS
[bf_search.pointer_arithmetic.3] line 39 pointer arithmetic: deallocated dynamic object in y + (signed long int)j: SUCCESS
[bf_search.pointer_arithmetic.4] line 39 pointer arithmetic: dead object in y + (signed long int)j: SUCCESS
[bf_search.pointer_arithmetic.5] line 39 pointer arithmetic: pointer outside object bounds in y + (signed long int)j: SUCCESS
[bf_search.pointer_arithmetic.6] line 39 pointer arithmetic: invalid integer address in y + (signed long int)j: SUCCESS
[bf_search.overflow.3] line 40 arithmetic overflow on signed + in count + 1: SUCCESS

source/algos/include/cbmc.h function bf_search_large
[bf_search_large.overflow.1] line 48 arithmetic overflow on signed - in n - m: SUCCESS
[bf_search_large.overflow.4] line 48 arithmetic overflow on signed + in j + 1: SUCCESS
[bf_search_large.overflow.2] line 52 arithmetic overflow on signed to unsigned type conversion in (size_t)m: SUCCESS
[bf_search_large.pointer_arithmetic.1] line 52 pointer arithmetic: pointer NULL in y + (signed long int)j: SUCCESS
[bf_search_large.pointer_arithmetic.2] line 52 pointer arithmetic: pointer invalid in y + (signed long int)j: SUCCESS
[bf_search_large.pointer_arithmetic.3] line 52 pointer arithmetic: deallocated dynamic object in y + (signed long int)j: SUCCESS
[bf_search_large.pointer_arithmetic.4] line 52 pointer arithmetic: dead object in y + (signed long int)j: SUCCESS
[bf_search_large.pointer_arithmetic.5] line 52 pointer arithmetic: pointer outside object bounds in y + (signed long int)j: SUCCESS
[bf_search_large.pointer_arithmetic.6] line 52 pointer arithmetic: invalid integer address in y + (signed long int)j: SUCCESS
[bf_search_large.overflow.3] line 53 arithmetic overflow on signed + in count + 1: SUCCESS

source/algos/include/cbmc.h function main
[main.overflow.1] line 80 arithmetic overflow on signed + in i + 1: SUCCESS
[main.array_bounds.1] line 82 array 'P' lower bound in P[(signed long int)i]: SUCCESS
[main.array_bounds.2] line 82 array 'P' upper bound in P[(signed long int)i]: SUCCESS
[main.array_bounds.3] line 82 array 'P' lower bound in P[(signed long int)i]: SUCCESS
[main.array_bounds.4] line 82 array 'P' upper bound in P[(signed long int)i]: SUCCESS
[main.array_bounds.5] line 82 array 'P' lower bound in P[(signed long int)i]: SUCCESS
[main.array_bounds.6] line 82 array 'P' upper bound in P[(signed long int)i]: SUCCESS
[main.overflow.2] line 83 arithmetic overflow on signed + in i + 1: SUCCESS
[main.array_bounds.7] line 85 array 'T' lower bound in T[(signed long int)i]: SUCCESS
[main.array_bounds.8] line 85 array 'T' upper bound in T[(signed long int)i]: SUCCESS
[main.array_bounds.9] line 85 array 'T' lower bound in T[(signed long int)i]: SUCCESS
[main.array_bounds.10] line 85 array 'T' upper bound in T[(signed long int)i]: SUCCESS
[main.array_bounds.11] line 85 array 'T' lower bound in T[(signed long int)i]: SUCCESS
[main.array_bounds.12] line 85 array 'T' upper bound in T[(signed long int)i]: SUCCESS
[main.assertion.1] line 111 assertion ref == occ: SUCCESS
[main.assertion.2] line 114 assertion ref == occ: SUCCESS
[main.assertion.3] line 117 assertion ref == occ: SUCCESS
[main.assertion.4] line 118 assertion ref == occ: SUCCESS
[main.assertion.5] line 119 assertion ref == occ: SUCCESS
[main.assertion.6] line 120 assertion ref == occ: SUCCESS
[main.assertion.7] line 121 assertion ref == occ: SUCCESS
[main.assertion.8] line 122 assertion ref == occ: SUCCESS
[main.assertion.9] line 123 assertion ref == occ: SUCCESS
[main.assertion.10] line 124 assertion ref == occ: SUCCESS
[main.assertion.11] line 125 assertion ref == occ: SUCCESS
[main.assertion.12] line 126 assertion ref == occ: SUCCESS
[main.assertion.13] line 129 assertion ref == occ: SUCCESS
[main.assertion.14] line 130 assertion ref == occ: SUCCESS
[main.assertion.15] line 133 assertion ref == occ: SUCCESS
[main.assertion.16] line 134 assertion ref == occ: SUCCESS
[main.assertion.17] line 135 assertion ref == occ: SUCCESS
[main.assertion.18] line 136 assertion ref == occ: SUCCESS
[main.assertion.19] line 139 assertion ref == occ: SUCCESS
[main.assertion.20] line 140 assertion ref == occ: SUCCESS
[main.assertion.21] line 141 assertion ref == occ: SUCCESS
[main.assertion.22] line 142 assertion ref == occ: SUCCESS
[main.assertion.23] line 143 assertion ref == occ: SUCCESS
[main.assertion.24] line 144 assertion ref == occ: SUCCESS
[main.assertion.25] line 145 assertion ref == occ: SUCCESS
[main.assertion.26] line 148 assertion ref == occ: SUCCESS
[main.assertion.27] line 149 assertion ref == occ: SUCCESS
[main.assertion.28] line 150 assertion ref == occ: SUCCESS
[main.assertion.29] line 151 assertion ref == occ: SUCCESS
[main.assertion.30] line 152 assertion ref == occ: SUCCESS
[main.assertion.31] line 155 assertion ref == occ: SUCCESS
[main.assertion.32] line 158 assertion ref == occ: SUCCESS
[main.assertion.33] line 159 assertion ref == occ: SUCCESS
[main.assertion.34] line 160 assertion ref == occ: SUCCESS
[main.precondition_instance.1] line 163 strcpy src/dst overlap: SUCCESS
[main.assertion.35] line 165 assertion ref == occ: SUCCESS
[main.assertion.36] line 166 assertion ref == occ: SUCCESS
[main.assertion.37] line 169 assertion ref == occ: SUCCESS
[main.assertion.38] line 170 assertion ref == occ: SUCCESS
[main.assertion.39] line 173 assertion ref == occ: SUCCESS
[main.assertion.40] line 174 assertion ref == occ: SUCCESS
[main.assertion.41] line 177 assertion ref == occ: SUCCESS
[main.assertion.42] line 178 assertion ref == occ: SUCCESS

** 0 of 243 failed (1 iterations)
VERIFICATION SUCCESSFUL
source/algos/bmh4.c
timeout 4m cbmc --verbosity 7 --unwinding-assertions --slice-formula 
timeout 4m cbmc --verbosity 7 --unwinding-assertions --slice-formula --trace -Isource/algos -DCBMC --bounds-check --pointer-check --memory-leak-check --div-by-zero-check --signed-overflow-check --unsigned-overflow-check --pointer-overflow-check --conversion-check --undefined-shift-check --float-overflow-check --nan-check --enum-range-check source/algos/bmh4.c
CBMC version 6.4.1 (cbmc-6.4.1-176-g0827dcaeaa) 64-bit x86_64 linux
Type-checking bmh4
Generating GOTO Program
Adding CPROVER library (x86_64)
Removal of function pointers and virtual functions
Generic Property Instrumentation
Starting Bounded Model Checking

** Results:
function __CPROVER__start
[__CPROVER__start.memory-leak.1] dynamically allocated memory never freed in __CPROVER_memory_leak == NULL: SUCCESS

<builtin-library-memcmp> function memcmp
[memcmp.precondition.1] line 19 memcmp region 1 readable: SUCCESS
[memcmp.precondition.2] line 21 memcpy region 2 readable: SUCCESS
[memcmp.overflow.2] line 25 arithmetic overflow on unsigned - in n - 1ul: SUCCESS
[memcmp.overflow.1] line 27 arithmetic overflow on signed - in (signed int)*tmp_post_sc1 - (signed int)*tmp_post_sc2: SUCCESS
[memcmp.pointer_arithmetic.1] line 27 pointer arithmetic: pointer NULL in sc1 + 1l: SUCCESS
[memcmp.pointer_arithmetic.2] line 27 pointer arithmetic: pointer invalid in sc1 + 1l: SUCCESS
[memcmp.pointer_arithmetic.3] line 27 pointer arithmetic: deallocated dynamic object in sc1 + 1l: SUCCESS
[memcmp.pointer_arithmetic.4] line 27 pointer arithmetic: dead object in sc1 + 1l: SUCCESS
[memcmp.pointer_arithmetic.5] line 27 pointer arithmetic: pointer outside object bounds in sc1 + 1l: SUCCESS
[memcmp.pointer_arithmetic.6] line 27 pointer arithmetic: invalid integer address in sc1 + 1l: SUCCESS
[memcmp.pointer_arithmetic.7] line 27 pointer arithmetic: pointer NULL in sc2 + 1l: SUCCESS
[memcmp.pointer_arithmetic.8] line 27 pointer arithmetic: pointer invalid in sc2 + 1l: SUCCESS
[memcmp.pointer_arithmetic.9] line 27 pointer arithmetic: deallocated dynamic object in sc2 + 1l: SUCCESS
[memcmp.pointer_arithmetic.10] line 27 pointer arithmetic: dead object in sc2 + 1l: SUCCESS
[memcmp.pointer_arithmetic.11] line 27 pointer arithmetic: pointer outside object bounds in sc2 + 1l: SUCCESS
[memcmp.pointer_arithmetic.12] line 27 pointer arithmetic: invalid integer address in sc2 + 1l: SUCCESS
[memcmp.pointer_dereference.1] line 27 dereference failure: pointer NULL in *tmp_post_sc1: SUCCESS
[memcmp.pointer_dereference.2] line 27 dereference failure: pointer invalid in *tmp_post_sc1: SUCCESS
[memcmp.pointer_dereference.3] line 27 dereference failure: deallocated dynamic object in *tmp_post_sc1: SUCCESS
[memcmp.pointer_dereference.4] line 27 dereference failure: dead object in *tmp_post_sc1: SUCCESS
[memcmp.pointer_dereference.5] line 27 dereference failure: pointer outside object bounds in *tmp_post_sc1: SUCCESS
[memcmp.pointer_dereference.6] line 27 dereference failure: invalid integer address in *tmp_post_sc1: SUCCESS
[memcmp.pointer_dereference.7] line 27 dereference failure: pointer NULL in *tmp_post_sc2: SUCCESS
[memcmp.pointer_dereference.8] line 27 dereference failure: pointer invalid in *tmp_post_sc2: SUCCESS
[memcmp.pointer_dereference.9] line 27 dereference failure: deallocated dynamic object in *tmp_post_sc2: SUCCESS
[memcmp.pointer_dereference.10] line 27 dereference failure: dead object in *tmp_post_sc2: SUCCESS
[memcmp.pointer_dereference.11] line 27 dereference failure: pointer outside object bounds in *tmp_post_sc2: SUCCESS
[memcmp.pointer_dereference.12] line 27 dereference failure: invalid integer address in *tmp_post_sc2: SUCCESS

<builtin-library-strcpy> function strcpy
[strcpy.overflow.1] line 29 arithmetic overflow on unsigned to signed type conversion in (signed long int)i: SUCCESS
[strcpy.pointer_arithmetic.1] line 29 pointer arithmetic: pointer NULL in src + (signed long int)i: SUCCESS
[strcpy.pointer_arithmetic.2] line 29 pointer arithmetic: pointer invalid in src + (signed long int)i: SUCCESS
[strcpy.pointer_arithmetic.3] line 29 pointer arithmetic: deallocated dynamic object in src + (signed long int)i: SUCCESS
[strcpy.pointer_arithmetic.4] line 29 pointer arithmetic: dead object in src + (signed long int)i: SUCCESS
[strcpy.pointer_arithmetic.5] line 29 pointer arithmetic: pointer outside object bounds in src + (signed long int)i: SUCCESS
[strcpy.pointer_arithmetic.6] line 29 pointer arithmetic: invalid integer address in src + (signed long int)i: SUCCESS
[strcpy.pointer_dereference.1] line 29 dereference failure: pointer NULL in src[(signed long int)i]: SUCCESS
[strcpy.pointer_dereference.2] line 29 dereference failure: pointer invalid in src[(signed long int)i]: SUCCESS
[strcpy.pointer_dereference.3] line 29 dereference failure: deallocated dynamic object in src[(signed long int)i]: SUCCESS
[strcpy.pointer_dereference.4] line 29 dereference failure: dead object in src[(signed long int)i]: SUCCESS
[strcpy.pointer_dereference.5] line 29 dereference failure: pointer outside object bounds in src[(signed long int)i]: SUCCESS
[strcpy.pointer_dereference.6] line 29 dereference failure: invalid integer address in src[(signed long int)i]: SUCCESS
[strcpy.pointer_arithmetic.7] line 30 pointer arithmetic: pointer NULL in dst + (signed long int)i: SUCCESS
[strcpy.pointer_arithmetic.8] line 30 pointer arithmetic: pointer invalid in dst + (signed long int)i: SUCCESS
[strcpy.pointer_arithmetic.9] line 30 pointer arithmetic: deallocated dynamic object in dst + (signed long int)i: SUCCESS
[strcpy.pointer_arithmetic.10] line 30 pointer arithmetic: dead object in dst + (signed long int)i: SUCCESS
[strcpy.pointer_arithmetic.11] line 30 pointer arithmetic: pointer outside object bounds in dst + (signed long int)i: SUCCESS
[strcpy.pointer_arithmetic.12] line 30 pointer arithmetic: invalid integer address in dst + (signed long int)i: SUCCESS
[strcpy.pointer_dereference.7] line 30 dereference failure: pointer NULL in dst[(signed long int)i]: SUCCESS
[strcpy.pointer_dereference.8] line 30 dereference failure: pointer invalid in dst[(signed long int)i]: SUCCESS
[strcpy.pointer_dereference.9] line 30 dereference failure: deallocated dynamic object in dst[(signed long int)i]: SUCCESS
[strcpy.pointer_dereference.10] line 30 dereference failure: dead object in dst[(signed long int)i]: SUCCESS
[strcpy.pointer_dereference.11] line 30 dereference failure: pointer outside object bounds in dst[(signed long int)i]: SUCCESS
[strcpy.pointer_dereference.12] line 30 dereference failure: invalid integer address in dst[(signed long int)i]: SUCCESS
[strcpy.overflow.2] line 31 arithmetic overflow on unsigned + in i + 1ul: SUCCESS

source/algos/bmh4.c function qgram
[qgram.pointer_arithmetic.1] line 25 pointer arithmetic: pointer NULL in s + (signed long int)0: SUCCESS
[qgram.pointer_arithmetic.2] line 25 pointer arithmetic: pointer invalid in s + (signed long int)0: SUCCESS
[qgram.pointer_arithmetic.3] line 25 pointer arithmetic: deallocated dynamic object in s + (signed long int)0: SUCCESS
[qgram.pointer_arithmetic.4] line 25 pointer arithmetic: dead object in s + (signed long int)0: SUCCESS
[qgram.pointer_arithmetic.5] line 25 pointer arithmetic: pointer outside object bounds in s + (signed long int)0: SUCCESS
[qgram.pointer_arithmetic.6] line 25 pointer arithmetic: invalid integer address in s + (signed long int)0: SUCCESS
[qgram.pointer_arithmetic.7] line 25 pointer arithmetic: pointer NULL in s + (signed long int)1: SUCCESS
[qgram.pointer_arithmetic.8] line 25 pointer arithmetic: pointer invalid in s + (signed long int)1: SUCCESS
[qgram.pointer_arithmetic.9] line 25 pointer arithmetic: deallocated dynamic object in s + (signed long int)1: SUCCESS
[qgram.pointer_arithmetic.10] line 25 pointer arithmetic: dead object in s + (signed long int)1: SUCCESS
[qgram.pointer_arithmetic.11] line 25 pointer arithmetic: pointer outside object bounds in s + (signed long int)1: SUCCESS
[qgram.pointer_arithmetic.12] line 25 pointer arithmetic: invalid integer address in s + (signed long int)1: SUCCESS
[qgram.pointer_dereference.1] line 25 dereference failure: pointer NULL in s[(signed long int)0]: SUCCESS
[qgram.pointer_dereference.2] line 25 dereference failure: pointer invalid in s[(signed long int)0]: SUCCESS
[qgram.pointer_dereference.3] line 25 dereference failure: deallocated dynamic object in s[(signed long int)0]: SUCCESS
[qgram.pointer_dereference.4] line 25 dereference failure: dead object in s[(signed long int)0]: SUCCESS
[qgram.pointer_dereference.5] line 25 dereference failure: pointer outside object bounds in s[(signed long int)0]: SUCCESS
[qgram.pointer_dereference.6] line 25 dereference failure: invalid integer address in s[(signed long int)0]: SUCCESS
[qgram.pointer_dereference.7] line 25 dereference failure: pointer NULL in s[(signed long int)1]: SUCCESS
[qgram.pointer_dereference.8] line 25 dereference failure: pointer invalid in s[(signed long int)1]: SUCCESS
[qgram.pointer_dereference.9] line 25 dereference failure: deallocated dynamic object in s[(signed long int)1]: SUCCESS
[qgram.pointer_dereference.10] line 25 dereference failure: dead object in s[(signed long int)1]: SUCCESS
[qgram.pointer_dereference.11] line 25 dereference failure: pointer outside object bounds in s[(signed long int)1]: SUCCESS
[qgram.pointer_dereference.12] line 25 dereference failure: invalid integer address in s[(signed long int)1]: SUCCESS
[qgram.pointer_arithmetic.13] line 26 pointer arithmetic: pointer NULL in s + (signed long int)2: SUCCESS
[qgram.pointer_arithmetic.14] line 26 pointer arithmetic: pointer invalid in s + (signed long int)2: SUCCESS
[qgram.pointer_arithmetic.15] line 26 pointer arithmetic: deallocated dynamic object in s + (signed long int)2: SUCCESS
[qgram.pointer_arithmetic.16] line 26 pointer arithmetic: dead object in s + (signed long int)2: SUCCESS
[qgram.pointer_arithmetic.17] line 26 pointer arithmetic: pointer outside object bounds in s + (signed long int)2: SUCCESS
[qgram.pointer_arithmetic.18] line 26 pointer arithmetic: invalid integer address in s + (signed long int)2: SUCCESS
[qgram.pointer_arithmetic.19] line 26 pointer arithmetic: pointer NULL in s + (signed long int)3: SUCCESS
[qgram.pointer_arithmetic.20] line 26 pointer arithmetic: pointer invalid in s + (signed long int)3: SUCCESS
[qgram.pointer_arithmetic.21] line 26 pointer arithmetic: deallocated dynamic object in s + (signed long int)3: SUCCESS
[qgram.pointer_arithmetic.22] line 26 pointer arithmetic: dead object in s + (signed long int)3: SUCCESS
[qgram.pointer_arithmetic.23] line 26 pointer arithmetic: pointer outside object bounds in s + (signed long int)3: SUCCESS
[qgram.pointer_arithmetic.24] line 26 pointer arithmetic: invalid integer address in s + (signed long int)3: SUCCESS
[qgram.pointer_dereference.13] line 26 dereference failure: pointer NULL in s[(signed long int)2]: SUCCESS
[qgram.pointer_dereference.14] line 26 dereference failure: pointer invalid in s[(signed long int)2]: SUCCESS
[qgram.pointer_dereference.15] line 26 dereference failure: deallocated dynamic object in s[(signed long int)2]: SUCCESS
[qgram.pointer_dereference.16] line 26 dereference failure: dead object in s[(signed long int)2]: SUCCESS
[qgram.pointer_dereference.17] line 26 dereference failure: pointer outside object bounds in s[(signed long int)2]: SUCCESS
[qgram.pointer_dereference.18] line 26 dereference failure: invalid integer address in s[(signed long int)2]: SUCCESS
[qgram.pointer_dereference.19] line 26 dereference failure: pointer NULL in s[(signed long int)3]: SUCCESS
[qgram.pointer_dereference.20] line 26 dereference failure: pointer invalid in s[(signed long int)3]: SUCCESS
[qgram.pointer_dereference.21] line 26 dereference failure: deallocated dynamic object in s[(signed long int)3]: SUCCESS
[qgram.pointer_dereference.22] line 26 dereference failure: dead object in s[(signed long int)3]: SUCCESS
[qgram.pointer_dereference.23] line 26 dereference failure: pointer outside object bounds in s[(signed long int)3]: SUCCESS
[qgram.pointer_dereference.24] line 26 dereference failure: invalid integer address in s[(signed long int)3]: SUCCESS

source/algos/bmh4.c function qgram_slot
[qgram_slot.overflow.1] line 30 arithmetic overflow on unsigned * in key * 2654435761u: SUCCESS

source/algos/bmh4.c function search
[search.overflow.1] line 45 arithmetic overflow on signed - in m - 3: SUCCESS
[search.overflow.2] line 46 arithmetic overflow on signed - in m - 4: SUCCESS
[search.overflow.7] line 46 arithmetic overflow on signed + in i + 1: SUCCESS
[search.pointer_arithmetic.1] line 47 pointer arithmetic: pointer NULL in x + (signed long int)i: SUCCESS
[search.pointer_arithmetic.2] line 47 pointer arithmetic: pointer invalid in x + (signed long int)i: SUCCESS
[search.pointer_arithmetic.3] line 47 pointer arithmetic: deallocated dynamic object in x + (signed long int)i: SUCCESS
[search.pointer_arithmetic.4] line 47 pointer arithmetic: dead object in x + (signed long int)i: SUCCESS
[search.pointer_arithmetic.5] line 47 pointer arithmetic: pointer outside object bounds in x + (signed long int)i: SUCCESS
[search.pointer_arithmetic.6] line 47 pointer arithmetic: invalid integer address in x + (signed long int)i: SUCCESS
[search.array_bounds.1] line 50 array 'used' upper bound in used[(signed long int)slot]: SUCCESS
[search.array_bounds.2] line 50 array 'keys' upper bound in keys[(signed long int)slot]: SUCCESS
[search.overflow.3] line 51 arithmetic overflow on unsigned + in slot + (unsigned int)1: SUCCESS
[search.array_bounds.3] line 52 array 'used' upper bound in used[(signed long int)slot]: SUCCESS
[search.array_bounds.4] line 53 array 'keys' upper bound in keys[(signed long int)slot]: SUCCESS
[search.array_bounds.5] line 54 array 'qshift' upper bound in qshift[(signed long int)slot]: SUCCESS
[search.overflow.4] line 54 arithmetic overflow on signed - in m - 4: SUCCESS
[search.overflow.5] line 54 arithmetic overflow on signed - in (m - 4) - i: SUCCESS
[search.overflow.6] line 54 arithmetic overflow on signed to unsigned type conversion in (uint16_t)((m - 4) - i): SUCCESS
[search.overflow.9] line 58 arithmetic overflow on signed + in i + 1: SUCCESS
[search.array_bounds.6] line 59 array 'shift' lower bound in shift[(signed long int)i]: SUCCESS
[search.array_bounds.7] line 59 array 'shift' upper bound in shift[(signed long int)i]: SUCCESS
[search.overflow.8] line 59 arithmetic overflow on signed to unsigned type conversion in (uint16_t)default_shift: SUCCESS
[search.overflow.10] line 60 arithmetic overflow on signed - in m - 1: SUCCESS
[search.overflow.14] line 60 arithmetic overflow on signed + in i + 1: SUCCESS
[search.array_bounds.8] line 61 array 'shift' upper bound in shift[(signed long int)x[(signed long int)i]]: SUCCESS
[search.overflow.11] line 61 arithmetic overflow on signed - in m - i: SUCCESS
[search.overflow.12] line 61 arithmetic overflow on signed - in (m - i) - 1: SUCCESS
[search.overflow.13] line 61 arithmetic overflow on signed to unsigned type conversion in (uint16_t)((m - i) - 1): SUCCESS
[search.pointer_arithmetic.7] line 61 pointer arithmetic: pointer NULL in x + (signed long int)i: SUCCESS
[search.pointer_arithmetic.8] line 61 pointer arithmetic: pointer invalid in x + (signed long int)i: SUCCESS
[search.pointer_arithmetic.9] line 61 pointer arithmetic: deallocated dynamic object in x + (signed long int)i: SUCCESS
[search.pointer_arithmetic.10] line 61 pointer arithmetic: dead object in x + (signed long int)i: SUCCESS
[search.pointer_arithmetic.11] line 61 pointer arithmetic: pointer outside object bounds in x + (signed long int)i: SUCCESS
[search.pointer_arithmetic.12] line 61 pointer arithmetic: invalid integer address in x + (signed long int)i: SUCCESS
[search.pointer_dereference.1] line 61 dereference failure: pointer NULL in x[(signed long int)i]: SUCCESS
[search.pointer_dereference.2] line 61 dereference failure: pointer invalid in x[(signed long int)i]: SUCCESS
[search.pointer_dereference.3] line 61 dereference failure: deallocated dynamic object in x[(signed long int)i]: SUCCESS
[search.pointer_dereference.4] line 61 dereference failure: dead object in x[(signed long int)i]: SUCCESS
[search.pointer_dereference.5] line 61 dereference failure: pointer outside object bounds in x[(signed long int)i]: SUCCESS
[search.pointer_dereference.6] line 61 dereference failure: invalid integer address in x[(signed long int)i]: SUCCESS
[search.overflow.15] line 66 arithmetic overflow on signed - in n - m: SUCCESS
[search.overflow.16] line 69 arithmetic overflow on signed - in m - 1: SUCCESS
[search.overflow.17] line 69 arithmetic overflow on signed + in j + i: SUCCESS
[search.overflow.18] line 69 arithmetic overflow on signed - in i - 1: SUCCESS
[search.pointer_arithmetic.13] line 69 pointer arithmetic: pointer NULL in x + (signed long int)i: SUCCESS
[search.pointer_arithmetic.14] line 69 pointer arithmetic: pointer invalid in x + (signed long int)i: SUCCESS
[search.pointer_arithmetic.15] line 69 pointer arithmetic: deallocated dynamic object in x + (signed long int)i: SUCCESS
[search.pointer_arithmetic.16] line 69 pointer arithmetic: dead object in x + (signed long int)i: SUCCESS
[search.pointer_arithmetic.17] line 69 pointer arithmetic: pointer outside object bounds in x + (signed long int)i: SUCCESS
[search.pointer_arithmetic.18] line 69 pointer arithmetic: invalid integer address in x + (signed long int)i: SUCCESS
[search.pointer_arithmetic.19] line 69 pointer arithmetic: pointer NULL in y + (signed long int)(j + i): SUCCESS
[search.pointer_arithmetic.20] line 69 pointer arithmetic: pointer invalid in y + (signed long int)(j + i): SUCCESS
[search.pointer_arithmetic.21] line 69 pointer arithmetic: deallocated dynamic object in y + (signed long int)(j + i): SUCCESS
[search.pointer_arithmetic.22] line 69 pointer arithmetic: dead object in y + (signed long int)(j + i): SUCCESS
[search.pointer_arithmetic.23] line 69 pointer arithmetic: pointer outside object bounds in y + (signed long int)(j + i): SUCCESS
[search.pointer_arithmetic.24] line 69 pointer arithmetic: invalid integer address in y + (signed long int)(j + i): SUCCESS
[search.pointer_dereference.7] line 69 dereference failure: pointer NULL in x[(signed long int)i]: SUCCESS
[search.pointer_dereference.8] line 69 dereference failure: pointer invalid in x[(signed long int)i]: SUCCESS
[search.pointer_dereference.9] line 69 dereference failure: deallocated dynamic object in x[(signed long int)i]: SUCCESS
[search.pointer_dereference.10] line 69 dereference failure: dead object in x[(signed long int)i]: SUCCESS
[search.pointer_dereference.11] line 69 dereference failure: pointer outside object bounds in x[(signed long int)i]: SUCCESS
[search.pointer_dereference.12] line 69 dereference failure: invalid integer address in x[(signed long int)i]: SUCCESS
[search.pointer_dereference.13] line 69 dereference failure: pointer NULL in y[(signed long int)(j + i)]: SUCCESS
[search.pointer_dereference.14] line 69 dereference failure: pointer invalid in y[(signed long int)(j + i)]: SUCCESS
[search.pointer_dereference.15] line 69 dereference failure: deallocated dynamic object in y[(signed long int)(j + i)]: SUCCESS
[search.pointer_dereference.16] line 69 dereference failure: dead object in y[(signed long int)(j + i)]: SUCCESS
[search.pointer_dereference.17] line 69 dereference failure: pointer outside object bounds in y[(signed long int)(j + i)]: SUCCESS
[search.pointer_dereference.18] line 69 dereference failure: invalid integer address in y[(signed long int)(j + i)]: SUCCESS
[search.overflow.19] line 72 arithmetic overflow on signed + in count + 1: SUCCESS
[search.pointer_arithmetic.25] line 75 pointer arithmetic: pointer NULL in y + (signed long int)j: SUCCESS
[search.pointer_arithmetic.26] line 75 pointer arithmetic: pointer invalid in y + (signed long int)j: SUCCESS
[search.pointer_arithmetic.27] line 75 pointer arithmetic: deallocated dynamic object in y + (signed long int)j: SUCCESS
[search.pointer_arithmetic.28] line 75 pointer arithmetic: dead object in y + (signed long int)j: SUCCESS
[search.pointer_arithmetic.29] line 75 pointer arithmetic: pointer outside object bounds in y + (signed long int)j: SUCCESS
[search.pointer_arithmetic.30] line 75 pointer arithmetic: invalid integer address in y + (signed long int)j: SUCCESS
[search.pointer_arithmetic.31] line 75 pointer arithmetic: pointer NULL in y + (signed long int)j + (signed long int)m: SUCCESS
[search.pointer_arithmetic.32] line 75 pointer arithmetic: pointer invalid in y + (signed long int)j + (signed long int)m: SUCCESS
[search.pointer_arithmetic.33] line 75 pointer arithmetic: deallocated dynamic object in y + (signed long int)j + (signed long int)m: SUCCESS
[search.pointer_arithmetic.34] line 75 pointer arithmetic: dead object in y + (signed long int)j + (signed long int)m: SUCCESS
[search.pointer_arithmetic.35] line 75 pointer arithmetic: pointer outside object bounds in y + (signed long int)j + (signed long int)m: SUCCESS
[search.pointer_arithmetic.36] line 75 pointer arithmetic: invalid integer address in y + (signed long int)j + (signed long int)m: SUCCESS
[search.pointer_arithmetic.37] line 75 pointer arithmetic: pointer NULL in (y + (signed long int)j + (signed long int)m) - (signed long int)4: SUCCESS
[search.pointer_arithmetic.38] line 75 pointer arithmetic: pointer invalid in (y + (signed long int)j + (signed long int)m) - (signed long int)4: SUCCESS
[search.pointer_arithmetic.39] line 75 pointer arithmetic: deallocated dynamic object in (y + (signed long int)j + (signed long int)m) - (signed long int)4: SUCCESS
[search.pointer_arithmetic.40] line 75 pointer arithmetic: dead object in (y + (signed long int)j + (signed long int)m) - (signed long int)4: SUCCESS
[search.pointer_arithmetic.41] line 75 pointer arithmetic: pointer outside object bounds in (y + (signed long int)j + (signed long int)m) - (signed long int)4: SUCCESS
[search.pointer_arithmetic.42] line 75 pointer arithmetic: invalid integer address in (y + (signed long int)j + (signed long int)m) - (signed long int)4: SUCCESS
[search.array_bounds.9] line 79 array 'used' upper bound in used[(signed long int)slot]: SUCCESS
[search.array_bounds.10] line 79 array 'keys' upper bound in keys[(signed long int)slot]: SUCCESS
[search.overflow.20] line 80 arithmetic overflow on unsigned + in slot + (unsigned int)1: SUCCESS
[search.array_bounds.11] line 82 array 'used' upper bound in used[(signed long int)slot]: SUCCESS
[search.array_bounds.12] line 82 array 'qshift' upper bound in qshift[(signed long int)slot]: SUCCESS
[search.array_bounds.13] line 84 array 'shift' upper bound in shift[(signed long int)y[(signed long int)((j + m) - 1)]]: SUCCESS
[search.overflow.21] line 84 arithmetic overflow on signed + in j + m: SUCCESS
[search.overflow.22] line 84 arithmetic overflow on signed - in (j + m) - 1: SUCCESS
[search.pointer_arithmetic.43] line 84 pointer arithmetic: pointer NULL in y + (signed long int)((j + m) - 1): SUCCESS
[search.pointer_arithmetic.44] line 84 pointer arithmetic: pointer invalid in y + (signed long int)((j + m) - 1): SUCCESS
[search.pointer_arithmetic.45] line 84 pointer arithmetic: deallocated dynamic object in y + (signed long int)((j + m) - 1): SUCCESS
[search.pointer_arithmetic.46] line 84 pointer arithmetic: dead object in y + (signed long int)((j + m) - 1): SUCCESS
[search.pointer_arithmetic.47] line 84 pointer arithmetic: pointer outside object bounds in y + (signed long int)((j + m) - 1): SUCCESS
[search.pointer_arithmetic.48] line 84 pointer arithmetic: invalid integer address in y + (signed long int)((j + m) - 1): SUCCESS
[search.pointer_dereference.19] line 84 dereference failure: pointer NULL in y[(signed long int)((j + m) - 1)]: SUCCESS
[search.pointer_dereference.20] line 84 dereference failure: pointer invalid in y[(signed long int)((j + m) - 1)]: SUCCESS
[search.pointer_dereference.21] line 84 dereference failure: deallocated dynamic object in y[(signed long int)((j + m) - 1)]: SUCCESS
[search.pointer_dereference.22] line 84 dereference failure: dead object in y[(signed long int)((j + m) - 1)]: SUCCESS
[search.pointer_dereference.23] line 84 dereference failure: pointer outside object bounds in y[(signed long int)((j + m) - 1)]: SUCCESS
[search.pointer_dereference.24] line 84 dereference failure: invalid integer address in y[(signed long int)((j + m) - 1)]: SUCCESS
[search.overflow.23] line 86 arithmetic overflow on signed + in j + amount: SUCCESS

source/algos/include/cbmc.h function bf_search
[bf_search.assertion.1] line 33 assertion m < MAX_M: SUCCESS
[bf_search.assertion.2] line 34 assertion n < MAX_N: SUCCESS
[bf_search.overflow.1] line 36 arithmetic overflow on signed - in n - m: SUCCESS
[bf_search.overflow.4] line 36 arithmetic overflow on signed + in j + 1: SUCCESS
[bf_search.overflow.2] line 39 arithmetic overflow on signed to unsigned type conversion in (size_t)m: SUCCESS
[bf_search.pointer_arithmetic.1] line 39 pointer arithmetic: pointer NULL in y + (signed long int)j: SUCCESS
[bf_search.pointer_arithmetic.2] line 39 pointer arithmetic: pointer invalid in y + (signed long int)j: SUCCESS
[bf_search.pointer_arithmetic.3] line 39 pointer arithmetic: deallocated dynamic object in y + (signed long int)j: SUCCESS
[bf_search.pointer_arithmetic.4] line 39 pointer arithmetic: dead object in y + (signed long int)j: SUCCESS
[bf_search.pointer_arithmetic.5] line 39 pointer arithmetic: pointer outside object bounds in y + (signed long int)j: SUCCESS
[bf_search.pointer_arithmetic.6] line 39 pointer arithmetic: invalid integer address in y + (signed long int)j: SUCCESS
[bf_search.overflow.3] line 40 arithmetic overflow on signed + in count + 1: SUCCESS

source/algos/include/cbmc.h function bf_search_large
[bf_search_large.overflow.1] line 48 arithmetic overflow on signed - in n - m: SUCCESS
[bf_search_large.overflow.4] line 48 arithmetic overflow on signed + in j + 1: SUCCESS
[bf_search_large.overflow.2] line 52 arithmetic overflow on signed to unsigned type conversion in (size_t)m: SUCCESS
[bf_search_large.pointer_arithmetic.1] line 52 pointer arithmetic: pointer NULL in y + (signed long int)j: SUCCESS
[bf_search_large.pointer_arithmetic.2] line 52 pointer arithmetic: pointer invalid in y + (signed long int)j: SUCCESS
[bf_search_large.pointer_arithmetic.3] line 52 pointer arithmetic: deallocated dynamic object in y + (signed long int)j: SUCCESS
[bf_search_large.pointer_arithmetic.4] line 52 pointer arithmetic: dead object in y + (signed long int)j: SUCCESS
[bf_search_large.pointer_arithmetic.5] line 52 pointer arithmetic: pointer outside object bounds in y + (signed long int)j: SUCCESS
[bf_search_large.pointer_arithmetic.6] line 52 pointer arithmetic: invalid integer address in y + (signed long int)j: SUCCESS
[bf_search_large.overflow.3] line 53 arithmetic overflow on signed + in count + 1: SUCCESS

source/algos/include/cbmc.h function main
[main.overflow.1] line 80 arithmetic overflow on signed + in i + 1: SUCCESS
[main.array_bounds.1] line 82 array 'P' lower bound in P[(signed long int)i]: SUCCESS
[main.array_bounds.2] line 82 array 'P' upper bound in P[(signed long int)i]: SUCCESS
[main.array_bounds.3] line 82 array 'P' lower bound in P[(signed long int)i]: SUCCESS
[main.array_bounds.4] line 82 array 'P' upper bound in P[(signed long int)i]: SUCCESS
[main.array_bounds.5] line 82 array 'P' lower bound in P[(signed long int)i]: SUCCESS
[main.array_bounds.6] line 82 array 'P' upper bound in P[(signed long int)i]: SUCCESS
[main.overflow.2] line 83 arithmetic overflow on signed + in i + 1: SUCCESS
[main.array_bounds.7] line 85 array 'T' lower bound in T[(signed long int)i]: SUCCESS
[main.array_bounds.8] line 85 array 'T' upper bound in T[(signed long int)i]: SUCCESS
[main.array_bounds.9] line 85 array 'T' lower bound in T[(signed long int)i]: SUCCESS
[main.array_bounds.10] line 85 array 'T' upper bound in T[(signed long int)i]: SUCCESS
[main.array_bounds.11] line 85 array 'T' lower bound in T[(signed long int)i]: SUCCESS
[main.array_bounds.12] line 85 array 'T' upper bound in T[(signed long int)i]: SUCCESS
[main.assertion.1] line 111 assertion ref == occ: SUCCESS
[main.assertion.2] line 114 assertion ref == occ: SUCCESS
[main.assertion.3] line 117 assertion ref == occ: SUCCESS
[main.assertion.4] line 118 assertion ref == occ: SUCCESS
[main.assertion.5] line 119 assertion ref == occ: SUCCESS
[main.assertion.6] line 120 assertion ref == occ: SUCCESS
[main.assertion.7] line 121 assertion ref == occ: SUCCESS
[main.assertion.8] line 122 assertion ref == occ: SUCCESS
[main.assertion.9] line 123 assertion ref == occ: SUCCESS
[main.assertion.10] line 124 assertion ref == occ: SUCCESS
[main.assertion.11] line 125 assertion ref == occ: SUCCESS
[main.assertion.12] line 126 assertion ref == occ: SUCCESS
[main.assertion.13] line 129 assertion ref == occ: SUCCESS
[main.assertion.14] line 130 assertion ref == occ: SUCCESS
[main.assertion.15] line 133 assertion ref == occ: SUCCESS
[main.assertion.16] line 134 assertion ref == occ: SUCCESS
[main.assertion.17] line 135 assertion ref == occ: SUCCESS
[main.assertion.18] line 136 assertion ref == occ: SUCCESS
[main.assertion.19] line 139 assertion ref == occ: SUCCESS
[main.assertion.20] line 140 assertion ref == occ: SUCCESS
[main.assertion.21] line 141 assertion ref == occ: SUCCESS
[main.assertion.22] line 142 assertion ref == occ: SUCCESS
[main.assertion.23] line 143 assertion ref == occ: SUCCESS
[main.assertion.24] line 144 assertion ref == occ: SUCCESS
[main.assertion.25] line 145 assertion ref == occ: SUCCESS
[main.assertion.26] line 148 assertion ref == occ: SUCCESS
[main.assertion.27] line 149 assertion ref == occ: SUCCESS
[main.assertion.28] line 150 assertion ref == occ: SUCCESS
[main.assertion.29] line 151 assertion ref == occ: SUCCESS
[main.assertion.30] line 152 assertion ref == occ: SUCCESS
[main.assertion.31] line 155 assertion ref == occ: SUCCESS
[main.assertion.32] line 158 assertion ref == occ: SUCCESS
[main.assertion.33] line 159 assertion ref == occ: SUCCESS
[main.assertion.34] line 160 assertion ref == occ: SUCCESS
[main.precondition_instance.1] line 163 strcpy src/dst overlap: SUCCESS
[main.assertion.35] line 165 assertion ref == occ: SUCCESS
[main.assertion.36] line 166 assertion ref == occ: SUCCESS
[main.assertion.37] line 169 assertion ref == occ: SUCCESS
[main.assertion.38] line 170 assertion ref == occ: SUCCESS
[main.assertion.39] line 173 assertion ref == occ: SUCCESS
[main.assertion.40] line 174 assertion ref == occ: SUCCESS
[main.assertion.41] line 177 assertion ref == occ: SUCCESS
[main.assertion.42] line 178 assertion ref == occ: SUCCESS

** 0 of 291 failed (1 iterations)
VERIFICATION SUCCESSFUL
source/algos/ssef.c
timeout 4m cbmc --verbosity 7 --unwinding-assertions --slice-formula 
timeout 4m cbmc --verbosity 7 --unwinding-assertions --slice-formula --trace -Isource/algos -DCBMC --bounds-check --pointer-check --memory-leak-check --div-by-zero-check --signed-overflow-check --unsigned-overflow-check --pointer-overflow-check --conversion-check --undefined-shift-check --float-overflow-check --nan-check --enum-range-check source/algos/ssef.c
CBMC version 6.4.1 (cbmc-6.4.1-176-g0827dcaeaa) 64-bit x86_64 linux
Type-checking ssef
Generating GOTO Program
Adding CPROVER library (x86_64)
Removal of function pointers and virtual functions
Generic Property Instrumentation
Starting Bounded Model Checking

** Results:
function __CPROVER__start
[__CPROVER__start.memory-leak.1] dynamically allocated memory never freed in __CPROVER_memory_leak == NULL: SUCCESS

<builtin-library-malloc> function malloc
[malloc.assertion.1] line 31 max allocation size exceeded: SUCCESS
[malloc.assertion.2] line 36 max allocation may fail: SUCCESS

<builtin-library-memcmp> function memcmp
[memcmp.precondition.1] line 19 memcmp region 1 readable: SUCCESS
[memcmp.precondition.2] line 21 memcpy region 2 readable: SUCCESS
[memcmp.overflow.2] line 25 arithmetic overflow on unsigned - in n - 1ul: SUCCESS
[memcmp.overflow.1] line 27 arithmetic overflow on signed - in (signed int)*tmp_post_sc1 - (signed int)*tmp_post_sc2: SUCCESS
[memcmp.pointer_arithmetic.1] line 27 pointer arithmetic: pointer NULL in sc1 + 1l: SUCCESS
[memcmp.pointer_arithmetic.2] line 27 pointer arithmetic: pointer invalid in sc1 + 1l: SUCCESS
[memcmp.pointer_arithmetic.3] line 27 pointer arithmetic: deallocated dynamic object in sc1 + 1l: SUCCESS
[memcmp.pointer_arithmetic.4] line 27 pointer arithmetic: dead object in sc1 + 1l: SUCCESS
[memcmp.pointer_arithmetic.5] line 27 pointer arithmetic: pointer outside object bounds in sc1 + 1l: SUCCESS
[memcmp.pointer_arithmetic.6] line 27 pointer arithmetic: invalid integer address in sc1 + 1l: SUCCESS
[memcmp.pointer_arithmetic.7] line 27 pointer arithmetic: pointer NULL in sc2 + 1l: SUCCESS
[memcmp.pointer_arithmetic.8] line 27 pointer arithmetic: pointer invalid in sc2 + 1l: SUCCESS
[memcmp.pointer_arithmetic.9] line 27 pointer arithmetic: deallocated dynamic object in sc2 + 1l: SUCCESS
[memcmp.pointer_arithmetic.10] line 27 pointer arithmetic: dead object in sc2 + 1l: SUCCESS
[memcmp.pointer_arithmetic.11] line 27 pointer arithmetic: pointer outside object bounds in sc2 + 1l: SUCCESS
[memcmp.pointer_arithmetic.12] line 27 pointer arithmetic: invalid integer address in sc2 + 1l: SUCCESS
[memcmp.pointer_dereference.1] line 27 dereference failure: pointer NULL in *tmp_post_sc1: SUCCESS
[memcmp.pointer_dereference.2] line 27 dereference failure: pointer invalid in *tmp_post_sc1: SUCCESS
[memcmp.pointer_dereference.3] line 27 dereference failure: deallocated dynamic object in *tmp_post_sc1: SUCCESS
[memcmp.pointer_dereference.4] line 27 dereference failure: dead object in *tmp_post_sc1: SUCCESS
[memcmp.pointer_dereference.5] line 27 dereference failure: pointer outside object bounds in *tmp_post_sc1: SUCCESS
[memcmp.pointer_dereference.6] line 27 dereference failure: invalid integer address in *tmp_post_sc1: SUCCESS
[memcmp.pointer_dereference.7] line 27 dereference failure: pointer NULL in *tmp_post_sc2: SUCCESS
[memcmp.pointer_dereference.8] line 27 dereference failure: pointer invalid in *tmp_post_sc2: SUCCESS
[memcmp.pointer_dereference.9] line 27 dereference failure: deallocated dynamic object in *tmp_post_sc2: SUCCESS
[memcmp.pointer_dereference.10] line 27 dereference failure: dead object in *tmp_post_sc2: SUCCESS
[memcmp.pointer_dereference.11] line 27 dereference failure: pointer outside object bounds in *tmp_post_sc2: SUCCESS
[memcmp.pointer_dereference.12] line 27 dereference failure: invalid integer address in *tmp_post_sc2: SUCCESS

<builtin-library-memset> function memset
[memset.overflow.1] line 36 arithmetic overflow on unsigned to signed type conversion in (signed long int)n: SUCCESS
[memset.overflow.2] line 36 arithmetic overflow on signed to unsigned type conversion in (unsigned long int)(signed long int)n: SUCCESS

<builtin-library-strcpy> function strcpy
[strcpy.overflow.1] line 29 arithmetic overflow on unsigned to signed type conversion in (signed long int)i: SUCCESS
[strcpy.pointer_arithmetic.1] line 29 pointer arithmetic: pointer NULL in src + (signed long int)i: SUCCESS
[strcpy.pointer_arithmetic.2] line 29 pointer arithmetic: pointer invalid in src + (signed long int)i: SUCCESS
[strcpy.pointer_arithmetic.3] line 29 pointer arithmetic: deallocated dynamic object in src + (signed long int)i: SUCCESS
[strcpy.pointer_arithmetic.4] line 29 pointer arithmetic: dead object in src + (signed long int)i: SUCCESS
[strcpy.pointer_arithmetic.5] line 29 pointer arithmetic: pointer outside object bounds in src + (signed long int)i: SUCCESS
[strcpy.pointer_arithmetic.6] line 29 pointer arithmetic: invalid integer address in src + (signed long int)i: SUCCESS
[strcpy.pointer_dereference.1] line 29 dereference failure: pointer NULL in src[(signed long int)i]: SUCCESS
[strcpy.pointer_dereference.2] line 29 dereference failure: pointer invalid in src[(signed long int)i]: SUCCESS
[strcpy.pointer_dereference.3] line 29 dereference failure: deallocated dynamic object in src[(signed long int)i]: SUCCESS
[strcpy.pointer_dereference.4] line 29 dereference failure: dead object in src[(signed long int)i]: SUCCESS
[strcpy.pointer_dereference.5] line 29 dereference failure: pointer outside object bounds in src[(signed long int)i]: SUCCESS
[strcpy.pointer_dereference.6] line 29 dereference failure: invalid integer address in src[(signed long int)i]: SUCCESS
[strcpy.pointer_arithmetic.7] line 30 pointer arithmetic: pointer NULL in dst + (signed long int)i: SUCCESS
[strcpy.pointer_arithmetic.8] line 30 pointer arithmetic: pointer invalid in dst + (signed long int)i: SUCCESS
[strcpy.pointer_arithmetic.9] line 30 pointer arithmetic: deallocated dynamic object in dst + (signed long int)i: SUCCESS
[strcpy.pointer_arithmetic.10] line 30 pointer arithmetic: dead object in dst + (signed long int)i: SUCCESS
[strcpy.pointer_arithmetic.11] line 30 pointer arithmetic: pointer outside object bounds in dst + (signed long int)i: SUCCESS
[strcpy.pointer_arithmetic.12] line 30 pointer arithmetic: invalid integer address in dst + (signed long int)i: SUCCESS
[strcpy.pointer_dereference.7] line 30 dereference failure: pointer NULL in dst[(signed long int)i]: SUCCESS
[strcpy.pointer_dereference.8] line 30 dereference failure: pointer invalid in dst[(signed long int)i]: SUCCESS
[strcpy.pointer_dereference.9] line 30 dereference failure: deallocated dynamic object in dst[(signed long int)i]: SUCCESS
[strcpy.pointer_dereference.10] line 30 dereference failure: dead object in dst[(signed long int)i]: SUCCESS
[strcpy.pointer_dereference.11] line 30 dereference failure: pointer outside object bounds in dst[(signed long int)i]: SUCCESS
[strcpy.pointer_dereference.12] line 30 dereference failure: invalid integer address in dst[(signed long int)i]: SUCCESS
[strcpy.overflow.2] line 31 arithmetic overflow on unsigned + in i + 1ul: SUCCESS

source/algos/include/cbmc.h function bf_search
[bf_search.assertion.1] line 33 assertion m < MAX_M: SUCCESS
[bf_search.assertion.2] line 34 assertion n < MAX_N: SUCCESS
[bf_search.overflow.1] line 36 arithmetic overflow on signed - in n - m: SUCCESS
[bf_search.overflow.4] line 36 arithmetic overflow on signed + in j + 1: SUCCESS
[bf_search.overflow.2] line 39 arithmetic overflow on signed to unsigned type conversion in (size_t)m: SUCCESS
[bf_search.pointer_arithmetic.1] line 39 pointer arithmetic: pointer NULL in y + (signed long int)j: SUCCESS
[bf_search.pointer_arithmetic.2] line 39 pointer arithmetic: pointer invalid in y + (signed long int)j: SUCCESS
[bf_search.pointer_arithmetic.3] line 39 pointer arithmetic: deallocated dynamic object in y + (signed long int)j: SUCCESS
[bf_search.pointer_arithmetic.4] line 39 pointer arithmetic: dead object in y + (signed long int)j: SUCCESS
[bf_search.pointer_arithmetic.5] line 39 pointer arithmetic: pointer outside object bounds in y + (signed long int)j: SUCCESS
[bf_search.pointer_arithmetic.6] line 39 pointer arithmetic: invalid integer address in y + (signed long int)j: SUCCESS
[bf_search.overflow.3] line 40 arithmetic overflow on signed + in count + 1: SUCCESS

source/algos/include/cbmc.h function bf_search_large
[bf_search_large.overflow.1] line 48 arithmetic overflow on signed - in n - m: SUCCESS
[bf_search_large.overflow.4] line 48 arithmetic overflow on signed + in j + 1: SUCCESS
[bf_search_large.overflow.2] line 52 arithmetic overflow on signed to unsigned type conversion in (size_t)m: SUCCESS
[bf_search_large.pointer_arithmetic.1] line 52 pointer arithmetic: pointer NULL in y + (signed long int)j: SUCCESS
[bf_search_large.pointer_arithmetic.2] line 52 pointer arithmetic: pointer invalid in y + (signed long int)j: SUCCESS
[bf_search_large.pointer_arithmetic.3] line 52 pointer arithmetic: deallocated dynamic object in y + (signed long int)j: SUCCESS
[bf_search_large.pointer_arithmetic.4] line 52 pointer arithmetic: dead object in y + (signed long int)j: SUCCESS
[bf_search_large.pointer_arithmetic.5] line 52 pointer arithmetic: pointer outside object bounds in y + (signed long int)j: SUCCESS
[bf_search_large.pointer_arithmetic.6] line 52 pointer arithmetic: invalid integer address in y + (signed long int)j: SUCCESS
[bf_search_large.overflow.3] line 53 arithmetic overflow on signed + in count + 1: SUCCESS

source/algos/include/cbmc.h function main
[main.overflow.1] line 80 arithmetic overflow on signed + in i + 1: SUCCESS
[main.array_bounds.1] line 82 array 'P' lower bound in P[(signed long int)i]: SUCCESS
[main.array_bounds.2] line 82 array 'P' upper bound in P[(signed long int)i]: SUCCESS
[main.array_bounds.3] line 82 array 'P' lower bound in P[(signed long int)i]: SUCCESS
[main.array_bounds.4] line 82 array 'P' upper bound in P[(signed long int)i]: SUCCESS
[main.array_bounds.5] line 82 array 'P' lower bound in P[(signed long int)i]: SUCCESS
[main.array_bounds.6] line 82 array 'P' upper bound in P[(signed long int)i]: SUCCESS
[main.overflow.2] line 83 arithmetic overflow on signed + in i + 1: SUCCESS
[main.array_bounds.7] line 85 array 'T' lower bound in T[(signed long int)i]: SUCCESS
[main.array_bounds.8] line 85 array 'T' upper bound in T[(signed long int)i]: SUCCESS
[main.array_bounds.9] line 85 array 'T' lower bound in T[(signed long int)i]: SUCCESS
[main.array_bounds.10] line 85 array 'T' upper bound in T[(signed long int)i]: SUCCESS
[main.array_bounds.11] line 85 array 'T' lower bound in T[(signed long int)i]: SUCCESS
[main.array_bounds.12] line 85 array 'T' upper bound in T[(signed long int)i]: SUCCESS
[main.assertion.1] line 114 assertion ref == occ: SUCCESS
[main.assertion.2] line 117 assertion ref == occ: SUCCESS
[main.assertion.3] line 118 assertion ref == occ: SUCCESS
[main.assertion.4] line 119 assertion ref == occ: SUCCESS
[main.assertion.5] line 120 assertion ref == occ: SUCCESS
[main.assertion.6] line 121 assertion ref == occ: SUCCESS
[main.assertion.7] line 122 assertion ref == occ: SUCCESS
[main.assertion.8] line 123 assertion ref == occ: SUCCESS
[main.assertion.9] line 124 assertion ref == occ: SUCCESS
[main.assertion.10] line 125 assertion ref == occ: SUCCESS
[main.assertion.11] line 126 assertion ref == occ: SUCCESS
[main.assertion.12] line 129 assertion ref == occ: SUCCESS
[main.assertion.13] line 130 assertion ref == occ: SUCCESS
[main.assertion.14] line 133 assertion ref == occ: SUCCESS
[main.assertion.15] line 134 assertion ref == occ: SUCCESS
[main.assertion.16] line 135 assertion ref == occ: SUCCESS
[main.assertion.17] line 136 assertion ref == occ: SUCCESS
[main.assertion.18] line 139 assertion ref == occ: SUCCESS
[main.assertion.19] line 140 assertion ref == occ: SUCCESS
[main.assertion.20] line 141 assertion ref == occ: SUCCESS
[main.assertion.21] line 142 assertion ref == occ: SUCCESS
[main.assertion.22] line 143 assertion ref == occ: SUCCESS
[main.assertion.23] line 144 assertion ref == occ: SUCCESS
[main.assertion.24] line 145 assertion ref == occ: SUCCESS
[main.assertion.25] line 148 assertion ref == occ: SUCCESS
[main.assertion.26] line 149 assertion ref == occ: SUCCESS
[main.assertion.27] line 150 assertion ref == occ: SUCCESS
[main.assertion.28] line 151 assertion ref == occ: SUCCESS
[main.assertion.29] line 152 assertion ref == occ: SUCCESS
[main.assertion.30] line 158 assertion ref == occ: SUCCESS
[main.assertion.31] line 159 assertion ref == occ: SUCCESS
[main.assertion.32] line 160 assertion ref == occ: SUCCESS
[main.precondition_instance.1] line 163 strcpy src/dst overlap: SUCCESS
[main.assertion.33] line 165 assertion ref == occ: SUCCESS
[main.assertion.34] line 166 assertion ref == occ: SUCCESS
[main.assertion.35] line 169 assertion ref == occ: SUCCESS
[main.assertion.36] line 170 assertion ref == occ: SUCCESS
[main.assertion.37] line 173 assertion ref == occ: SUCCESS
[main.assertion.38] line 174 assertion ref == occ: SUCCESS
[main.assertion.39] line 177 assertion ref == occ: SUCCESS
[main.assertion.40] line 178 assertion ref == occ: SUCCESS

source/algos/include/search_small.h function preSA
[preSA.overflow.2] line 6 arithmetic overflow on signed + in i + 1: SUCCESS
[preSA.overflow.1] line 7 arithmetic overflow on signed * in (signed long int)i * (signed long int)4ul: SUCCESS
[preSA.pointer_arithmetic.1] line 7 pointer arithmetic: pointer NULL in S + (signed long int)i: SUCCESS
[preSA.pointer_arithmetic.2] line 7 pointer arithmetic: pointer invalid in S + (signed long int)i: SUCCESS
[preSA.pointer_arithmetic.3] line 7 pointer arithmetic: deallocated dynamic object in S + (signed long int)i: SUCCESS
[preSA.pointer_arithmetic.4] line 7 pointer arithmetic: dead object in S + (signed long int)i: SUCCESS
[preSA.pointer_arithmetic.5] line 7 pointer arithmetic: pointer outside object bounds in S + (signed long int)i: SUCCESS
[preSA.pointer_arithmetic.6] line 7 pointer arithmetic: invalid integer address in S + (signed long int)i: SUCCESS
[preSA.pointer_dereference.1] line 7 dereference failure: pointer NULL in S[(signed long int)i]: SUCCESS
[preSA.pointer_dereference.2] line 7 dereference failure: pointer invalid in S[(signed long int)i]: SUCCESS
[preSA.pointer_dereference.3] line 7 dereference failure: deallocated dynamic object in S[(signed long int)i]: SUCCESS
[preSA.pointer_dereference.4] line 7 dereference failure: dead object in S[(signed long int)i]: SUCCESS
[preSA.pointer_dereference.5] line 7 dereference failure: pointer outside object bounds in S[(signed long int)i]: SUCCESS
[preSA.pointer_dereference.6] line 7 dereference failure: invalid integer address in S[(signed long int)i]: SUCCESS
[preSA.overflow.4] line 8 arithmetic overflow on signed + in i + 1: SUCCESS
[preSA.overflow.3] line 9 arithmetic overflow on signed * in (signed long int)x[(signed long int)i] * (signed long int)4ul: SUCCESS
[preSA.pointer_arithmetic.7] line 9 pointer arithmetic: pointer NULL in x + (signed long int)i: SUCCESS
[preSA.pointer_arithmetic.8] line 9 pointer arithmetic: pointer invalid in x + (signed long int)i: SUCCESS
[preSA.pointer_arithmetic.9] line 9 pointer arithmetic: deallocated dynamic object in x + (signed long int)i: SUCCESS
[preSA.pointer_arithmetic.10] line 9 pointer arithmetic: dead object in x + (signed long int)i: SUCCESS
[preSA.pointer_arithmetic.11] line 9 pointer arithmetic: pointer outside object bounds in x + (signed long int)i: SUCCESS
[preSA.pointer_arithmetic.12] line 9 pointer arithmetic: invalid integer address in x + (signed long int)i: SUCCESS
[preSA.pointer_arithmetic.13] line 9 pointer arithmetic: pointer NULL in S + (signed long int)x[(signed long int)i]: SUCCESS
[preSA.pointer_arithmetic.14] line 9 pointer arithmetic: pointer invalid in S + (signed long int)x[(signed long int)i]: SUCCESS
[preSA.pointer_arithmetic.15] line 9 pointer arithmetic: deallocated dynamic object in S + (signed long int)x[(signed long int)i]: SUCCESS
[preSA.pointer_arithmetic.16] line 9 pointer arithmetic: dead object in S + (signed long int)x[(signed long int)i]: SUCCESS
[preSA.pointer_arithmetic.17] line 9 pointer arithmetic: pointer outside object bounds in S + (signed long int)x[(signed long int)i]: SUCCESS
[preSA.pointer_arithmetic.18] line 9 pointer arithmetic: invalid integer address in S + (signed long int)x[(signed long int)i]: SUCCESS
[preSA.pointer_dereference.7] line 9 dereference failure: pointer NULL in x[(signed long int)i]: SUCCESS
[preSA.pointer_dereference.8] line 9 dereference failure: pointer invalid in x[(signed long int)i]: SUCCESS
[preSA.pointer_dereference.9] line 9 dereference failure: deallocated dynamic object in x[(signed long int)i]: SUCCESS
[preSA.pointer_dereference.10] line 9 dereference failure: dead object in x[(signed long int)i]: SUCCESS
[preSA.pointer_dereference.11] line 9 dereference failure: pointer outside object bounds in x[(signed long int)i]: SUCCESS
[preSA.pointer_dereference.12] line 9 dereference failure: invalid integer address in x[(signed long int)i]: SUCCESS
[preSA.pointer_dereference.13] line 9 dereference failure: pointer NULL in S[(signed long int)x[(signed long int)i]]: SUCCESS
[preSA.pointer_dereference.14] line 9 dereference failure: pointer invalid in S[(signed long int)x[(signed long int)i]]: SUCCESS
[preSA.pointer_dereference.15] line 9 dereference failure: deallocated dynamic object in S[(signed long int)x[(signed long int)i]]: SUCCESS
[preSA.pointer_dereference.16] line 9 dereference failure: dead object in S[(signed long int)x[(signed long int)i]]: SUCCESS
[preSA.pointer_dereference.17] line 9 dereference failure: pointer outside object bounds in S[(signed long int)x[(signed long int)i]]: SUCCESS
[preSA.pointer_dereference.18] line 9 dereference failure: invalid integer address in S[(signed long int)x[(signed long int)i]]: SUCCESS

source/algos/include/search_small.h function search_small
[search_small.overflow.1] line 26 arithmetic overflow on signed - in m - 1: SUCCESS
[search_small.overflow.2] line 26 arithmetic overflow on signed to unsigned type conversion in (unsigned int)(m - 1): SUCCESS
[search_small.undefined-shift.1] line 26 shift distance too large in 1u << (unsigned int)(m - 1): SUCCESS
[search_small.overflow.4] line 32 arithmetic overflow on signed + in j + 1: SUCCESS
[search_small.array_bounds.1] line 33 array 'S' upper bound in S[(signed long int)y[(signed long int)j]]: SUCCESS
[search_small.pointer_arithmetic.1] line 33 pointer arithmetic: pointer NULL in y + (signed long int)j: SUCCESS
[search_small.pointer_arithmetic.2] line 33 pointer arithmetic: pointer invalid in y + (signed long int)j: SUCCESS
[search_small.pointer_arithmetic.3] line 33 pointer arithmetic: deallocated dynamic object in y + (signed long int)j: SUCCESS
[search_small.pointer_arithmetic.4] line 33 pointer arithmetic: dead object in y + (signed long int)j: SUCCESS
[search_small.pointer_arithmetic.5] line 33 pointer arithmetic: pointer outside object bounds in y + (signed long int)j: SUCCESS
[search_small.pointer_arithmetic.6] line 33 pointer arithmetic: invalid integer address in y + (signed long int)j: SUCCESS
[search_small.pointer_dereference.1] line 33 dereference failure: pointer NULL in y[(signed long int)j]: SUCCESS
[search_small.pointer_dereference.2] line 33 dereference failure: pointer invalid in y[(signed long int)j]: SUCCESS
[search_small.pointer_dereference.3] line 33 dereference failure: deallocated dynamic object in y[(signed long int)j]: SUCCESS
[search_small.pointer_dereference.4] line 33 dereference failure: dead object in y[(signed long int)j]: SUCCESS
[search_small.pointer_dereference.5] line 33 dereference failure: pointer outside object bounds in y[(signed long int)j]: SUCCESS
[search_small.pointer_dereference.6] line 33 dereference failure: invalid integer address in y[(signed long int)j]: SUCCESS
[search_small.overflow.3] line 35 arithmetic overflow on signed + in count + 1: SUCCESS

source/algos/ssef.c function search
[search.precondition_instance.1] line 61 memset destination region writeable: SUCCESS
[search.overflow.1] line 72 arithmetic overflow on signed * in (signed long int)(n / 16) * (signed long int)16ul: SUCCESS
[search.pointer_arithmetic.1] line 72 pointer arithmetic: pointer NULL in byte_extract_little_endian(T, 0l, signed long long int (*)[2l]) + (signed long int)(n / 16): SUCCESS
[search.pointer_arithmetic.2] line 72 pointer arithmetic: pointer invalid in byte_extract_little_endian(T, 0l, signed long long int (*)[2l]) + (signed long int)(n / 16): SUCCESS
[search.pointer_arithmetic.3] line 72 pointer arithmetic: deallocated dynamic object in byte_extract_little_endian(T, 0l, signed long long int (*)[2l]) + (signed long int)(n / 16): SUCCESS
[search.pointer_arithmetic.4] line 72 pointer arithmetic: dead object in byte_extract_little_endian(T, 0l, signed long long int (*)[2l]) + (signed long int)(n / 16): SUCCESS
[search.pointer_arithmetic.5] line 72 pointer arithmetic: pointer outside object bounds in byte_extract_little_endian(T, 0l, signed long long int (*)[2l]) + (signed long int)(n / 16): SUCCESS
[search.pointer_arithmetic.6] line 72 pointer arithmetic: invalid integer address in byte_extract_little_endian(T, 0l, signed long long int (*)[2l]) + (signed long int)(n / 16): SUCCESS
[search.overflow.2] line 76 arithmetic overflow on signed to unsigned type conversion in (size_t)m: SUCCESS
[search.overflow.3] line 82 arithmetic overflow on signed - in m / 16 - 1: SUCCESS
[search.overflow.4] line 82 arithmetic overflow on signed to unsigned type conversion in (unsigned int)(m / 16 - 1): SUCCESS
[search.overflow.5] line 83 arithmetic overflow on signed to unsigned type conversion in (unsigned int)m: SUCCESS
[search.overflow.7] line 83 arithmetic overflow on unsigned + in i + 1u: SUCCESS
[search.overflow.6] line 84 arithmetic overflow on signed to unsigned type conversion in (unsigned char)(((signed int)x[(signed long int)i] & 0x80) >> 7): SUCCESS
[search.pointer_arithmetic.7] line 84 pointer arithmetic: pointer NULL in f + (signed long int)i: SUCCESS
[search.pointer_arithmetic.8] line 84 pointer arithmetic: pointer invalid in f + (signed long int)i: SUCCESS
[search.pointer_arithmetic.9] line 84 pointer arithmetic: deallocated dynamic object in f + (signed long int)i: SUCCESS
[search.pointer_arithmetic.10] line 84 pointer arithmetic: dead object in f + (signed long int)i: SUCCESS
[search.pointer_arithmetic.11] line 84 pointer arithmetic: pointer outside object bounds in f + (signed long int)i: SUCCESS
[search.pointer_arithmetic.12] line 84 pointer arithmetic: invalid integer address in f + (signed long int)i: SUCCESS
[search.pointer_arithmetic.13] line 84 pointer arithmetic: pointer NULL in x + (signed long int)i: SUCCESS
[search.pointer_arithmetic.14] line 84 pointer arithmetic: pointer invalid in x + (signed long int)i: SUCCESS
[search.pointer_arithmetic.15] line 84 pointer arithmetic: deallocated dynamic object in x + (signed long int)i: SUCCESS
[search.pointer_arithmetic.16] line 84 pointer arithmetic: dead object in x + (signed long int)i: SUCCESS
[search.pointer_arithmetic.17] line 84 pointer arithmetic: pointer outside object bounds in x + (signed long int)i: SUCCESS
[search.pointer_arithmetic.18] line 84 pointer arithmetic: invalid integer address in x + (signed long int)i: SUCCESS
[search.pointer_dereference.1] line 84 dereference failure: pointer NULL in f[(signed long int)i]: SUCCESS
[search.pointer_dereference.2] line 84 dereference failure: pointer invalid in f[(signed long int)i]: SUCCESS
[search.pointer_dereference.3] line 84 dereference failure: deallocated dynamic object in f[(signed long int)i]: SUCCESS
[search.pointer_dereference.4] line 84 dereference failure: dead object in f[(signed long int)i]: SUCCESS
[search.pointer_dereference.5] line 84 dereference failure: pointer outside object bounds in f[(signed long int)i]: SUCCESS
[search.pointer_dereference.6] line 84 dereference failure: invalid integer address in f[(signed long int)i]: SUCCESS
[search.pointer_dereference.7] line 84 dereference failure: pointer NULL in x[(signed long int)i]: SUCCESS
[search.pointer_dereference.8] line 84 dereference failure: pointer invalid in x[(signed long int)i]: SUCCESS
[search.pointer_dereference.9] line 84 dereference failure: deallocated dynamic object in x[(signed long int)i]: SUCCESS
[search.pointer_dereference.10] line 84 dereference failure: dead object in x[(signed long int)i]: SUCCESS
[search.pointer_dereference.11] line 84 dereference failure: pointer outside object bounds in x[(signed long int)i]: SUCCESS
[search.pointer_dereference.12] line 84 dereference failure: invalid integer address in x[(signed long int)i]: SUCCESS
[search.overflow.8] line 88 arithmetic overflow on unsigned * in last * (unsigned int)16: SUCCESS
[search.overflow.58] line 88 arithmetic overflow on unsigned + in i + 1u: SUCCESS
[search.overflow.9] line 89 arithmetic overflow on unsigned - in last * (unsigned int)16 - i: SUCCESS
[search.overflow.10] line 90 arithmetic overflow on unsigned + in j + (unsigned int)1: SUCCESS
[search.overflow.11] line 90 arithmetic overflow on signed * in (signed int)f[(signed long int)(j + (unsigned int)1)] * 2: SUCCESS
[search.overflow.12] line 90 arithmetic overflow on signed + in (signed int)f[(signed long int)j] + (signed int)f[(signed long int)(j + (unsigned int)1)] * 2: SUCCESS
[search.overflow.13] line 90 arithmetic overflow on unsigned + in j + (unsigned int)2: SUCCESS
[search.overflow.14] line 90 arithmetic overflow on signed * in (signed int)f[(signed long int)(j + (unsigned int)2)] * 4: SUCCESS
[search.overflow.15] line 90 arithmetic overflow on signed + in (signed int)f[(signed long int)j] + (signed int)f[(signed long int)(j + (unsigned int)1)] * 2 + (signed int)f[(signed long int)(j + (unsigned int)2)] * 4: SUCCESS
[search.overflow.16] line 90 arithmetic overflow on unsigned + in j + (unsigned int)3: SUCCESS
[search.overflow.17] line 90 arithmetic overflow on signed * in (signed int)f[(signed long int)(j + (unsigned int)3)] * 8: SUCCESS
[search.overflow.18] line 90 arithmetic overflow on signed + in (signed int)f[(signed long int)j] + (signed int)f[(signed long int)(j + (unsigned int)1)] * 2 + (signed int)f[(signed long int)(j + (unsigned int)2)] * 4 + (signed int)f[(signed long int)(j + (unsigned int)3)] * 8: SUCCESS
[search.overflow.19] line 90 arithmetic overflow on unsigned + in j + (unsigned int)4: SUCCESS
[search.overflow.20] line 90 arithmetic overflow on signed * in (signed int)f[(signed long int)(j + (unsigned int)4)] * 16: SUCCESS
[search.overflow.21] line 90 arithmetic overflow on signed + in (signed int)f[(signed long int)j] + (signed int)f[(signed long int)(j + (unsigned int)1)] * 2 + (signed int)f[(signed long int)(j + (unsigned int)2)] * 4 + (signed int)f[(signed long int)(j + (unsigned int)3)] * 8 + (signed int)f[(signed long int)(j + (unsigned int)4)] * 16: SUCCESS
[search.overflow.24] line 90 arithmetic overflow on signed + in (signed int)f[(signed long int)j] + (signed int)f[(signed long int)(j + (unsigned int)1)] * 2 + (signed int)f[(signed long int)(j + (unsigned int)2)] * 4 + (signed int)f[(signed long int)(j + (unsigned int)3)] * 8 + (signed int)f[(signed long int)(j + (unsigned int)4)] * 16 + (signed int)f[(signed long int)(j + (unsigned int)5)] * 32: SUCCESS
[search.pointer_arithmetic.19] line 90 pointer arithmetic: pointer NULL in f + (signed long int)j: SUCCESS
[search.pointer_arithmetic.20] line 90 pointer arithmetic: pointer invalid in f + (signed long int)j: SUCCESS
[search.pointer_arithmetic.21] line 90 pointer arithmetic: deallocated dynamic object in f + (signed long int)j: SUCCESS
[search.pointer_arithmetic.22] line 90 pointer arithmetic: dead object in f + (signed long int)j: SUCCESS
[search.pointer_arithmetic.23] line 90 pointer arithmetic: pointer outside object bounds in f + (signed long int)j: SUCCESS
[search.pointer_arithmetic.24] line 90 pointer arithmetic: invalid integer address in f + (signed long int)j: SUCCESS
[search.pointer_arithmetic.25] line 90 pointer arithmetic: pointer NULL in f + (signed long int)(j + (unsigned int)1): SUCCESS
[search.pointer_arithmetic.26] line 90 pointer arithmetic: pointer invalid in f + (signed long int)(j + (unsigned int)1): SUCCESS
[search.pointer_arithmetic.27] line 90 pointer arithmetic: deallocated dynamic object in f + (signed long int)(j + (unsigned int)1): SUCCESS
[search.pointer_arithmetic.28] line 90 pointer arithmetic: dead object in f + (signed long int)(j + (unsigned int)1): SUCCESS
[search.pointer_arithmetic.29] line 90 pointer arithmetic: pointer outside object bounds in f + (signed long int)(j + (unsigned int)1): SUCCESS
[search.pointer_arithmetic.30] line 90 pointer arithmetic: invalid integer address in f + (signed long int)(j + (unsigned int)1): SUCCESS
[search.pointer_arithmetic.31] line 90 pointer arithmetic: pointer NULL in f + (signed long int)(j + (unsigned int)2): SUCCESS
[search.pointer_arithmetic.32] line 90 pointer arithmetic: pointer invalid in f + (signed long int)(j + (unsigned int)2): SUCCESS
[search.pointer_arithmetic.33] line 90 pointer arithmetic: deallocated dynamic object in f + (signed long int)(j + (unsigned int)2): SUCCESS
[search.pointer_arithmetic.34] line 90 pointer arithmetic: dead object in f + (signed long int)(j + (unsigned int)2): SUCCESS
[search.pointer_arithmetic.35] line 90 pointer arithmetic: pointer outside object bounds in f + (signed long int)(j + (unsigned int)2): SUCCESS
[search.pointer_arithmetic.36] line 90 pointer arithmetic: invalid integer address in f + (signed long int)(j + (unsigned int)2): SUCCESS
[search.pointer_arithmetic.37] line 90 pointer arithmetic: pointer NULL in f + (signed long int)(j + (unsigned int)3): SUCCESS
[search.pointer_arithmetic.38] line 90 pointer arithmetic: pointer invalid in f + (signed long int)(j + (unsigned int)3): SUCCESS
[search.pointer_arithmetic.39] line 90 pointer arithmetic: deallocated dynamic object in f + (signed long int)(j + (unsigned int)3): SUCCESS
[search.pointer_arithmetic.40] line 90 pointer arithmetic: dead object in f + (signed long int)(j + (unsigned int)3): SUCCESS
[search.pointer_arithmetic.41] line 90 pointer arithmetic: pointer outside object bounds in f + (signed long int)(j + (unsigned int)3): SUCCESS
[search.pointer_arithmetic.42] line 90 pointer arithmetic: invalid integer address in f + (signed long int)(j + (unsigned int)3): SUCCESS
[search.pointer_arithmetic.43] line 90 pointer arithmetic: pointer NULL in f + (signed long int)(j + (unsigned int)4): SUCCESS
[search.pointer_arithmetic.44] line 90 pointer arithmetic: pointer invalid in f + (signed long int)(j + (unsigned int)4): SUCCESS
[search.pointer_arithmetic.45] line 90 pointer arithmetic: deallocated dynamic object in f + (signed long int)(j + (unsigned int)4): SUCCESS
[search.pointer_arithmetic.46] line 90 pointer arithmetic: dead object in f + (signed long int)(j + (unsigned int)4): SUCCESS
[search.pointer_arithmetic.47] line 90 pointer arithmetic: pointer outside object bounds in f + (signed long int)(j + (unsigned int)4): SUCCESS
[search.pointer_arithmetic.48] line 90 pointer arithmetic: invalid integer address in f + (signed long int)(j + (unsigned int)4): SUCCESS
[search.pointer_dereference.13] line 90 dereference failure: pointer NULL in f[(signed long int)j]: SUCCESS
[search.pointer_dereference.14] line 90 dereference failure: pointer invalid in f[(signed long int)j]: SUCCESS
[search.pointer_dereference.15] line 90 dereference failure: deallocated dynamic object in f[(signed long int)j]: SUCCESS
[search.pointer_dereference.16] line 90 dereference failure: dead object in f[(signed long int)j]: SUCCESS
[search.pointer_dereference.17] line 90 dereference failure: pointer outside object bounds in f[(signed long int)j]: SUCCESS
[search.pointer_dereference.18] line 90 dereference failure: invalid integer address in f[(signed long int)j]: SUCCESS
[search.pointer_dereference.19] line 90 dereference failure: pointer NULL in f[(signed long int)(j + (unsigned int)1)]: SUCCESS
[search.pointer_dereference.20] line 90 dereference failure: pointer invalid in f[(signed long int)(j + (unsigned int)1)]: SUCCESS
[search.pointer_dereference.21] line 90 dereference failure: deallocated dynamic object in f[(signed long int)(j + (unsigned int)1)]: SUCCESS
[search.pointer_dereference.22] line 90 dereference failure: dead object in f[(signed long int)(j + (unsigned int)1)]: SUCCESS
[search.pointer_dereference.23] line 90 dereference failure: pointer outside object bounds in f[(signed long int)(j + (unsigned int)1)]: SUCCESS
[search.pointer_dereference.24] line 90 dereference failure: invalid integer address in f[(signed long int)(j + (unsigned int)1)]: SUCCESS
[search.pointer_dereference.25] line 90 dereference failure: pointer NULL in f[(signed long int)(j + (unsigned int)2)]: SUCCESS
[search.pointer_dereference.26] line 90 dereference failure: pointer invalid in f[(signed long int)(j + (unsigned int)2)]: SUCCESS
[search.pointer_dereference.27] line 90 dereference failure: deallocated dynamic object in f[(signed long int)(j + (unsigned int)2)]: SUCCESS
[search.pointer_dereference.28] line 90 dereference failure: dead object in f[(signed long int)(j + (unsigned int)2)]: SUCCESS
[search.pointer_dereference.29] line 90 dereference failure: pointer outside object bounds in f[(signed long int)(j + (unsigned int)2)]: SUCCESS
[search.pointer_dereference.30] line 90 dereference failure: invalid integer address in f[(signed long int)(j + (unsigned int)2)]: SUCCESS
[search.pointer_dereference.31] line 90 dereference failure: pointer NULL in f[(signed long int)(j + (unsigned int)3)]: SUCCESS
[search.pointer_dereference.32] line 90 dereference failure: pointer invalid in f[(signed long int)(j + (unsigned int)3)]: SUCCESS
[search.pointer_dereference.33] line 90 dereference failure: deallocated dynamic object in f[(signed long int)(j + (unsigned int)3)]: SUCCESS
[search.pointer_dereference.34] line 90 dereference failure: dead object in f[(signed long int)(j + (unsigned int)3)]: SUCCESS
[search.pointer_dereference.35] line 90 dereference failure: pointer outside object bounds in f[(signed long int)(j + (unsigned int)3)]: SUCCESS
[search.pointer_dereference.36] line 90 dereference failure: invalid integer address in f[(signed long int)(j + (unsigned int)3)]: SUCCESS
[search.pointer_dereference.37] line 90 dereference failure: pointer NULL in f[(signed long int)(j + (unsigned int)4)]: SUCCESS
[search.pointer_dereference.38] line 90 dereference failure: pointer invalid in f[(signed long int)(j + (unsigned int)4)]: SUCCESS
[search.pointer_dereference.39] line 90 dereference failure: deallocated dynamic object in f[(signed long int)(j + (unsigned int)4)]: SUCCESS
[search.pointer_dereference.40] line 90 dereference failure: dead object in f[(signed long int)(j + (unsigned int)4)]: SUCCESS
[search.pointer_dereference.41] line 90 dereference failure: pointer outside object bounds in f[(signed long int)(j + (unsigned int)4)]: SUCCESS
[search.pointer_dereference.42] line 90 dereference failure: invalid integer address in f[(signed long int)(j + (unsigned int)4)]: SUCCESS
[search.overflow.22] line 91 arithmetic overflow on unsigned + in j + (unsigned int)5: SUCCESS
[search.overflow.23] line 91 arithmetic overflow on signed * in (signed int)f[(signed long int)(j + (unsigned int)5)] * 32: SUCCESS
[search.overflow.25] line 91 arithmetic overflow on unsigned + in j + (unsigned int)6: SUCCESS
[search.overflow.26] line 91 arithmetic overflow on signed * in (signed int)f[(signed long int)(j + (unsigned int)6)] * 64: SUCCESS
[search.overflow.27] line 91 arithmetic overflow on signed + in (signed int)f[(signed long int)j] + (signed int)f[(signed long int)(j + (unsigned int)1)] * 2 + (signed int)f[(signed long int)(j + (unsigned int)2)] * 4 + (signed int)f[(signed long int)(j + (unsigned int)3)] * 8 + (signed int)f[(signed long int)(j + (unsigned int)4)] * 16 + (signed int)f[(signed long int)(j + (unsigned int)5)] * 32 + (signed int)f[(signed long int)(j + (unsigned int)6)] * 64: SUCCESS
[search.overflow.28] line 91 arithmetic overflow on unsigned + in j + (unsigned int)7: SUCCESS
[search.overflow.29] line 91 arithmetic overflow on signed * in (signed int)f[(signed long int)(j + (unsigned int)7)] * 128: SUCCESS
[search.overflow.30] line 91 arithmetic overflow on signed + in (signed int)f[(signed long int)j] + (signed int)f[(signed long int)(j + (unsigned int)1)] * 2 + (signed int)f[(signed long int)(j + (unsigned int)2)] * 4 + (signed int)f[(signed long int)(j + (unsigned int)3)] * 8 + (signed int)f[(signed long int)(j + (unsigned int)4)] * 16 + (signed int)f[(signed long int)(j + (unsigned int)5)] * 32 + (signed int)f[(signed long int)(j + (unsigned int)6)] * 64 + (signed int)f[(signed long int)(j + (unsigned int)7)] * 128: SUCCESS
[search.overflow.31] line 91 arithmetic overflow on unsigned + in j + (unsigned int)8: SUCCESS
[search.overflow.32] line 91 arithmetic overflow on signed * in (signed int)f[(signed long int)(j + (unsigned int)8)] * 256: SUCCESS
[search.overflow.33] line 91 arithmetic overflow on signed + in (signed int)f[(signed long int)j] + (signed int)f[(signed long int)(j + (unsigned int)1)] * 2 + (signed int)f[(signed long int)(j + (unsigned int)2)] * 4 + (signed int)f[(signed long int)(j + (unsigned int)3)] * 8 + (signed int)f[(signed long int)(j + (unsigned int)4)] * 16 + (signed int)f[(signed long int)(j + (unsigned int)5)] * 32 + (signed int)f[(signed long int)(j + (unsigned int)6)] * 64 + (signed int)f[(signed long int)(j + (unsigned int)7)] * 128 + (signed int)f[(signed long int)(j + (unsigned int)8)] * 256: SUCCESS
[search.overflow.36] line 91 arithmetic overflow on signed + in (signed int)f[(signed long int)j] + (signed int)f[(signed long int)(j + (unsigned int)1)] * 2 + (signed int)f[(signed long int)(j + (unsigned int)2)] * 4 + (signed int)f[(signed long int)(j + (unsigned int)3)] * 8 + (signed int)f[(signed long int)(j + (unsigned int)4)] * 16 + (signed int)f[(signed long int)(j + (unsigned int)5)] * 32 + (signed int)f[(signed long int)(j + (unsigned int)6)] * 64 + (signed int)f[(signed long int)(j + (unsigned int)7)] * 128 + (signed int)f[(signed long int)(j + (unsigned int)8)] * 256 + (signed int)f[(signed long int)(j + (unsigned int)9)] * 512: SUCCESS
[search.pointer_arithmetic.49] line 91 pointer arithmetic: pointer NULL in f + (signed long int)(j + (unsigned int)5): SUCCESS
[search.pointer_arithmetic.50] line 91 pointer arithmetic: pointer invalid in f + (signed long int)(j + (unsigned int)5): SUCCESS
[search.pointer_arithmetic.51] line 91 pointer arithmetic: deallocated dynamic object in f + (signed long int)(j + (unsigned int)5): SUCCESS
[search.pointer_arithmetic.52] line 91 pointer arithmetic: dead object in f + (signed long int)(j + (unsigned int)5): SUCCESS
[search.pointer_arithmetic.53] line 91 pointer arithmetic: pointer outside object bounds in f + (signed long int)(j + (unsigned int)5): SUCCESS
[search.pointer_arithmetic.54] line 91 pointer arithmetic: invalid integer address in f + (signed long int)(j + (unsigned int)5): SUCCESS
[search.pointer_arithmetic.55] line 91 pointer arithmetic: pointer NULL in f + (signed long int)(j + (unsigned int)6): SUCCESS
[search.pointer_arithmetic.56] line 91 pointer arithmetic: pointer invalid in f + (signed long int)(j + (unsigned int)6): SUCCESS
[search.pointer_arithmetic.57] line 91 pointer arithmetic: deallocated dynamic object in f + (signed long int)(j + (unsigned int)6): SUCCESS
[search.pointer_arithmetic.58] line 91 pointer arithmetic: dead object in f + (signed long int)(j + (unsigned int)6): SUCCESS
[search.pointer_arithmetic.59] line 91 pointer arithmetic: pointer outside object bounds in f + (signed long int)(j + (unsigned int)6): SUCCESS
[search.pointer_arithmetic.60] line 91 pointer arithmetic: invalid integer address in f + (signed long int)(j + (unsigned int)6): SUCCESS
[search.pointer_arithmetic.61] line 91 pointer arithmetic: pointer NULL in f + (signed long int)(j + (unsigned int)7): SUCCESS
[search.pointer_arithmetic.62] line 91 pointer arithmetic: pointer invalid in f + (signed long int)(j + (unsigned int)7): SUCCESS
[search.pointer_arithmetic.63] line 91 pointer arithmetic: deallocated dynamic object in f + (signed long int)(j + (unsigned int)7): SUCCESS
[search.pointer_arithmetic.64] line 91 pointer arithmetic: dead object in f + (signed long int)(j + (unsigned int)7): SUCCESS
[search.pointer_arithmetic.65] line 91 pointer arithmetic: pointer outside object bounds in f + (signed long int)(j + (unsigned int)7): SUCCESS
[search.pointer_arithmetic.66] line 91 pointer arithmetic: invalid integer address in f + (signed long int)(j + (unsigned int)7): SUCCESS
[search.pointer_arithmetic.67] line 91 pointer arithmetic: pointer NULL in f + (signed long int)(j + (unsigned int)8): SUCCESS
[search.pointer_arithmetic.68] line 91 pointer arithmetic: pointer invalid in f + (signed long int)(j + (unsigned int)8): SUCCESS
[search.pointer_arithmetic.69] line 91 pointer arithmetic: deallocated dynamic object in f + (signed long int)(j + (unsigned int)8): SUCCESS
[search.pointer_arithmetic.70] line 91 pointer arithmetic: dead object in f + (signed long int)(j + (unsigned int)8): SUCCESS
[search.pointer_arithmetic.71] line 91 pointer arithmetic: pointer outside object bounds in f + (signed long int)(j + (unsigned int)8): SUCCESS
[search.pointer_arithmetic.72] line 91 pointer arithmetic: invalid integer address in f + (signed long int)(j + (unsigned int)8): SUCCESS
[search.pointer_dereference.43] line 91 dereference failure: pointer NULL in f[(signed long int)(j + (unsigned int)5)]: SUCCESS
[search.pointer_dereference.44] line 91 dereference failure: pointer invalid in f[(signed long int)(j + (unsigned int)5)]: SUCCESS
[search.pointer_dereference.45] line 91 dereference failure: deallocated dynamic object in f[(signed long int)(j + (unsigned int)5)]: SUCCESS
[search.pointer_dereference.46] line 91 dereference failure: dead object in f[(signed long int)(j + (unsigned int)5)]: SUCCESS
[search.pointer_dereference.47] line 91 dereference failure: pointer outside object bounds in f[(signed long int)(j + (unsigned int)5)]: SUCCESS
[search.pointer_dereference.48] line 91 dereference failure: invalid integer address in f[(signed long int)(j + (unsigned int)5)]: SUCCESS
[search.pointer_dereference.49] line 91 dereference failure: pointer NULL in f[(signed long int)(j + (unsigned int)6)]: SUCCESS
[search.pointer_dereference.50] line 91 dereference failure: pointer invalid in f[(signed long int)(j + (unsigned int)6)]: SUCCESS
[search.pointer_dereference.51] line 91 dereference failure: deallocated dynamic object in f[(signed long int)(j + (unsigned int)6)]: SUCCESS
[search.pointer_dereference.52] line 91 dereference failure: dead object in f[(signed long int)(j + (unsigned int)6)]: SUCCESS
[search.pointer_dereference.53] line 91 dereference failure: pointer outside object bounds in f[(signed long int)(j + (unsigned int)6)]: SUCCESS
[search.pointer_dereference.54] line 91 dereference failure: invalid integer address in f[(signed long int)(j + (unsigned int)6)]: SUCCESS
[search.pointer_dereference.55] line 91 dereference failure: pointer NULL in f[(signed long int)(j + (unsigned int)7)]: SUCCESS
[search.pointer_dereference.56] line 91 dereference failure: pointer invalid in f[(signed long int)(j + (unsigned int)7)]: SUCCESS
[search.pointer_dereference.57] line 91 dereference failure: deallocated dynamic object in f[(signed long int)(j + (unsigned int)7)]: SUCCESS
[search.pointer_dereference.58] line 91 dereference failure: dead object in f[(signed long int)(j + (unsigned int)7)]: SUCCESS
[search.pointer_dereference.59] line 91 dereference failure: pointer outside object bounds in f[(signed long int)(j + (unsigned int)7)]: SUCCESS
[search.pointer_dereference.60] line 91 dereference failure: invalid integer address in f[(signed long int)(j + (unsigned int)7)]: SUCCESS
[search.pointer_dereference.61] line 91 dereference failure: pointer NULL in f[(signed long int)(j + (unsigned int)8)]: SUCCESS
[search.pointer_dereference.62] line 91 dereference failure: pointer invalid in f[(signed long int)(j + (unsigned int)8)]: SUCCESS
[search.pointer_dereference.63] line 91 dereference failure: deallocated dynamic object in f[(signed long int)(j + (unsigned int)8)]: SUCCESS
[search.pointer_dereference.64] line 91 dereference failure: dead object in f[(signed long int)(j + (unsigned int)8)]: SUCCESS
[search.pointer_dereference.65] line 91 dereference failure: pointer outside object bounds in f[(signed long int)(j + (unsigned int)8)]: SUCCESS
[search.pointer_dereference.66] line 91 dereference failure: invalid integer address in f[(signed long int)(j + (unsigned int)8)]: SUCCESS
[search.overflow.34] line 92 arithmetic overflow on unsigned + in j + (unsigned int)9: SUCCESS
[search.overflow.35] line 92 arithmetic overflow on signed * in (signed int)f[(signed long int)(j + (unsigned int)9)] * 512: SUCCESS
[search.overflow.37] line 92 arithmetic overflow on unsigned + in j + (unsigned int)10: SUCCESS
[search.overflow.38] line 92 arithmetic overflow on signed * in (signed int)f[(signed long int)(j + (unsigned int)10)] * 1024: SUCCESS
[search.overflow.39] line 92 arithmetic overflow on signed + in (signed int)f[(signed long int)j] + (signed int)f[(signed long int)(j + (unsigned int)1)] * 2 + (signed int)f[(signed long int)(j + (unsigned int)2)] * 4 + (signed int)f[(signed long int)(j + (unsigned int)3)] * 8 + (signed int)f[(signed long int)(j + (unsigned int)4)] * 16 + (signed int)f[(signed long int)(j + (unsigned int)5)] * 32 + (signed int)f[(signed long int)(j + (unsigned int)6)] * 64 + (signed int)f[(signed long int)(j + (unsigned int)7)] * 128 + (signed int)f[(signed long int)(j + (unsigned int)8)] * 256 + (signed int)f[(signed long int)(j + (unsigned int)9)] * 512 + (signed int)f[(signed long int)(j + (unsigned int)10)] * 1024: SUCCESS
[search.overflow.40] line 92 arithmetic overflow on unsigned + in j + (unsigned int)11: SUCCESS
[search.overflow.41] line 92 arithmetic overflow on signed * in (signed int)f[(signed long int)(j + (unsigned int)11)] * 2048: SUCCESS
[search.overflow.42] line 92 arithmetic overflow on signed + in (signed int)f[(signed long int)j] + (signed int)f[(signed long int)(j + (unsigned int)1)] * 2 + (signed int)f[(signed long int)(j + (unsigned int)2)] * 4 + (signed int)f[(signed long int)(j + (unsigned int)3)] * 8 + (signed int)f[(signed long int)(j + (unsigned int)4)] * 16 + (signed int)f[(signed long int)(j + (unsigned int)5)] * 32 + (signed int)f[(signed long int)(j + (unsigned int)6)] * 64 + (signed int)f[(signed long int)(j + (unsigned int)7)] * 128 + (signed int)f[(signed long int)(j + (unsigned int)8)] * 256 + (signed int)f[(signed long int)(j + (unsigned int)9)] * 512 + (signed int)f[(signed long int)(j + (unsigned int)10)] * 1024 + (signed int)f[(signed long int)(j + (unsigned int)11)] * 2048: SUCCESS
[search.overflow.45] line 92 arithmetic overflow on signed + in (signed int)f[(signed long int)j] + (signed int)f[(signed long int)(j + (unsigned int)1)] * 2 + (signed int)f[(signed long int)(j + (unsigned int)2)] * 4 + (signed int)f[(signed long int)(j + (unsigned int)3)] * 8 + (signed int)f[(signed long int)(j + (unsigned int)4)] * 16 + (signed int)f[(signed long int)(j + (unsigned int)5)] * 32 + (signed int)f[(signed long int)(j + (unsigned int)6)] * 64 + (signed int)f[(signed long int)(j + (unsigned int)7)] * 128 + (signed int)f[(signed long int)(j + (unsigned int)8)] * 256 + (signed int)f[(signed long int)(j + (unsigned int)9)] * 512 + (signed int)f[(signed long int)(j + (unsigned int)10)] * 1024 + (signed int)f[(signed long int)(j + (unsigned int)11)] * 2048 + (signed int)f[(signed long int)(j + (unsigned int)12)] * 4096: SUCCESS
[search.pointer_arithmetic.73] line 92 pointer arithmetic: pointer NULL in f + (signed long int)(j + (unsigned int)9): SUCCESS
[search.pointer_arithmetic.74] line 92 pointer arithmetic: pointer invalid in f + (signed long int)(j + (unsigned int)9): SUCCESS
[search.pointer_arithmetic.75] line 92 pointer arithmetic: deallocated dynamic object in f + (signed long int)(j + (unsigned int)9): SUCCESS
[search.pointer_arithmetic.76] line 92 pointer arithmetic: dead object in f + (signed long int)(j + (unsigned int)9): SUCCESS
[search.pointer_arithmetic.77] line 92 pointer arithmetic: pointer outside object bounds in f + (signed long int)(j + (unsigned int)9): SUCCESS
[search.pointer_arithmetic.78] line 92 pointer arithmetic: invalid integer address in f + (signed long int)(j + (unsigned int)9): SUCCESS
[search.pointer_arithmetic.79] line 92 pointer arithmetic: pointer NULL in f + (signed long int)(j + (unsigned int)10): SUCCESS
[search.pointer_arithmetic.80] line 92 pointer arithmetic: pointer invalid in f + (signed long int)(j + (unsigned int)10): SUCCESS
[search.pointer_arithmetic.81] line 92 pointer arithmetic: deallocated dynamic object in f + (signed long int)(j + (unsigned int)10): SUCCESS
[search.pointer_arithmetic.82] line 92 pointer arithmetic: dead object in f + (signed long int)(j + (unsigned int)10): SUCCESS
[search.pointer_arithmetic.83] line 92 pointer arithmetic: pointer outside object bounds in f + (signed long int)(j + (unsigned int)10): SUCCESS
[search.pointer_arithmetic.84] line 92 pointer arithmetic: invalid integer address in f + (signed long int)(j + (unsigned int)10): SUCCESS
[search.pointer_arithmetic.85] line 92 pointer arithmetic: pointer NULL in f + (signed long int)(j + (unsigned int)11): SUCCESS
[search.pointer_arithmetic.86] line 92 pointer arithmetic: pointer invalid in f + (signed long int)(j + (unsigned int)11): SUCCESS
[search.pointer_arithmetic.87] line 92 pointer arithmetic: deallocated dynamic object in f + (signed long int)(j + (unsigned int)11): SUCCESS
[search.pointer_arithmetic.88] line 92 pointer arithmetic: dead object in f + (signed long int)(j + (unsigned int)11): SUCCESS
[search.pointer_arithmetic.89] line 92 pointer arithmetic: pointer outside object bounds in f + (signed long int)(j + (unsigned int)11): SUCCESS
[search.pointer_arithmetic.90] line 92 pointer arithmetic: invalid integer address in f + (signed long int)(j + (unsigned int)11): SUCCESS
[search.pointer_dereference.67] line 92 dereference failure: pointer NULL in f[(signed long int)(j + (unsigned int)9)]: SUCCESS
[search.pointer_dereference.68] line 92 dereference failure: pointer invalid in f[(signed long int)(j + (unsigned int)9)]: SUCCESS
[search.pointer_dereference.69] line 92 dereference failure: deallocated dynamic object in f[(signed long int)(j + (unsigned int)9)]: SUCCESS
[search.pointer_dereference.70] line 92 dereference failure: dead object in f[(signed long int)(j + (unsigned int)9)]: SUCCESS
[search.pointer_dereference.71] line 92 dereference failure: pointer outside object bounds in f[(signed long int)(j + (unsigned int)9)]: SUCCESS
[search.pointer_dereference.72] line 92 dereference failure: invalid integer address in f[(signed long int)(j + (unsigned int)9)]: SUCCESS
[search.pointer_dereference.73] line 92 dereference failure: pointer NULL in f[(signed long int)(j + (unsigned int)10)]: SUCCESS
[search.pointer_dereference.74] line 92 dereference failure: pointer invalid in f[(signed long int)(j + (unsigned int)10)]: SUCCESS
[search.pointer_dereference.75] line 92 dereference failure: deallocated dynamic object in f[(signed long int)(j + (unsigned int)10)]: SUCCESS
[search.pointer_dereference.76] line 92 dereference failure: dead object in f[(signed long int)(j + (unsigned int)10)]: SUCCESS
[search.pointer_dereference.77] line 92 dereference failure: pointer outside object bounds in f[(signed long int)(j + (unsigned int)10)]: SUCCESS
[search.pointer_dereference.78] line 92 dereference failure: invalid integer address in f[(signed long int)(j + (unsigned int)10)]: SUCCESS
[search.pointer_dereference.79] line 92 dereference failure: pointer NULL in f[(signed long int)(j + (unsigned int)11)]: SUCCESS
[search.pointer_dereference.80] line 92 dereference failure: pointer invalid in f[(signed long int)(j + (unsigned int)11)]: SUCCESS
[search.pointer_dereference.81] line 92 dereference failure: deallocated dynamic object in f[(signed long int)(j + (unsigned int)11)]: SUCCESS
[search.pointer_dereference.82] line 92 dereference failure: dead object in f[(signed long int)(j + (unsigned int)11)]: SUCCESS
[search.pointer_dereference.83] line 92 dereference failure: pointer outside object bounds in f[(signed long int)(j + (unsigned int)11)]: SUCCESS
[search.pointer_dereference.84] line 92 dereference failure: invalid integer address in f[(signed long int)(j + (unsigned int)11)]: SUCCESS
[search.overflow.43] line 93 arithmetic overflow on unsigned + in j + (unsigned int)12: SUCCESS
[search.overflow.44] line 93 arithmetic overflow on signed * in (signed int)f[(signed long int)(j + (unsigned int)12)] * 4096: SUCCESS
[search.overflow.46] line 93 arithmetic overflow on unsigned + in j + (unsigned int)13: SUCCESS
[search.overflow.47] line 93 arithmetic overflow on signed * in (signed int)f[(signed long int)(j + (unsigned int)13)] * 8192: SUCCESS
[search.overflow.48] line 93 arithmetic overflow on signed + in (signed int)f[(signed long int)j] + (signed int)f[(signed long int)(j + (unsigned int)1)] * 2 + (signed int)f[(signed long int)(j + (unsigned int)2)] * 4 + (signed int)f[(signed long int)(j + (unsigned int)3)] * 8 + (signed int)f[(signed long int)(j + (unsigned int)4)] * 16 + (signed int)f[(signed long int)(j + (unsigned int)5)] * 32 + (signed int)f[(signed long int)(j + (unsigned int)6)] * 64 + (signed int)f[(signed long int)(j + (unsigned int)7)] * 128 + (signed int)f[(signed long int)(j + (unsigned int)8)] * 256 + (signed int)f[(signed long int)(j + (unsigned int)9)] * 512 + (signed int)f[(signed long int)(j + (unsigned int)10)] * 1024 + (signed int)f[(signed long int)(j + (unsigned int)11)] * 2048 + (signed int)f[(signed long int)(j + (unsigned int)12)] * 4096 + (signed int)f[(signed long int)(j + (unsigned int)13)] * 8192: SUCCESS
[search.overflow.49] line 93 arithmetic overflow on unsigned + in j + (unsigned int)14: SUCCESS
[search.overflow.50] line 93 arithmetic overflow on signed * in (signed int)f[(signed long int)(j + (unsigned int)14)] * 16384: SUCCESS
[search.overflow.51] line 93 arithmetic overflow on signed + in (signed int)f[(signed long int)j] + (signed int)f[(signed long int)(j + (unsigned int)1)] * 2 + (signed int)f[(signed long int)(j + (unsigned int)2)] * 4 + (signed int)f[(signed long int)(j + (unsigned int)3)] * 8 + (signed int)f[(signed long int)(j + (unsigned int)4)] * 16 + (signed int)f[(signed long int)(j + (unsigned int)5)] * 32 + (signed int)f[(signed long int)(j + (unsigned int)6)] * 64 + (signed int)f[(signed long int)(j + (unsigned int)7)] * 128 + (signed int)f[(signed long int)(j + (unsigned int)8)] * 256 + (signed int)f[(signed long int)(j + (unsigned int)9)] * 512 + (signed int)f[(signed long int)(j + (unsigned int)10)] * 1024 + (signed int)f[(signed long int)(j + (unsigned int)11)] * 2048 + (signed int)f[(signed long int)(j + (unsigned int)12)] * 4096 + (signed int)f[(signed long int)(j + (unsigned int)13)] * 8192 + (signed int)f[(signed long int)(j + (unsigned int)14)] * 16384: SUCCESS
[search.overflow.54] line 93 arithmetic overflow on signed + in (signed int)f[(signed long int)j] + (signed int)f[(signed long int)(j + (unsigned int)1)] * 2 + (signed int)f[(signed long int)(j + (unsigned int)2)] * 4 + (signed int)f[(signed long int)(j + (unsigned int)3)] * 8 + (signed int)f[(signed long int)(j + (unsigned int)4)] * 16 + (signed int)f[(signed long int)(j + (unsigned int)5)] * 32 + (signed int)f[(signed long int)(j + (unsigned int)6)] * 64 + (signed int)f[(signed long int)(j + (unsigned int)7)] * 128 + (signed int)f[(signed long int)(j + (unsigned int)8)] * 256 + (signed int)f[(signed long int)(j + (unsigned int)9)] * 512 + (signed int)f[(signed long int)(j + (unsigned int)10)] * 1024 + (signed int)f[(signed long int)(j + (unsigned int)11)] * 2048 + (signed int)f[(signed long int)(j + (unsigned int)12)] * 4096 + (signed int)f[(signed long int)(j + (unsigned int)13)] * 8192 + (signed int)f[(signed long int)(j + (unsigned int)14)] * 16384 + (signed int)f[(signed long int)(j + (unsigned int)15)] * 32768: SUCCESS
[search.overflow.55] line 93 arithmetic overflow on signed to unsigned type conversion in (unsigned int)((signed int)f[(signed long int)j] + (signed int)f[(signed long int)(j + (unsigned int)1)] * 2 + (signed int)f[(signed long int)(j + (unsigned int)2)] * 4 + (signed int)f[(signed long int)(j + (unsigned int)3)] * 8 + (signed int)f[(signed long int)(j + (unsigned int)4)] * 16 + (signed int)f[(signed long int)(j + (unsigned int)5)] * 32 + (signed int)f[(signed long int)(j + (unsigned int)6)] * 64 + (signed int)f[(signed long int)(j + (unsigned int)7)] * 128 + (signed int)f[(signed long int)(j + (unsigned int)8)] * 256 + (signed int)f[(signed long int)(j + (unsigned int)9)] * 512 + (signed int)f[(signed long int)(j + (unsigned int)10)] * 1024 + (signed int)f[(signed long int)(j + (unsigned int)11)] * 2048 + (signed int)f[(signed long int)(j + (unsigned int)12)] * 4096 + (signed int)f[(signed long int)(j + (unsigned int)13)] * 8192 + (signed int)f[(signed long int)(j + (unsigned int)14)] * 16384 + (signed int)f[(signed long int)(j + (unsigned int)15)] * 32768): SUCCESS
[search.pointer_arithmetic.91] line 93 pointer arithmetic: pointer NULL in f + (signed long int)(j + (unsigned int)12): SUCCESS
[search.pointer_arithmetic.92] line 93 pointer arithmetic: pointer invalid in f + (signed long int)(j + (unsigned int)12): SUCCESS
[search.pointer_arithmetic.93] line 93 pointer arithmetic: deallocated dynamic object in f + (signed long int)(j + (unsigned int)12): SUCCESS
[search.pointer_arithmetic.94] line 93 pointer arithmetic: dead object in f + (signed long int)(j + (unsigned int)12): SUCCESS
[search.pointer_arithmetic.95] line 93 pointer arithmetic: pointer outside object bounds in f + (signed long int)(j + (unsigned int)12): SUCCESS
[search.pointer_arithmetic.96] line 93 pointer arithmetic: invalid integer address in f + (signed long int)(j + (unsigned int)12): SUCCESS
[search.pointer_arithmetic.97] line 93 pointer arithmetic: pointer NULL in f + (signed long int)(j + (unsigned int)13): SUCCESS
[search.pointer_arithmetic.98] line 93 pointer arithmetic: pointer invalid in f + (signed long int)(j + (unsigned int)13): SUCCESS
[search.pointer_arithmetic.99] line 93 pointer arithmetic: deallocated dynamic object in f + (signed long int)(j + (unsigned int)13): SUCCESS
[search.pointer_arithmetic.100] line 93 pointer arithmetic: dead object in f + (signed long int)(j + (unsigned int)13): SUCCESS
[search.pointer_arithmetic.101] line 93 pointer arithmetic: pointer outside object bounds in f + (signed long int)(j + (unsigned int)13): SUCCESS
[search.pointer_arithmetic.102] line 93 pointer arithmetic: invalid integer address in f + (signed long int)(j + (unsigned int)13): SUCCESS
[search.pointer_arithmetic.103] line 93 pointer arithmetic: pointer NULL in f + (signed long int)(j + (unsigned int)14): SUCCESS
[search.pointer_arithmetic.104] line 93 pointer arithmetic: pointer invalid in f + (signed long int)(j + (unsigned int)14): SUCCESS
[search.pointer_arithmetic.105] line 93 pointer arithmetic: deallocated dynamic object in f + (signed long int)(j + (unsigned int)14): SUCCESS
[search.pointer_arithmetic.106] line 93 pointer arithmetic: dead object in f + (signed long int)(j + (unsigned int)14): SUCCESS
[search.pointer_arithmetic.107] line 93 pointer arithmetic: pointer outside object bounds in f + (signed long int)(j + (unsigned int)14): SUCCESS
[search.pointer_arithmetic.108] line 93 pointer arithmetic: invalid integer address in f + (signed long int)(j + (unsigned int)14): SUCCESS
[search.pointer_dereference.85] line 93 dereference failure: pointer NULL in f[(signed long int)(j + (unsigned int)12)]: SUCCESS
[search.pointer_dereference.86] line 93 dereference failure: pointer invalid in f[(signed long int)(j + (unsigned int)12)]: SUCCESS
[search.pointer_dereference.87] line 93 dereference failure: deallocated dynamic object in f[(signed long int)(j + (unsigned int)12)]: SUCCESS
[search.pointer_dereference.88] line 93 dereference failure: dead object in f[(signed long int)(j + (unsigned int)12)]: SUCCESS
[search.pointer_dereference.89] line 93 dereference failure: pointer outside object bounds in f[(signed long int)(j + (unsigned int)12)]: SUCCESS
[search.pointer_dereference.90] line 93 dereference failure: invalid integer address in f[(signed long int)(j + (unsigned int)12)]: SUCCESS
[search.pointer_dereference.91] line 93 dereference failure: pointer NULL in f[(signed long int)(j + (unsigned int)13)]: SUCCESS
[search.pointer_dereference.92] line 93 dereference failure: pointer invalid in f[(signed long int)(j + (unsigned int)13)]: SUCCESS
[search.pointer_dereference.93] line 93 dereference failure: deallocated dynamic object in f[(signed long int)(j + (unsigned int)13)]: SUCCESS
[search.pointer_dereference.94] line 93 dereference failure: dead object in f[(signed long int)(j + (unsigned int)13)]: SUCCESS
[search.pointer_dereference.95] line 93 dereference failure: pointer outside object bounds in f[(signed long int)(j + (unsigned int)13)]: SUCCESS
[search.pointer_dereference.96] line 93 dereference failure: invalid integer address in f[(signed long int)(j + (unsigned int)13)]: SUCCESS
[search.pointer_dereference.97] line 93 dereference failure: pointer NULL in f[(signed long int)(j + (unsigned int)14)]: SUCCESS
[search.pointer_dereference.98] line 93 dereference failure: pointer invalid in f[(signed long int)(j + (unsigned int)14)]: SUCCESS
[search.pointer_dereference.99] line 93 dereference failure: deallocated dynamic object in f[(signed long int)(j + (unsigned int)14)]: SUCCESS
[search.pointer_dereference.100] line 93 dereference failure: dead object in f[(signed long int)(j + (unsigned int)14)]: SUCCESS
[search.pointer_dereference.101] line 93 dereference failure: pointer outside object bounds in f[(signed long int)(j + (unsigned int)14)]: SUCCESS
[search.pointer_dereference.102] line 93 dereference failure: invalid integer address in f[(signed long int)(j + (unsigned int)14)]: SUCCESS
[search.overflow.52] line 94 arithmetic overflow on unsigned + in j + (unsigned int)15: SUCCESS
[search.overflow.53] line 94 arithmetic overflow on signed * in (signed int)f[(signed long int)(j + (unsigned int)15)] * 32768: SUCCESS
[search.pointer_arithmetic.109] line 94 pointer arithmetic: pointer NULL in f + (signed long int)(j + (unsigned int)15): SUCCESS
[search.pointer_arithmetic.110] line 94 pointer arithmetic: pointer invalid in f + (signed long int)(j + (unsigned int)15): SUCCESS
[search.pointer_arithmetic.111] line 94 pointer arithmetic: deallocated dynamic object in f + (signed long int)(j + (unsigned int)15): SUCCESS
[search.pointer_arithmetic.112] line 94 pointer arithmetic: dead object in f + (signed long int)(j + (unsigned int)15): SUCCESS
[search.pointer_arithmetic.113] line 94 pointer arithmetic: pointer outside object bounds in f + (signed long int)(j + (unsigned int)15): SUCCESS
[search.pointer_arithmetic.114] line 94 pointer arithmetic: invalid integer address in f + (signed long int)(j + (unsigned int)15): SUCCESS
[search.pointer_dereference.103] line 94 dereference failure: pointer NULL in f[(signed long int)(j + (unsigned int)15)]: SUCCESS
[search.pointer_dereference.104] line 94 dereference failure: pointer invalid in f[(signed long int)(j + (unsigned int)15)]: SUCCESS
[search.pointer_dereference.105] line 94 dereference failure: deallocated dynamic object in f[(signed long int)(j + (unsigned int)15)]: SUCCESS
[search.pointer_dereference.106] line 94 dereference failure: dead object in f[(signed long int)(j + (unsigned int)15)]: SUCCESS
[search.pointer_dereference.107] line 94 dereference failure: pointer outside object bounds in f[(signed long int)(j + (unsigned int)15)]: SUCCESS
[search.pointer_dereference.108] line 94 dereference failure: invalid integer address in f[(signed long int)(j + (unsigned int)15)]: SUCCESS
[search.array_bounds.1] line 95 array 'flist' upper bound in flist[(signed long int)filter]: SUCCESS
[search.array_bounds.2] line 96 array 'flist' upper bound in flist[(signed long int)filter]: SUCCESS
[search.array_bounds.3] line 99 array 'flist' upper bound in flist[(signed long int)filter]: SUCCESS
[search.pointer_dereference.109] line 99 dereference failure: pointer NULL in flist[(signed long int)filter]->next: SUCCESS
[search.pointer_dereference.110] line 99 dereference failure: pointer invalid in flist[(signed long int)filter]->next: SUCCESS
[search.pointer_dereference.111] line 99 dereference failure: deallocated dynamic object in flist[(signed long int)filter]->next: SUCCESS
[search.pointer_dereference.112] line 99 dereference failure: dead object in flist[(signed long int)filter]->next: SUCCESS
[search.pointer_dereference.113] line 99 dereference failure: pointer outside object bounds in flist[(signed long int)filter]->next: SUCCESS
[search.pointer_dereference.114] line 99 dereference failure: invalid integer address in flist[(signed long int)filter]->next: SUCCESS
[search.array_bounds.4] line 100 array 'flist' upper bound in flist[(signed long int)filter]: SUCCESS
[search.overflow.56] line 100 arithmetic overflow on unsigned to signed type conversion in (signed int)i: SUCCESS
[search.pointer_dereference.115] line 100 dereference failure: pointer NULL in flist[(signed long int)filter]->pos: SUCCESS
[search.pointer_dereference.116] line 100 dereference failure: pointer invalid in flist[(signed long int)filter]->pos: SUCCESS
[search.pointer_dereference.117] line 100 dereference failure: deallocated dynamic object in flist[(signed long int)filter]->pos: SUCCESS
[search.pointer_dereference.118] line 100 dereference failure: dead object in flist[(signed long int)filter]->pos: SUCCESS
[search.pointer_dereference.119] line 100 dereference failure: pointer outside object bounds in flist[(signed long int)filter]->pos: SUCCESS
[search.pointer_dereference.120] line 100 dereference failure: invalid integer address in flist[(signed long int)filter]->pos: SUCCESS
[search.array_bounds.5] line 102 array 'flist' upper bound in flist[(signed long int)filter]: SUCCESS
[search.pointer_dereference.121] line 103 dereference failure: pointer NULL in t->next: SUCCESS
[search.pointer_dereference.122] line 103 dereference failure: pointer invalid in t->next: SUCCESS
[search.pointer_dereference.123] line 103 dereference failure: deallocated dynamic object in t->next: SUCCESS
[search.pointer_dereference.124] line 103 dereference failure: dead object in t->next: SUCCESS
[search.pointer_dereference.125] line 103 dereference failure: pointer outside object bounds in t->next: SUCCESS
[search.pointer_dereference.126] line 103 dereference failure: invalid integer address in t->next: SUCCESS
[search.pointer_dereference.127] line 105 dereference failure: pointer NULL in t->next: SUCCESS
[search.pointer_dereference.128] line 105 dereference failure: pointer invalid in t->next: SUCCESS
[search.pointer_dereference.129] line 105 dereference failure: deallocated dynamic object in t->next: SUCCESS
[search.pointer_dereference.130] line 105 dereference failure: dead object in t->next: SUCCESS
[search.pointer_dereference.131] line 105 dereference failure: pointer outside object bounds in t->next: SUCCESS
[search.pointer_dereference.132] line 105 dereference failure: invalid integer address in t->next: SUCCESS
[search.pointer_dereference.133] line 106 dereference failure: pointer NULL in t->next: SUCCESS
[search.pointer_dereference.134] line 106 dereference failure: pointer invalid in t->next: SUCCESS
[search.pointer_dereference.135] line 106 dereference failure: deallocated dynamic object in t->next: SUCCESS
[search.pointer_dereference.136] line 106 dereference failure: dead object in t->next: SUCCESS
[search.pointer_dereference.137] line 106 dereference failure: pointer outside object bounds in t->next: SUCCESS
[search.pointer_dereference.138] line 106 dereference failure: invalid integer address in t->next: SUCCESS
[search.pointer_dereference.139] line 108 dereference failure: pointer NULL in t->next: SUCCESS
[search.pointer_dereference.140] line 108 dereference failure: pointer invalid in t->next: SUCCESS
[search.pointer_dereference.141] line 108 dereference failure: deallocated dynamic object in t->next: SUCCESS
[search.pointer_dereference.142] line 108 dereference failure: dead object in t->next: SUCCESS
[search.pointer_dereference.143] line 108 dereference failure: pointer outside object bounds in t->next: SUCCESS
[search.pointer_dereference.144] line 108 dereference failure: invalid integer address in t->next: SUCCESS
[search.pointer_dereference.145] line 109 dereference failure: pointer NULL in t->next: SUCCESS
[search.pointer_dereference.146] line 109 dereference failure: pointer invalid in t->next: SUCCESS
[search.pointer_dereference.147] line 109 dereference failure: deallocated dynamic object in t->next: SUCCESS
[search.pointer_dereference.148] line 109 dereference failure: dead object in t->next: SUCCESS
[search.pointer_dereference.149] line 109 dereference failure: pointer outside object bounds in t->next: SUCCESS
[search.pointer_dereference.150] line 109 dereference failure: invalid integer address in t->next: SUCCESS
[search.overflow.57] line 110 arithmetic overflow on unsigned to signed type conversion in (signed int)i: SUCCESS
[search.pointer_dereference.151] line 110 dereference failure: pointer NULL in t->pos: SUCCESS
[search.pointer_dereference.152] line 110 dereference failure: pointer invalid in t->pos: SUCCESS
[search.pointer_dereference.153] line 110 dereference failure: deallocated dynamic object in t->pos: SUCCESS
[search.pointer_dereference.154] line 110 dereference failure: dead object in t->pos: SUCCESS
[search.pointer_dereference.155] line 110 dereference failure: pointer outside object bounds in t->pos: SUCCESS
[search.pointer_dereference.156] line 110 dereference failure: invalid integer address in t->pos: SUCCESS
[search.precondition_instance.2] line 114 free argument must be NULL or valid pointer: SUCCESS
[search.precondition_instance.3] line 114 free argument must be dynamic object: SUCCESS
[search.precondition_instance.4] line 114 free argument has offset zero: SUCCESS
[search.precondition_instance.5] line 114 double free: SUCCESS
[search.precondition_instance.6] line 114 free called for new[] object: SUCCESS
[search.precondition_instance.7] line 114 free called for stack-allocated object: SUCCESS
[search.overflow.59] line 119 arithmetic overflow on signed * in (signed long int)last * (signed long int)16ul: SUCCESS
[search.pointer_arithmetic.115] line 119 pointer arithmetic: pointer NULL in byte_extract_little_endian(T, 0l, signed long long int (*)[2l]) + (signed long int)last: SUCCESS
[search.pointer_arithmetic.116] line 119 pointer arithmetic: pointer invalid in byte_extract_little_endian(T, 0l, signed long long int (*)[2l]) + (signed long int)last: SUCCESS
[search.pointer_arithmetic.117] line 119 pointer arithmetic: deallocated dynamic object in byte_extract_little_endian(T, 0l, signed long long int (*)[2l]) + (signed long int)last: SUCCESS
[search.pointer_arithmetic.118] line 119 pointer arithmetic: dead object in byte_extract_little_endian(T, 0l, signed long long int (*)[2l]) + (signed long int)last: SUCCESS
[search.pointer_arithmetic.119] line 119 pointer arithmetic: pointer outside object bounds in byte_extract_little_endian(T, 0l, signed long long int (*)[2l]) + (signed long int)last: SUCCESS
[search.pointer_arithmetic.120] line 119 pointer arithmetic: invalid integer address in byte_extract_little_endian(T, 0l, signed long long int (*)[2l]) + (signed long int)last: SUCCESS
[search.pointer.1] line 121 same object violation in ptr16 < lastchunk: SUCCESS
[search.pointer_arithmetic.121] line 121 pointer relation: pointer NULL in ptr16: SUCCESS
[search.pointer_arithmetic.122] line 121 pointer relation: pointer invalid in ptr16: SUCCESS
[search.pointer_arithmetic.123] line 121 pointer relation: deallocated dynamic object in ptr16: SUCCESS
[search.pointer_arithmetic.124] line 121 pointer relation: dead object in ptr16: SUCCESS
[search.pointer_arithmetic.125] line 121 pointer relation: pointer outside object bounds in ptr16: SUCCESS
[search.pointer_arithmetic.126] line 121 pointer relation: invalid integer address in ptr16: SUCCESS
[search.pointer_arithmetic.127] line 121 pointer relation: pointer NULL in lastchunk: SUCCESS
[search.pointer_arithmetic.128] line 121 pointer relation: pointer invalid in lastchunk: SUCCESS
[search.pointer_arithmetic.129] line 121 pointer relation: deallocated dynamic object in lastchunk: SUCCESS
[search.pointer_arithmetic.130] line 121 pointer relation: dead object in lastchunk: SUCCESS
[search.pointer_arithmetic.131] line 121 pointer relation: pointer outside object bounds in lastchunk: SUCCESS
[search.pointer_arithmetic.132] line 121 pointer relation: invalid integer address in lastchunk: SUCCESS
[search.overflow.60] line 122 arithmetic overflow on signed to unsigned type conversion in (unsigned int)return_value__mm_movemask_epi8: SUCCESS
[search.pointer_dereference.157] line 122 dereference failure: pointer NULL in *ptr16: SUCCESS
[search.pointer_dereference.158] line 122 dereference failure: pointer invalid in *ptr16: SUCCESS
[search.pointer_dereference.159] line 122 dereference failure: deallocated dynamic object in *ptr16: SUCCESS
[search.pointer_dereference.160] line 122 dereference failure: dead object in *ptr16: SUCCESS
[search.pointer_dereference.161] line 122 dereference failure: pointer outside object bounds in *ptr16: SUCCESS
[search.pointer_dereference.162] line 122 dereference failure: invalid integer address in *ptr16: SUCCESS
[search.array_bounds.6] line 124 array 'flist' upper bound in flist[(signed long int)filter]: SUCCESS
[search.overflow.61] line 125 arithmetic overflow on signed - in ptr16 - &byte_extract_little_endian(T, 0l, signed long long int (*)[2l])[(signed long int)0]: SUCCESS
[search.overflow.62] line 125 arithmetic overflow on signed - in (ptr16 - &byte_extract_little_endian(T, 0l, signed long long int (*)[2l])[(signed long int)0]) - (signed long int)last: SUCCESS
[search.overflow.63] line 125 arithmetic overflow on signed * in ((ptr16 - &byte_extract_little_endian(T, 0l, signed long long int (*)[2l])[(signed long int)0]) - (signed long int)last) * (signed long int)16: SUCCESS
[search.overflow.64] line 125 arithmetic overflow on signed to unsigned type conversion in (unsigned int)(((ptr16 - &byte_extract_little_endian(T, 0l, signed long long int (*)[2l])[(signed long int)0]) - (signed long int)last) * (signed long int)16): SUCCESS
[search.pointer.2] line 125 same object violation in ptr16 - &byte_extract_little_endian(T, 0l, signed long long int (*)[2l])[(signed long int)0]: SUCCESS
[search.pointer_arithmetic.133] line 125 pointer arithmetic: pointer NULL in byte_extract_little_endian(T, 0l, signed long long int (*)[2l]) + (signed long int)0: SUCCESS
[search.pointer_arithmetic.134] line 125 pointer arithmetic: pointer invalid in byte_extract_little_endian(T, 0l, signed long long int (*)[2l]) + (signed long int)0: SUCCESS
[search.pointer_arithmetic.135] line 125 pointer arithmetic: deallocated dynamic object in byte_extract_little_endian(T, 0l, signed long long int (*)[2l]) + (signed long int)0: SUCCESS
[search.pointer_arithmetic.136] line 125 pointer arithmetic: dead object in byte_extract_little_endian(T, 0l, signed long long int (*)[2l]) + (signed long int)0: SUCCESS
[search.pointer_arithmetic.137] line 125 pointer arithmetic: pointer outside object bounds in byte_extract_little_endian(T, 0l, signed long long int (*)[2l]) + (signed long int)0: SUCCESS
[search.pointer_arithmetic.138] line 125 pointer arithmetic: invalid integer address in byte_extract_little_endian(T, 0l, signed long long int (*)[2l]) + (signed long int)0: SUCCESS
[search.pointer_arithmetic.139] line 125 pointer relation: pointer NULL in ptr16: SUCCESS
[search.pointer_arithmetic.140] line 125 pointer relation: pointer invalid in ptr16: SUCCESS
[search.pointer_arithmetic.141] line 125 pointer relation: deallocated dynamic object in ptr16: SUCCESS
[search.pointer_arithmetic.142] line 125 pointer relation: dead object in ptr16: SUCCESS
[search.pointer_arithmetic.143] line 125 pointer relation: pointer outside object bounds in ptr16: SUCCESS
[search.pointer_arithmetic.144] line 125 pointer relation: invalid integer address in ptr16: SUCCESS
[search.pointer_arithmetic.145] line 125 pointer relation: pointer NULL in &byte_extract_little_endian(T, 0l, signed long long int (*)[2l])[(signed long int)0]: SUCCESS
[search.pointer_arithmetic.146] line 125 pointer relation: pointer invalid in &byte_extract_little_endian(T, 0l, signed long long int (*)[2l])[(signed long int)0]: SUCCESS
[search.pointer_arithmetic.147] line 125 pointer relation: deallocated dynamic object in &byte_extract_little_endian(T, 0l, signed long long int (*)[2l])[(signed long int)0]: SUCCESS
[search.pointer_arithmetic.148] line 125 pointer relation: dead object in &byte_extract_little_endian(T, 0l, signed long long int (*)[2l])[(signed long int)0]: SUCCESS
[search.pointer_arithmetic.149] line 125 pointer relation: pointer outside object bounds in &byte_extract_little_endian(T, 0l, signed long long int (*)[2l])[(signed long int)0]: SUCCESS
[search.pointer_arithmetic.150] line 125 pointer relation: invalid integer address in &byte_extract_little_endian(T, 0l, signed long long int (*)[2l])[(signed long int)0]: SUCCESS
[search.overflow.65] line 128 arithmetic overflow on signed to unsigned type conversion in (unsigned int)t->pos: SUCCESS
[search.overflow.66] line 128 arithmetic overflow on unsigned + in i + (unsigned int)t->pos: SUCCESS
[search.overflow.67] line 128 arithmetic overflow on signed to unsigned type conversion in (size_t)m: SUCCESS
[search.pointer_arithmetic.151] line 128 pointer arithmetic: pointer NULL in byte_extract_little_endian(T, 0l, unsigned char *) + (signed long int)(i + (unsigned int)t->pos): SUCCESS
[search.pointer_arithmetic.152] line 128 pointer arithmetic: pointer invalid in byte_extract_little_endian(T, 0l, unsigned char *) + (signed long int)(i + (unsigned int)t->pos): SUCCESS
[search.pointer_arithmetic.153] line 128 pointer arithmetic: deallocated dynamic object in byte_extract_little_endian(T, 0l, unsigned char *) + (signed long int)(i + (unsigned int)t->pos): SUCCESS
[search.pointer_arithmetic.154] line 128 pointer arithmetic: dead object in byte_extract_little_endian(T, 0l, unsigned char *) + (signed long int)(i + (unsigned int)t->pos): SUCCESS
[search.pointer_arithmetic.155] line 128 pointer arithmetic: pointer outside object bounds in byte_extract_little_endian(T, 0l, unsigned char *) + (signed long int)(i + (unsigned int)t->pos): SUCCESS
[search.pointer_arithmetic.156] line 128 pointer arithmetic: invalid integer address in byte_extract_little_endian(T, 0l, unsigned char *) + (signed long int)(i + (unsigned int)t->pos): SUCCESS
[search.pointer_dereference.163] line 128 dereference failure: pointer NULL in t->pos: SUCCESS
[search.pointer_dereference.164] line 128 dereference failure: pointer invalid in t->pos: SUCCESS
[search.pointer_dereference.165] line 128 dereference failure: deallocated dynamic object in t->pos: SUCCESS
[search.pointer_dereference.166] line 128 dereference failure: dead object in t->pos: SUCCESS
[search.pointer_dereference.167] line 128 dereference failure: pointer outside object bounds in t->pos: SUCCESS
[search.pointer_dereference.168] line 128 dereference failure: invalid integer address in t->pos: SUCCESS
[search.overflow.68] line 129 arithmetic overflow on unsigned + in count + 1u: SUCCESS
[search.pointer_dereference.169] line 130 dereference failure: pointer NULL in t->next: SUCCESS
[search.pointer_dereference.170] line 130 dereference failure: pointer invalid in t->next: SUCCESS
[search.pointer_dereference.171] line 130 dereference failure: deallocated dynamic object in t->next: SUCCESS
[search.pointer_dereference.172] line 130 dereference failure: dead object in t->next: SUCCESS
[search.pointer_dereference.173] line 130 dereference failure: pointer outside object bounds in t->next: SUCCESS
[search.pointer_dereference.174] line 130 dereference failure: invalid integer address in t->next: SUCCESS
[search.overflow.69] line 133 arithmetic overflow on signed * in (signed long int)last * (signed long int)16ul: SUCCESS
[search.pointer_arithmetic.157] line 133 pointer arithmetic: pointer NULL in ptr16 + (signed long int)last: SUCCESS
[search.pointer_arithmetic.158] line 133 pointer arithmetic: pointer invalid in ptr16 + (signed long int)last: SUCCESS
[search.pointer_arithmetic.159] line 133 pointer arithmetic: deallocated dynamic object in ptr16 + (signed long int)last: SUCCESS
[search.pointer_arithmetic.160] line 133 pointer arithmetic: dead object in ptr16 + (signed long int)last: SUCCESS
[search.pointer_arithmetic.161] line 133 pointer arithmetic: pointer outside object bounds in ptr16 + (signed long int)last: SUCCESS
[search.pointer_arithmetic.162] line 133 pointer arithmetic: invalid integer address in ptr16 + (signed long int)last: SUCCESS
[search.overflow.70] line 137 arithmetic overflow on unsigned + in i + 1u: SUCCESS
[search.array_bounds.7] line 138 array 'flist' upper bound in flist[(signed long int)i]: SUCCESS
[search.pointer_dereference.175] line 140 dereference failure: pointer NULL in t->next: SUCCESS
[search.pointer_dereference.176] line 140 dereference failure: pointer invalid in t->next: SUCCESS
[search.pointer_dereference.177] line 140 dereference failure: deallocated dynamic object in t->next: SUCCESS
[search.pointer_dereference.178] line 140 dereference failure: dead object in t->next: SUCCESS
[search.pointer_dereference.179] line 140 dereference failure: pointer outside object bounds in t->next: SUCCESS
[search.pointer_dereference.180] line 140 dereference failure: invalid integer address in t->next: SUCCESS
[search.precondition_instance.8] line 141 free argument must be NULL or valid pointer: SUCCESS
[search.precondition_instance.9] line 141 free argument must be dynamic object: SUCCESS
[search.precondition_instance.10] line 141 free argument has offset zero: SUCCESS
[search.precondition_instance.11] line 141 double free: SUCCESS
[search.precondition_instance.12] line 141 free called for new[] object: SUCCESS
[search.precondition_instance.13] line 141 free called for stack-allocated object: SUCCESS
[search.array_bounds.8] line 142 array 'flist' upper bound in flist[(signed long int)i]: SUCCESS
[search.overflow.71] line 147 arithmetic overflow on unsigned to signed type conversion in (signed int)count: SUCCESS

** 0 of 630 failed (1 iterations)
VERIFICATION SUCCESSFUL
source/algos/sbdm.c
timeout 4m cbmc --verbosity 7 --unwinding-assertions --slice-formula 
timeout 4m cbmc --verbosity 7 --unwinding-assertions --slice-formula --trace -Isource/algos -DCBMC --bounds-check --pointer-check --memory-leak-check --div-by-zero-check --signed-overflow-check --unsigned-overflow-check --pointer-overflow-check --conversion-check --undefined-shift-check --float-overflow-check --nan-check --enum-range-check source/algos/sbdm.c
CBMC version 6.4.1 (cbmc-6.4.1-176-g0827dcaeaa) 64-bit x86_64 linux
Type-checking sbdm
Generating GOTO Program
Adding CPROVER library (x86_64)
Removal of function pointers and virtual functions
Generic Property Instrumentation
Starting Bounded Model Checking

** Results:
function __CPROVER__start
[__CPROVER__start.memory-leak.1] dynamically allocated memory never freed in __CPROVER_memory_leak == NULL: SUCCESS

<builtin-library-memcmp> function memcmp
[memcmp.precondition.1] line 19 memcmp region 1 readable: SUCCESS
[memcmp.precondition.2] line 21 memcpy region 2 readable: SUCCESS
[memcmp.overflow.2] line 25 arithmetic overflow on unsigned - in n - 1ul: SUCCESS
[memcmp.overflow.1] line 27 arithmetic overflow on signed - in (signed int)*tmp_post_sc1 - (signed int)*tmp_post_sc2: SUCCESS
[memcmp.pointer_arithmetic.1] line 27 pointer arithmetic: pointer NULL in sc1 + 1l: SUCCESS
[memcmp.pointer_arithmetic.2] line 27 pointer arithmetic: pointer invalid in sc1 + 1l: SUCCESS
[memcmp.pointer_arithmetic.3] line 27 pointer arithmetic: deallocated dynamic object in sc1 + 1l: SUCCESS
[memcmp.pointer_arithmetic.4] line 27 pointer arithmetic: dead object in sc1 + 1l: SUCCESS
[memcmp.pointer_arithmetic.5] line 27 pointer arithmetic: pointer outside object bounds in sc1 + 1l: SUCCESS
[memcmp.pointer_arithmetic.6] line 27 pointer arithmetic: invalid integer address in sc1 + 1l: SUCCESS
[memcmp.pointer_arithmetic.7] line 27 pointer arithmetic: pointer NULL in sc2 + 1l: SUCCESS
[memcmp.pointer_arithmetic.8] line 27 pointer arithmetic: pointer invalid in sc2 + 1l: SUCCESS
[memcmp.pointer_arithmetic.9] line 27 pointer arithmetic: deallocated dynamic object in sc2 + 1l: SUCCESS
[memcmp.pointer_arithmetic.10] line 27 pointer arithmetic: dead object in sc2 + 1l: SUCCESS
[memcmp.pointer_arithmetic.11] line 27 pointer arithmetic: pointer outside object bounds in sc2 + 1l: SUCCESS
[memcmp.pointer_arithmetic.12] line 27 pointer arithmetic: invalid integer address in sc2 + 1l: SUCCESS
[memcmp.pointer_dereference.1] line 27 dereference failure: pointer NULL in *tmp_post_sc1: SUCCESS
[memcmp.pointer_dereference.2] line 27 dereference failure: pointer invalid in *tmp_post_sc1: SUCCESS
[memcmp.pointer_dereference.3] line 27 dereference failure: deallocated dynamic object in *tmp_post_sc1: SUCCESS
[memcmp.pointer_dereference.4] line 27 dereference failure: dead object in *tmp_post_sc1: SUCCESS
[memcmp.pointer_dereference.5] line 27 dereference failure: pointer outside object bounds in *tmp_post_sc1: SUCCESS
[memcmp.pointer_dereference.6] line 27 dereference failure: invalid integer address in *tmp_post_sc1: SUCCESS
[memcmp.pointer_dereference.7] line 27 dereference failure: pointer NULL in *tmp_post_sc2: SUCCESS
[memcmp.pointer_dereference.8] line 27 dereference failure: pointer invalid in *tmp_post_sc2: SUCCESS
[memcmp.pointer_dereference.9] line 27 dereference failure: deallocated dynamic object in *tmp_post_sc2: SUCCESS
[memcmp.pointer_dereference.10] line 27 dereference failure: dead object in *tmp_post_sc2: SUCCESS
[memcmp.pointer_dereference.11] line 27 dereference failure: pointer outside object bounds in *tmp_post_sc2: SUCCESS
[memcmp.pointer_dereference.12] line 27 dereference failure: invalid integer address in *tmp_post_sc2: SUCCESS

<builtin-library-memcpy> function memcpy
[memcpy.pointer.1] line 33 same object violation in (const char *)(const void *)next_rank >= (const char *)(void *)rank + (signed long int)((unsigned long int)length * sizeof(signed int) /*4ul*/ ): SUCCESS
[memcpy.pointer_arithmetic.1] line 33 pointer arithmetic: dead object in (const char *)(void *)rank + (signed long int)((unsigned long int)length * sizeof(signed int) /*4ul*/ ): SUCCESS
[memcpy.pointer_arithmetic.2] line 33 pointer arithmetic: pointer outside object bounds in (const char *)(void *)rank + (signed long int)((unsigned long int)length * sizeof(signed int) /*4ul*/ ): SUCCESS
[memcpy.pointer_arithmetic.3] line 33 pointer relation: dead object in (const char *)(const void *)next_rank: SUCCESS
[memcpy.pointer.2] line 34 same object violation in (const char *)(void *)rank >= (const char *)(const void *)next_rank + (signed long int)((unsigned long int)length * sizeof(signed int) /*4ul*/ ): SUCCESS
[memcpy.pointer_arithmetic.4] line 34 pointer arithmetic: dead object in (const char *)(const void *)next_rank + (signed long int)((unsigned long int)length * sizeof(signed int) /*4ul*/ ): SUCCESS
[memcpy.pointer_arithmetic.5] line 34 pointer arithmetic: pointer outside object bounds in (const char *)(const void *)next_rank + (signed long int)((unsigned long int)length * sizeof(signed int) /*4ul*/ ): SUCCESS
[memcpy.pointer_arithmetic.6] line 34 pointer relation: dead object in (const char *)(void *)rank: SUCCESS
[memcpy.overflow.1] line 44 arithmetic overflow on unsigned to signed type conversion in (signed long int)n: SUCCESS
[memcpy.overflow.2] line 44 arithmetic overflow on signed to unsigned type conversion in (unsigned long int)(signed long int)n: SUCCESS

<builtin-library-strcpy> function strcpy
[strcpy.overflow.1] line 29 arithmetic overflow on unsigned to signed type conversion in (signed long int)i: SUCCESS
[strcpy.pointer_arithmetic.1] line 29 pointer arithmetic: pointer NULL in src + (signed long int)i: SUCCESS
[strcpy.pointer_arithmetic.2] line 29 pointer arithmetic: pointer invalid in src + (signed long int)i: SUCCESS
[strcpy.pointer_arithmetic.3] line 29 pointer arithmetic: deallocated dynamic object in src + (signed long int)i: SUCCESS
[strcpy.pointer_arithmetic.4] line 29 pointer arithmetic: dead object in src + (signed long int)i: SUCCESS
[strcpy.pointer_arithmetic.5] line 29 pointer arithmetic: pointer outside object bounds in src + (signed long int)i: SUCCESS
[strcpy.pointer_arithmetic.6] line 29 pointer arithmetic: invalid integer address in src + (signed long int)i: SUCCESS
[strcpy.pointer_dereference.1] line 29 dereference failure: pointer NULL in src[(signed long int)i]: SUCCESS
[strcpy.pointer_dereference.2] line 29 dereference failure: pointer invalid in src[(signed long int)i]: SUCCESS
[strcpy.pointer_dereference.3] line 29 dereference failure: deallocated dynamic object in src[(signed long int)i]: SUCCESS
[strcpy.pointer_dereference.4] line 29 dereference failure: dead object in src[(signed long int)i]: SUCCESS
[strcpy.pointer_dereference.5] line 29 dereference failure: pointer outside object bounds in src[(signed long int)i]: SUCCESS
[strcpy.pointer_dereference.6] line 29 dereference failure: invalid integer address in src[(signed long int)i]: SUCCESS
[strcpy.pointer_arithmetic.7] line 30 pointer arithmetic: pointer NULL in dst + (signed long int)i: SUCCESS
[strcpy.pointer_arithmetic.8] line 30 pointer arithmetic: pointer invalid in dst + (signed long int)i: SUCCESS
[strcpy.pointer_arithmetic.9] line 30 pointer arithmetic: deallocated dynamic object in dst + (signed long int)i: SUCCESS
[strcpy.pointer_arithmetic.10] line 30 pointer arithmetic: dead object in dst + (signed long int)i: SUCCESS
[strcpy.pointer_arithmetic.11] line 30 pointer arithmetic: pointer outside object bounds in dst + (signed long int)i: SUCCESS
[strcpy.pointer_arithmetic.12] line 30 pointer arithmetic: invalid integer address in dst + (signed long int)i: SUCCESS
[strcpy.pointer_dereference.7] line 30 dereference failure: pointer NULL in dst[(signed long int)i]: SUCCESS
[strcpy.pointer_dereference.8] line 30 dereference failure: pointer invalid in dst[(signed long int)i]: SUCCESS
[strcpy.pointer_dereference.9] line 30 dereference failure: deallocated dynamic object in dst[(signed long int)i]: SUCCESS
[strcpy.pointer_dereference.10] line 30 dereference failure: dead object in dst[(signed long int)i]: SUCCESS
[strcpy.pointer_dereference.11] line 30 dereference failure: pointer outside object bounds in dst[(signed long int)i]: SUCCESS
[strcpy.pointer_dereference.12] line 30 dereference failure: invalid integer address in dst[(signed long int)i]: SUCCESS
[strcpy.overflow.2] line 31 arithmetic overflow on unsigned + in i + 1ul: SUCCESS

source/algos/include/cbmc.h function bf_search
[bf_search.assertion.1] line 33 assertion m < MAX_M: SUCCESS
[bf_search.assertion.2] line 34 assertion n < MAX_N: SUCCESS
[bf_search.overflow.1] line 36 arithmetic overflow on signed - in n - m: SUCCESS
[bf_search.overflow.4] line 36 arithmetic overflow on signed + in j + 1: SUCCESS
[bf_search.overflow.2] line 39 arithmetic overflow on signed to unsigned type conversion in (size_t)m: SUCCESS
[bf_search.pointer_arithmetic.1] line 39 pointer arithmetic: pointer NULL in y + (signed long int)j: SUCCESS
[bf_search.pointer_arithmetic.2] line 39 pointer arithmetic: pointer invalid in y + (signed long int)j: SUCCESS
[bf_search.pointer_arithmetic.3] line 39 pointer arithmetic: deallocated dynamic object in y + (signed long int)j: SUCCESS
[bf_search.pointer_arithmetic.4] line 39 pointer arithmetic: dead object in y + (signed long int)j: SUCCESS
[bf_search.pointer_arithmetic.5] line 39 pointer arithmetic: pointer outside object bounds in y + (signed long int)j: SUCCESS
[bf_search.pointer_arithmetic.6] line 39 pointer arithmetic: invalid integer address in y + (signed long int)j: SUCCESS
[bf_search.overflow.3] line 40 arithmetic overflow on signed + in count + 1: SUCCESS

source/algos/include/cbmc.h function bf_search_large
[bf_search_large.overflow.1] line 48 arithmetic overflow on signed - in n - m: SUCCESS
[bf_search_large.overflow.4] line 48 arithmetic overflow on signed + in j + 1: SUCCESS
[bf_search_large.overflow.2] line 52 arithmetic overflow on signed to unsigned type conversion in (size_t)m: SUCCESS
[bf_search_large.pointer_arithmetic.1] line 52 pointer arithmetic: pointer NULL in y + (signed long int)j: SUCCESS
[bf_search_large.pointer_arithmetic.2] line 52 pointer arithmetic: pointer invalid in y + (signed long int)j: SUCCESS
[bf_search_large.pointer_arithmetic.3] line 52 pointer arithmetic: deallocated dynamic object in y + (signed long int)j: SUCCESS
[bf_search_large.pointer_arithmetic.4] line 52 pointer arithmetic: dead object in y + (signed long int)j: SUCCESS
[bf_search_large.pointer_arithmetic.5] line 52 pointer arithmetic: pointer outside object bounds in y + (signed long int)j: SUCCESS
[bf_search_large.pointer_arithmetic.6] line 52 pointer arithmetic: invalid integer address in y + (signed long int)j: SUCCESS
[bf_search_large.overflow.3] line 53 arithmetic overflow on signed + in count + 1: SUCCESS

source/algos/include/cbmc.h function main
[main.overflow.1] line 80 arithmetic overflow on signed + in i + 1: SUCCESS
[main.array_bounds.1] line 82 array 'P' lower bound in P[(signed long int)i]: SUCCESS
[main.array_bounds.2] line 82 array 'P' upper bound in P[(signed long int)i]: SUCCESS
[main.array_bounds.3] line 82 array 'P' lower bound in P[(signed long int)i]: SUCCESS
[main.array_bounds.4] line 82 array 'P' upper bound in P[(signed long int)i]: SUCCESS
[main.array_bounds.5] line 82 array 'P' lower bound in P[(signed long int)i]: SUCCESS
[main.array_bounds.6] line 82 array 'P' upper bound in P[(signed long int)i]: SUCCESS
[main.overflow.2] line 83 arithmetic overflow on signed + in i + 1: SUCCESS
[main.array_bounds.7] line 85 array 'T' lower bound in T[(signed long int)i]: SUCCESS
[main.array_bounds.8] line 85 array 'T' upper bound in T[(signed long int)i]: SUCCESS
[main.array_bounds.9] line 85 array 'T' lower bound in T[(signed long int)i]: SUCCESS
[main.array_bounds.10] line 85 array 'T' upper bound in T[(signed long int)i]: SUCCESS
[main.array_bounds.11] line 85 array 'T' lower bound in T[(signed long int)i]: SUCCESS
[main.array_bounds.12] line 85 array 'T' upper bound in T[(signed long int)i]: SUCCESS
[main.assertion.1] line 111 assertion ref == occ: SUCCESS
[main.assertion.2] line 114 assertion ref == occ: SUCCESS
[main.assertion.3] line 117 assertion ref == occ: SUCCESS
[main.assertion.4] line 118 assertion ref == occ: SUCCESS
[main.assertion.5] line 119 assertion ref == occ: SUCCESS
[main.assertion.6] line 120 assertion ref == occ: SUCCESS
[main.assertion.7] line 121 assertion ref == occ: SUCCESS
[main.assertion.8] line 122 assertion ref == occ: SUCCESS
[main.assertion.9] line 123 assertion ref == occ: SUCCESS
[main.assertion.10] line 124 assertion ref == occ: SUCCESS
[main.assertion.11] line 125 assertion ref == occ: SUCCESS
[main.assertion.12] line 126 assertion ref == occ: SUCCESS
[main.assertion.13] line 129 assertion ref == occ: SUCCESS
[main.assertion.14] line 130 assertion ref == occ: SUCCESS
[main.assertion.15] line 133 assertion ref == occ: SUCCESS
[main.assertion.16] line 134 assertion ref == occ: SUCCESS
[main.assertion.17] line 135 assertion ref == occ: SUCCESS
[main.assertion.18] line 136 assertion ref == occ: SUCCESS
[main.assertion.19] line 139 assertion ref == occ: SUCCESS
[main.assertion.20] line 140 assertion ref == occ: SUCCESS
[main.assertion.21] line 141 assertion ref == occ: SUCCESS
[main.assertion.22] line 142 assertion ref == occ: SUCCESS
[main.assertion.23] line 143 assertion ref == occ: SUCCESS
[main.assertion.24] line 144 assertion ref == occ: SUCCESS
[main.assertion.25] line 145 assertion ref == occ: SUCCESS
[main.assertion.26] line 148 assertion ref == occ: SUCCESS
[main.assertion.27] line 149 assertion ref == occ: SUCCESS
[main.assertion.28] line 150 assertion ref == occ: SUCCESS
[main.assertion.29] line 151 assertion ref == occ: SUCCESS
[main.assertion.30] line 152 assertion ref == occ: SUCCESS
[main.assertion.31] line 155 assertion ref == occ: SUCCESS
[main.assertion.32] line 158 assertion ref == occ: SUCCESS
[main.assertion.33] line 159 assertion ref == occ: SUCCESS
[main.assertion.34] line 160 assertion ref == occ: SUCCESS
[main.precondition_instance.1] line 163 strcpy src/dst overlap: SUCCESS
[main.assertion.35] line 165 assertion ref == occ: SUCCESS
[main.assertion.36] line 166 assertion ref == occ: SUCCESS
[main.assertion.37] line 169 assertion ref == occ: SUCCESS
[main.assertion.38] line 170 assertion ref == occ: SUCCESS
[main.assertion.39] line 173 assertion ref == occ: SUCCESS
[main.assertion.40] line 174 assertion ref == occ: SUCCESS
[main.assertion.41] line 177 assertion ref == occ: SUCCESS
[main.assertion.42] line 178 assertion ref == occ: SUCCESS

source/algos/sbdm.c function fallback_search
[fallback_search.overflow.1] line 39 arithmetic overflow on signed + in i + 1: SUCCESS
[fallback_search.array_bounds.1] line 40 array 'shift' lower bound in shift[(signed long int)i]: SUCCESS
[fallback_search.array_bounds.2] line 40 array 'shift' upper bound in shift[(signed long int)i]: SUCCESS
[fallback_search.overflow.2] line 41 arithmetic overflow on signed - in m - 1: SUCCESS
[fallback_search.overflow.5] line 41 arithmetic overflow on signed + in i + 1: SUCCESS
[fallback_search.array_bounds.3] line 42 array 'shift' upper bound in shift[(signed long int)x[(signed long int)i]]: SUCCESS
[fallback_search.overflow.3] line 42 arithmetic overflow on signed - in m - i: SUCCESS
[fallback_search.overflow.4] line 42 arithmetic overflow on signed - in (m - i) - 1: SUCCESS
[fallback_search.pointer_arithmetic.1] line 42 pointer arithmetic: pointer NULL in x + (signed long int)i: SUCCESS
[fallback_search.pointer_arithmetic.2] line 42 pointer arithmetic: pointer invalid in x + (signed long int)i: SUCCESS
[fallback_search.pointer_arithmetic.3] line 42 pointer arithmetic: deallocated dynamic object in x + (signed long int)i: SUCCESS
[fallback_search.pointer_arithmetic.4] line 42 pointer arithmetic: dead object in x + (signed long int)i: SUCCESS
[fallback_search.pointer_arithmetic.5] line 42 pointer arithmetic: pointer outside object bounds in x + (signed long int)i: SUCCESS
[fallback_search.pointer_arithmetic.6] line 42 pointer arithmetic: invalid integer address in x + (signed long int)i: SUCCESS
[fallback_search.pointer_dereference.1] line 42 dereference failure: pointer NULL in x[(signed long int)i]: SUCCESS
[fallback_search.pointer_dereference.2] line 42 dereference failure: pointer invalid in x[(signed long int)i]: SUCCESS
[fallback_search.pointer_dereference.3] line 42 dereference failure: deallocated dynamic object in x[(signed long int)i]: SUCCESS
[fallback_search.pointer_dereference.4] line 42 dereference failure: dead object in x[(signed long int)i]: SUCCESS
[fallback_search.pointer_dereference.5] line 42 dereference failure: pointer outside object bounds in x[(signed long int)i]: SUCCESS
[fallback_search.pointer_dereference.6] line 42 dereference failure: invalid integer address in x[(signed long int)i]: SUCCESS
[fallback_search.overflow.6] line 46 arithmetic overflow on signed - in n - m: SUCCESS
[fallback_search.overflow.7] line 47 arithmetic overflow on signed - in m - 1: SUCCESS
[fallback_search.overflow.8] line 47 arithmetic overflow on signed + in j + i: SUCCESS
[fallback_search.overflow.9] line 47 arithmetic overflow on signed - in i - 1: SUCCESS
[fallback_search.pointer_arithmetic.7] line 47 pointer arithmetic: pointer NULL in x + (signed long int)i: SUCCESS
[fallback_search.pointer_arithmetic.8] line 47 pointer arithmetic: pointer invalid in x + (signed long int)i: SUCCESS
[fallback_search.pointer_arithmetic.9] line 47 pointer arithmetic: deallocated dynamic object in x + (signed long int)i: SUCCESS
[fallback_search.pointer_arithmetic.10] line 47 pointer arithmetic: dead object in x + (signed long int)i: SUCCESS
[fallback_search.pointer_arithmetic.11] line 47 pointer arithmetic: pointer outside object bounds in x + (signed long int)i: SUCCESS
[fallback_search.pointer_arithmetic.12] line 47 pointer arithmetic: invalid integer address in x + (signed long int)i: SUCCESS
[fallback_search.pointer_arithmetic.13] line 47 pointer arithmetic: pointer NULL in y + (signed long int)(j + i): SUCCESS
[fallback_search.pointer_arithmetic.14] line 47 pointer arithmetic: pointer invalid in y + (signed long int)(j + i): SUCCESS
[fallback_search.pointer_arithmetic.15] line 47 pointer arithmetic: deallocated dynamic object in y + (signed long int)(j + i): SUCCESS
[fallback_search.pointer_arithmetic.16] line 47 pointer arithmetic: dead object in y + (signed long int)(j + i): SUCCESS
[fallback_search.pointer_arithmetic.17] line 47 pointer arithmetic: pointer outside object bounds in y + (signed long int)(j + i): SUCCESS
[fallback_search.pointer_arithmetic.18] line 47 pointer arithmetic: invalid integer address in y + (signed long int)(j + i): SUCCESS
[fallback_search.pointer_dereference.7] line 47 dereference failure: pointer NULL in x[(signed long int)i]: SUCCESS
[fallback_search.pointer_dereference.8] line 47 dereference failure: pointer invalid in x[(signed long int)i]: SUCCESS
[fallback_search.pointer_dereference.9] line 47 dereference failure: deallocated dynamic object in x[(signed long int)i]: SUCCESS
[fallback_search.pointer_dereference.10] line 47 dereference failure: dead object in x[(signed long int)i]: SUCCESS
[fallback_search.pointer_dereference.11] line 47 dereference failure: pointer outside object bounds in x[(signed long int)i]: SUCCESS
[fallback_search.pointer_dereference.12] line 47 dereference failure: invalid integer address in x[(signed long int)i]: SUCCESS
[fallback_search.pointer_dereference.13] line 47 dereference failure: pointer NULL in y[(signed long int)(j + i)]: SUCCESS
[fallback_search.pointer_dereference.14] line 47 dereference failure: pointer invalid in y[(signed long int)(j + i)]: SUCCESS
[fallback_search.pointer_dereference.15] line 47 dereference failure: deallocated dynamic object in y[(signed long int)(j + i)]: SUCCESS
[fallback_search.pointer_dereference.16] line 47 dereference failure: dead object in y[(signed long int)(j + i)]: SUCCESS
[fallback_search.pointer_dereference.17] line 47 dereference failure: pointer outside object bounds in y[(signed long int)(j + i)]: SUCCESS
[fallback_search.pointer_dereference.18] line 47 dereference failure: invalid integer address in y[(signed long int)(j + i)]: SUCCESS
[fallback_search.overflow.10] line 50 arithmetic overflow on signed + in count + 1: SUCCESS
[fallback_search.overflow.11] line 51 arithmetic overflow on signed + in j + 1: SUCCESS
[fallback_search.array_bounds.4] line 53 array 'shift' upper bound in shift[(signed long int)y[(signed long int)((j + m) - 1)]]: SUCCESS
[fallback_search.overflow.12] line 53 arithmetic overflow on signed + in j + m: SUCCESS
[fallback_search.overflow.13] line 53 arithmetic overflow on signed - in (j + m) - 1: SUCCESS
[fallback_search.pointer_arithmetic.19] line 53 pointer arithmetic: pointer NULL in y + (signed long int)((j + m) - 1): SUCCESS
[fallback_search.pointer_arithmetic.20] line 53 pointer arithmetic: pointer invalid in y + (signed long int)((j + m) - 1): SUCCESS
[fallback_search.pointer_arithmetic.21] line 53 pointer arithmetic: deallocated dynamic object in y + (signed long int)((j + m) - 1): SUCCESS
[fallback_search.pointer_arithmetic.22] line 53 pointer arithmetic: dead object in y + (signed long int)((j + m) - 1): SUCCESS
[fallback_search.pointer_arithmetic.23] line 53 pointer arithmetic: pointer outside object bounds in y + (signed long int)((j + m) - 1): SUCCESS
[fallback_search.pointer_arithmetic.24] line 53 pointer arithmetic: invalid integer address in y + (signed long int)((j + m) - 1): SUCCESS
[fallback_search.pointer_dereference.19] line 53 dereference failure: pointer NULL in y[(signed long int)((j + m) - 1)]: SUCCESS
[fallback_search.pointer_dereference.20] line 53 dereference failure: pointer invalid in y[(signed long int)((j + m) - 1)]: SUCCESS
[fallback_search.pointer_dereference.21] line 53 dereference failure: deallocated dynamic object in y[(signed long int)((j + m) - 1)]: SUCCESS
[fallback_search.pointer_dereference.22] line 53 dereference failure: dead object in y[(signed long int)((j + m) - 1)]: SUCCESS
[fallback_search.pointer_dereference.23] line 53 dereference failure: pointer outside object bounds in y[(signed long int)((j + m) - 1)]: SUCCESS
[fallback_search.pointer_dereference.24] line 53 dereference failure: invalid integer address in y[(signed long int)((j + m) - 1)]: SUCCESS
[fallback_search.overflow.14] line 55 arithmetic overflow on signed + in j + (amount > 0 ? amount : 1): SUCCESS

source/algos/sbdm.c function rank_symbol
[rank_symbol.array_bounds.1] line 71 array dynamic object upper bound in prefix[(signed long int)symbol][(signed long int)word]: SUCCESS
[rank_symbol.overflow.1] line 71 arithmetic overflow on signed * in (signed long int)symbol * (signed long int)4ul: SUCCESS
[rank_symbol.pointer_arithmetic.1] line 71 pointer arithmetic: pointer NULL in prefix + (signed long int)symbol: SUCCESS
[rank_symbol.pointer_arithmetic.2] line 71 pointer arithmetic: pointer invalid in prefix + (signed long int)symbol: SUCCESS
[rank_symbol.pointer_arithmetic.3] line 71 pointer arithmetic: deallocated dynamic object in prefix + (signed long int)symbol: SUCCESS
[rank_symbol.pointer_arithmetic.4] line 71 pointer arithmetic: dead object in prefix + (signed long int)symbol: SUCCESS
[rank_symbol.pointer_arithmetic.5] line 71 pointer arithmetic: pointer outside object bounds in prefix + (signed long int)symbol: SUCCESS
[rank_symbol.pointer_arithmetic.6] line 71 pointer arithmetic: invalid integer address in prefix + (signed long int)symbol: SUCCESS
[rank_symbol.pointer_dereference.1] line 71 dereference failure: pointer NULL in prefix[(signed long int)symbol]: SUCCESS
[rank_symbol.pointer_dereference.2] line 71 dereference failure: pointer invalid in prefix[(signed long int)symbol]: SUCCESS
[rank_symbol.pointer_dereference.3] line 71 dereference failure: deallocated dynamic object in prefix[(signed long int)symbol]: SUCCESS
[rank_symbol.pointer_dereference.4] line 71 dereference failure: dead object in prefix[(signed long int)symbol]: SUCCESS
[rank_symbol.pointer_dereference.5] line 71 dereference failure: pointer outside object bounds in prefix[(signed long int)symbol]: SUCCESS
[rank_symbol.pointer_dereference.6] line 71 dereference failure: invalid integer address in prefix[(signed long int)symbol]: SUCCESS
[rank_symbol.overflow.2] line 72 arithmetic overflow on unsigned - in (1ul << offset) - (unsigned long int)1: SUCCESS
[rank_symbol.undefined-shift.1] line 72 shift distance is negative in 1ul << offset: SUCCESS
[rank_symbol.undefined-shift.2] line 72 shift distance too large in 1ul << offset: SUCCESS
[rank_symbol.array_bounds.2] line 73 array dynamic object upper bound in prefix[(signed long int)symbol][(signed long int)word]: SUCCESS
[rank_symbol.array_bounds.3] line 73 array dynamic object upper bound in bits[(signed long int)symbol][(signed long int)word]: SUCCESS
[rank_symbol.overflow.3] line 73 arithmetic overflow on signed * in (signed long int)symbol * (signed long int)4ul: SUCCESS
[rank_symbol.overflow.4] line 73 arithmetic overflow on signed * in (signed long int)symbol * (signed long int)8ul: SUCCESS
[rank_symbol.overflow.5] line 73 arithmetic overflow on signed + in (signed int)prefix[(signed long int)symbol][(signed long int)word] + __builtin_popcount(bits[(signed long int)symbol][(signed long int)word] & mask): SUCCESS
[rank_symbol.overflow.6] line 73 arithmetic overflow on signed to unsigned type conversion in (unsigned int)((signed int)prefix[(signed long int)symbol][(signed long int)word] + __builtin_popcount(bits[(signed long int)symbol][(signed long int)word] & mask)): SUCCESS
[rank_symbol.pointer_arithmetic.7] line 73 pointer arithmetic: pointer NULL in prefix + (signed long int)symbol: SUCCESS
[rank_symbol.pointer_arithmetic.8] line 73 pointer arithmetic: pointer invalid in prefix + (signed long int)symbol: SUCCESS
[rank_symbol.pointer_arithmetic.9] line 73 pointer arithmetic: deallocated dynamic object in prefix + (signed long int)symbol: SUCCESS
[rank_symbol.pointer_arithmetic.10] line 73 pointer arithmetic: dead object in prefix + (signed long int)symbol: SUCCESS
[rank_symbol.pointer_arithmetic.11] line 73 pointer arithmetic: pointer outside object bounds in prefix + (signed long int)symbol: SUCCESS
[rank_symbol.pointer_arithmetic.12] line 73 pointer arithmetic: invalid integer address in prefix + (signed long int)symbol: SUCCESS
[rank_symbol.pointer_arithmetic.13] line 73 pointer arithmetic: pointer NULL in bits + (signed long int)symbol: SUCCESS
[rank_symbol.pointer_arithmetic.14] line 73 pointer arithmetic: pointer invalid in bits + (signed long int)symbol: SUCCESS
[rank_symbol.pointer_arithmetic.15] line 73 pointer arithmetic: deallocated dynamic object in bits + (signed long int)symbol: SUCCESS
[rank_symbol.pointer_arithmetic.16] line 73 pointer arithmetic: dead object in bits + (signed long int)symbol: SUCCESS
[rank_symbol.pointer_arithmetic.17] line 73 pointer arithmetic: pointer outside object bounds in bits + (signed long int)symbol: SUCCESS
[rank_symbol.pointer_arithmetic.18] line 73 pointer arithmetic: invalid integer address in bits + (signed long int)symbol: SUCCESS
[rank_symbol.pointer_dereference.7] line 73 dereference failure: pointer NULL in prefix[(signed long int)symbol]: SUCCESS
[rank_symbol.pointer_dereference.8] line 73 dereference failure: pointer invalid in prefix[(signed long int)symbol]: SUCCESS
[rank_symbol.pointer_dereference.9] line 73 dereference failure: deallocated dynamic object in prefix[(signed long int)symbol]: SUCCESS
[rank_symbol.pointer_dereference.10] line 73 dereference failure: dead object in prefix[(signed long int)symbol]: SUCCESS
[rank_symbol.pointer_dereference.11] line 73 dereference failure: pointer outside object bounds in prefix[(signed long int)symbol]: SUCCESS
[rank_symbol.pointer_dereference.12] line 73 dereference failure: invalid integer address in prefix[(signed long int)symbol]: SUCCESS
[rank_symbol.pointer_dereference.13] line 73 dereference failure: pointer NULL in bits[(signed long int)symbol]: SUCCESS
[rank_symbol.pointer_dereference.14] line 73 dereference failure: pointer invalid in bits[(signed long int)symbol]: SUCCESS
[rank_symbol.pointer_dereference.15] line 73 dereference failure: deallocated dynamic object in bits[(signed long int)symbol]: SUCCESS
[rank_symbol.pointer_dereference.16] line 73 dereference failure: dead object in bits[(signed long int)symbol]: SUCCESS
[rank_symbol.pointer_dereference.17] line 73 dereference failure: pointer outside object bounds in bits[(signed long int)symbol]: SUCCESS
[rank_symbol.pointer_dereference.18] line 73 dereference failure: invalid integer address in bits[(signed long int)symbol]: SUCCESS

source/algos/sbdm.c function search
[search.overflow.1] line 81 arithmetic overflow on signed + in m + 1: SUCCESS
[search.overflow.3] line 90 arithmetic overflow on signed + in i + 1: SUCCESS
[search.array_bounds.1] line 91 array 'sa' lower bound in sa[(signed long int)i]: SUCCESS
[search.array_bounds.2] line 91 array 'sa' upper bound in sa[(signed long int)i]: SUCCESS
[search.array_bounds.3] line 92 array 'rank' lower bound in rank[(signed long int)i]: SUCCESS
[search.array_bounds.4] line 92 array 'rank' upper bound in rank[(signed long int)i]: SUCCESS
[search.overflow.2] line 92 arithmetic overflow on signed + in (signed int)x[(signed long int)i] + 1: SUCCESS
[search.pointer_arithmetic.1] line 92 pointer arithmetic: pointer NULL in x + (signed long int)i: SUCCESS
[search.pointer_arithmetic.2] line 92 pointer arithmetic: pointer invalid in x + (signed long int)i: SUCCESS
[search.pointer_arithmetic.3] line 92 pointer arithmetic: deallocated dynamic object in x + (signed long int)i: SUCCESS
[search.pointer_arithmetic.4] line 92 pointer arithmetic: dead object in x + (signed long int)i: SUCCESS
[search.pointer_arithmetic.5] line 92 pointer arithmetic: pointer outside object bounds in x + (signed long int)i: SUCCESS
[search.pointer_arithmetic.6] line 92 pointer arithmetic: invalid integer address in x + (signed long int)i: SUCCESS
[search.pointer_dereference.1] line 92 dereference failure: pointer NULL in x[(signed long int)i]: SUCCESS
[search.pointer_dereference.2] line 92 dereference failure: pointer invalid in x[(signed long int)i]: SUCCESS
[search.pointer_dereference.3] line 92 dereference failure: deallocated dynamic object in x[(signed long int)i]: SUCCESS
[search.pointer_dereference.4] line 92 dereference failure: dead object in x[(signed long int)i]: SUCCESS
[search.pointer_dereference.5] line 92 dereference failure: pointer outside object bounds in x[(signed long int)i]: SUCCESS
[search.pointer_dereference.6] line 92 dereference failure: invalid integer address in x[(signed long int)i]: SUCCESS
[search.overflow.17] line 94 arithmetic overflow on signed shl in k << 1: SUCCESS
[search.undefined-shift.1] line 94 shift operand is negative in k << 1: SUCCESS
[search.overflow.4] line 100 arithmetic overflow on signed to unsigned type conversion in (size_t)length: SUCCESS
[search.array_bounds.5] line 101 array 'next_rank' lower bound in next_rank[(signed long int)sa[(signed long int)0]]: SUCCESS
[search.array_bounds.6] line 101 array 'next_rank' upper bound in next_rank[(signed long int)sa[(signed long int)0]]: SUCCESS
[search.overflow.7] line 102 arithmetic overflow on signed + in i + 1: SUCCESS
[search.overflow.5] line 103 arithmetic overflow on signed - in i - 1: SUCCESS
[search.overflow.6] line 104 arithmetic overflow on signed + in classes + 1: SUCCESS
[search.array_bounds.7] line 105 array 'sa' lower bound in sa[(signed long int)i]: SUCCESS
[search.array_bounds.8] line 105 array 'sa' upper bound in sa[(signed long int)i]: SUCCESS
[search.array_bounds.9] line 105 array 'next_rank' lower bound in next_rank[(signed long int)sa[(signed long int)i]]: SUCCESS
[search.array_bounds.10] line 105 array 'next_rank' upper bound in next_rank[(signed long int)sa[(signed long int)i]]: SUCCESS
[search.overflow.8] line 107 arithmetic overflow on signed to unsigned type conversion in (unsigned long int)length: SUCCESS
[search.overflow.9] line 107 arithmetic overflow on unsigned * in (unsigned long int)length * sizeof(signed int) /*4ul*/ : SUCCESS
[search.overflow.10] line 107 arithmetic overflow on unsigned to signed type conversion in (signed long int)((unsigned long int)length * sizeof(signed int) /*4ul*/ ): SUCCESS
[search.overflow.11] line 107 arithmetic overflow on signed to unsigned type conversion in (unsigned long int)length: SUCCESS
[search.overflow.12] line 107 arithmetic overflow on unsigned * in (unsigned long int)length * sizeof(signed int) /*4ul*/ : SUCCESS
[search.overflow.13] line 107 arithmetic overflow on unsigned to signed type conversion in (signed long int)((unsigned long int)length * sizeof(signed int) /*4ul*/ ): SUCCESS
[search.overflow.14] line 107 arithmetic overflow on signed to unsigned type conversion in (unsigned long int)length: SUCCESS
[search.overflow.15] line 107 arithmetic overflow on unsigned * in (unsigned long int)length * sizeof(signed int) /*4ul*/ : SUCCESS
[search.precondition_instance.1] line 107 memcpy src/dst overlap: SUCCESS
[search.precondition_instance.2] line 107 memcpy source region readable: SUCCESS
[search.precondition_instance.3] line 107 memcpy destination region writeable: SUCCESS
[search.overflow.16] line 108 arithmetic overflow on signed - in length - 1: SUCCESS
[search.overflow.22] line 111 arithmetic overflow on signed + in i + 1: SUCCESS
[search.array_bounds.11] line 112 array 'sa' lower bound in sa[(signed long int)i]: SUCCESS
[search.array_bounds.12] line 112 array 'sa' upper bound in sa[(signed long int)i]: SUCCESS
[search.overflow.18] line 113 arithmetic overflow on signed - in suffix - 1: SUCCESS
[search.overflow.19] line 113 arithmetic overflow on signed + in (signed int)x[(signed long int)(suffix - 1)] + 1: SUCCESS
[search.overflow.20] line 113 arithmetic overflow on signed to unsigned type conversion in (const unsigned int)(suffix == 0 ? 0 : (signed int)x[(signed long int)(suffix - 1)] + 1): SUCCESS
[search.pointer_arithmetic.7] line 113 pointer arithmetic: pointer NULL in x + (signed long int)(suffix - 1): SUCCESS
[search.pointer_arithmetic.8] line 113 pointer arithmetic: pointer invalid in x + (signed long int)(suffix - 1): SUCCESS
[search.pointer_arithmetic.9] line 113 pointer arithmetic: deallocated dynamic object in x + (signed long int)(suffix - 1): SUCCESS
[search.pointer_arithmetic.10] line 113 pointer arithmetic: dead object in x + (signed long int)(suffix - 1): SUCCESS
[search.pointer_arithmetic.11] line 113 pointer arithmetic: pointer outside object bounds in x + (signed long int)(suffix - 1): SUCCESS
[search.pointer_arithmetic.12] line 113 pointer arithmetic: invalid integer address in x + (signed long int)(suffix - 1): SUCCESS
[search.pointer_dereference.7] line 113 dereference failure: pointer NULL in x[(signed long int)(suffix - 1)]: SUCCESS
[search.pointer_dereference.8] line 113 dereference failure: pointer invalid in x[(signed long int)(suffix - 1)]: SUCCESS
[search.pointer_dereference.9] line 113 dereference failure: deallocated dynamic object in x[(signed long int)(suffix - 1)]: SUCCESS
[search.pointer_dereference.10] line 113 dereference failure: dead object in x[(signed long int)(suffix - 1)]: SUCCESS
[search.pointer_dereference.11] line 113 dereference failure: pointer outside object bounds in x[(signed long int)(suffix - 1)]: SUCCESS
[search.pointer_dereference.12] line 113 dereference failure: invalid integer address in x[(signed long int)(suffix - 1)]: SUCCESS
[search.array_bounds.13] line 115 array 'alphabet' upper bound in alphabet[(signed long int)symbol]: SUCCESS
[search.overflow.21] line 115 arithmetic overflow on signed + in alphabet[(signed long int)symbol] + 1: SUCCESS
[search.array_bounds.14] line 118 array 'bits' upper bound in bits[(signed long int)symbol]: SUCCESS
[search.array_bounds.15] line 118 array 'bits'[] lower bound in bits[(signed long int)symbol][(signed long int)(i / 64)]: SUCCESS
[search.array_bounds.16] line 118 array 'bits'[] upper bound in bits[(signed long int)symbol][(signed long int)(i / 64)]: SUCCESS
[search.undefined-shift.2] line 118 shift distance is negative in 1ul << i % 64: SUCCESS
[search.undefined-shift.3] line 118 shift distance too large in 1ul << i % 64: SUCCESS
[search.overflow.25] line 121 arithmetic overflow on signed + in i + 1: SUCCESS
[search.array_bounds.17] line 122 array 'cumulative' lower bound in cumulative[(signed long int)i]: SUCCESS
[search.array_bounds.18] line 122 array 'cumulative' upper bound in cumulative[(signed long int)i]: SUCCESS
[search.array_bounds.19] line 122 array 'cumulative' lower bound in cumulative[(signed long int)(i - 1)]: SUCCESS
[search.array_bounds.20] line 122 array 'cumulative' upper bound in cumulative[(signed long int)(i - 1)]: SUCCESS
[search.array_bounds.21] line 122 array 'alphabet' lower bound in alphabet[(signed long int)(i - 1)]: SUCCESS
[search.array_bounds.22] line 122 array 'alphabet' upper bound in alphabet[(signed long int)(i - 1)]: SUCCESS
[search.overflow.23] line 122 arithmetic overflow on signed - in i - 1: SUCCESS
[search.overflow.24] line 122 arithmetic overflow on signed + in cumulative[(signed long int)(i - 1)] + alphabet[(signed long int)(i - 1)]: SUCCESS
[search.overflow.29] line 123 arithmetic overflow on signed + in i + 1: SUCCESS
[search.array_bounds.23] line 125 array 'prefix' lower bound in prefix[(signed long int)i]: SUCCESS
[search.array_bounds.24] line 125 array 'prefix' upper bound in prefix[(signed long int)i]: SUCCESS
[search.array_bounds.25] line 125 array 'prefix'[] lower bound in prefix[(signed long int)i][(signed long int)(j + 1)]: SUCCESS
[search.array_bounds.26] line 125 array 'prefix'[] upper bound in prefix[(signed long int)i][(signed long int)(j + 1)]: SUCCESS
[search.array_bounds.27] line 125 array 'prefix'[] lower bound in prefix[(signed long int)i][(signed long int)j]: SUCCESS
[search.array_bounds.28] line 125 array 'prefix'[] upper bound in prefix[(signed long int)i][(signed long int)j]: SUCCESS
[search.array_bounds.29] line 125 array 'bits' lower bound in bits[(signed long int)i]: SUCCESS
[search.array_bounds.30] line 125 array 'bits' upper bound in bits[(signed long int)i]: SUCCESS
[search.array_bounds.31] line 125 array 'bits'[] lower bound in bits[(signed long int)i][(signed long int)j]: SUCCESS
[search.array_bounds.32] line 125 array 'bits'[] upper bound in bits[(signed long int)i][(signed long int)j]: SUCCESS
[search.overflow.26] line 125 arithmetic overflow on signed + in j + 1: SUCCESS
[search.overflow.27] line 125 arithmetic overflow on signed + in (signed int)prefix[(signed long int)i][(signed long int)j] + __builtin_popcount(bits[(signed long int)i][(signed long int)j]): SUCCESS
[search.overflow.28] line 125 arithmetic overflow on signed to unsigned type conversion in (uint16_t)((signed int)prefix[(signed long int)i][(signed long int)j] + __builtin_popcount(bits[(signed long int)i][(signed long int)j])): SUCCESS
[search.overflow.30] line 130 arithmetic overflow on signed - in n - m: SUCCESS
[search.overflow.31] line 134 arithmetic overflow on signed - in j - 1: SUCCESS
[search.overflow.32] line 134 arithmetic overflow on signed + in i + j: SUCCESS
[search.overflow.33] line 134 arithmetic overflow on signed + in (signed int)y[(signed long int)(i + j)] + 1: SUCCESS
[search.overflow.34] line 134 arithmetic overflow on signed to unsigned type conversion in (const unsigned int)((signed int)y[(signed long int)(i + j)] + 1): SUCCESS
[search.pointer_arithmetic.13] line 134 pointer arithmetic: pointer NULL in y + (signed long int)(i + j): SUCCESS
[search.pointer_arithmetic.14] line 134 pointer arithmetic: pointer invalid in y + (signed long int)(i + j): SUCCESS
[search.pointer_arithmetic.15] line 134 pointer arithmetic: deallocated dynamic object in y + (signed long int)(i + j): SUCCESS
[search.pointer_arithmetic.16] line 134 pointer arithmetic: dead object in y + (signed long int)(i + j): SUCCESS
[search.pointer_arithmetic.17] line 134 pointer arithmetic: pointer outside object bounds in y + (signed long int)(i + j): SUCCESS
[search.pointer_arithmetic.18] line 134 pointer arithmetic: invalid integer address in y + (signed long int)(i + j): SUCCESS
[search.pointer_dereference.13] line 134 dereference failure: pointer NULL in y[(signed long int)(i + j)]: SUCCESS
[search.pointer_dereference.14] line 134 dereference failure: pointer invalid in y[(signed long int)(i + j)]: SUCCESS
[search.pointer_dereference.15] line 134 dereference failure: deallocated dynamic object in y[(signed long int)(i + j)]: SUCCESS
[search.pointer_dereference.16] line 134 dereference failure: dead object in y[(signed long int)(i + j)]: SUCCESS
[search.pointer_dereference.17] line 134 dereference failure: pointer outside object bounds in y[(signed long int)(i + j)]: SUCCESS
[search.pointer_dereference.18] line 134 dereference failure: invalid integer address in y[(signed long int)(i + j)]: SUCCESS
[search.array_bounds.33] line 136 array 'cumulative' upper bound in cumulative[(signed long int)symbol]: SUCCESS
[search.overflow.35] line 136 arithmetic overflow on signed to unsigned type conversion in (unsigned int)cumulative[(signed long int)symbol]: SUCCESS
[search.overflow.36] line 136 arithmetic overflow on unsigned + in (unsigned int)cumulative[(signed long int)symbol] + return_value_rank_symbol: SUCCESS
[search.overflow.37] line 136 arithmetic overflow on unsigned to signed type conversion in (signed int)((unsigned int)cumulative[(signed long int)symbol] + return_value_rank_symbol): SUCCESS
[search.array_bounds.34] line 138 array 'cumulative' upper bound in cumulative[(signed long int)symbol]: SUCCESS
[search.overflow.38] line 138 arithmetic overflow on signed + in right + 1: SUCCESS
[search.overflow.39] line 138 arithmetic overflow on signed to unsigned type conversion in (unsigned int)cumulative[(signed long int)symbol]: SUCCESS
[search.overflow.40] line 138 arithmetic overflow on unsigned + in (unsigned int)cumulative[(signed long int)symbol] + return_value_rank_symbol$0: SUCCESS
[search.overflow.41] line 138 arithmetic overflow on unsigned - in ((unsigned int)cumulative[(signed long int)symbol] + return_value_rank_symbol$0) - (unsigned int)1: SUCCESS
[search.overflow.42] line 138 arithmetic overflow on unsigned to signed type conversion in (signed int)(((unsigned int)cumulative[(signed long int)symbol] + return_value_rank_symbol$0) - (unsigned int)1): SUCCESS
[search.overflow.43] line 145 arithmetic overflow on signed + in count + 1: SUCCESS
[search.overflow.44] line 148 arithmetic overflow on signed + in i + shift: SUCCESS

source/algos/sbdm.c function suffix_compare
[suffix_compare.pointer_dereference.1] line 23 dereference failure: pointer NULL in *((const signed int *)left): SUCCESS
[suffix_compare.pointer_dereference.2] line 23 dereference failure: pointer invalid in *((const signed int *)left): SUCCESS
[suffix_compare.pointer_dereference.3] line 23 dereference failure: deallocated dynamic object in *((const signed int *)left): SUCCESS
[suffix_compare.pointer_dereference.4] line 23 dereference failure: dead object in *((const signed int *)left): SUCCESS
[suffix_compare.pointer_dereference.5] line 23 dereference failure: pointer outside object bounds in *((const signed int *)left): SUCCESS
[suffix_compare.pointer_dereference.6] line 23 dereference failure: invalid integer address in *((const signed int *)left): SUCCESS
[suffix_compare.pointer_dereference.7] line 24 dereference failure: pointer NULL in *((const signed int *)right): SUCCESS
[suffix_compare.pointer_dereference.8] line 24 dereference failure: pointer invalid in *((const signed int *)right): SUCCESS
[suffix_compare.pointer_dereference.9] line 24 dereference failure: deallocated dynamic object in *((const signed int *)right): SUCCESS
[suffix_compare.pointer_dereference.10] line 24 dereference failure: dead object in *((const signed int *)right): SUCCESS
[suffix_compare.pointer_dereference.11] line 24 dereference failure: pointer outside object bounds in *((const signed int *)right): SUCCESS
[suffix_compare.pointer_dereference.12] line 24 dereference failure: invalid integer address in *((const signed int *)right): SUCCESS
[suffix_compare.overflow.1] line 26 arithmetic overflow on signed + in a + sbdm_step: SUCCESS
[suffix_compare.overflow.2] line 26 arithmetic overflow on signed + in a + sbdm_step: SUCCESS
[suffix_compare.overflow.3] line 26 arithmetic overflow on signed * in (signed long int)(a + sbdm_step) * (signed long int)4ul: SUCCESS
[suffix_compare.pointer_arithmetic.1] line 26 pointer arithmetic: pointer NULL in sbdm_rank + (signed long int)(a + sbdm_step): SUCCESS
[suffix_compare.pointer_arithmetic.2] line 26 pointer arithmetic: pointer invalid in sbdm_rank + (signed long int)(a + sbdm_step): SUCCESS
[suffix_compare.pointer_arithmetic.3] line 26 pointer arithmetic: deallocated dynamic object in sbdm_rank + (signed long int)(a + sbdm_step): SUCCESS
[suffix_compare.pointer_arithmetic.4] line 26 pointer arithmetic: dead object in sbdm_rank + (signed long int)(a + sbdm_step): SUCCESS
[suffix_compare.pointer_arithmetic.5] line 26 pointer arithmetic: pointer outside object bounds in sbdm_rank + (signed long int)(a + sbdm_step): SUCCESS
[suffix_compare.pointer_arithmetic.6] line 26 pointer arithmetic: invalid integer address in sbdm_rank + (signed long int)(a + sbdm_step): SUCCESS
[suffix_compare.pointer_dereference.13] line 26 dereference failure: pointer NULL in sbdm_rank[(signed long int)(a + sbdm_step)]: SUCCESS
[suffix_compare.pointer_dereference.14] line 26 dereference failure: pointer invalid in sbdm_rank[(signed long int)(a + sbdm_step)]: SUCCESS
[suffix_compare.pointer_dereference.15] line 26 dereference failure: deallocated dynamic object in sbdm_rank[(signed long int)(a + sbdm_step)]: SUCCESS
[suffix_compare.pointer_dereference.16] line 26 dereference failure: dead object in sbdm_rank[(signed long int)(a + sbdm_step)]: SUCCESS
[suffix_compare.pointer_dereference.17] line 26 dereference failure: pointer outside object bounds in sbdm_rank[(signed long int)(a + sbdm_step)]: SUCCESS
[suffix_compare.pointer_dereference.18] line 26 dereference failure: invalid integer address in sbdm_rank[(signed long int)(a + sbdm_step)]: SUCCESS
[suffix_compare.overflow.4] line 28 arithmetic overflow on signed + in b + sbdm_step: SUCCESS
[suffix_compare.overflow.5] line 28 arithmetic overflow on signed + in b + sbdm_step: SUCCESS
[suffix_compare.overflow.6] line 28 arithmetic overflow on signed * in (signed long int)(b + sbdm_step) * (signed long int)4ul: SUCCESS
[suffix_compare.pointer_arithmetic.7] line 28 pointer arithmetic: pointer NULL in sbdm_rank + (signed long int)(b + sbdm_step): SUCCESS
[suffix_compare.pointer_arithmetic.8] line 28 pointer arithmetic: pointer invalid in sbdm_rank + (signed long int)(b + sbdm_step): SUCCESS
[suffix_compare.pointer_arithmetic.9] line 28 pointer arithmetic: deallocated dynamic object in sbdm_rank + (signed long int)(b + sbdm_step): SUCCESS
[suffix_compare.pointer_arithmetic.10] line 28 pointer arithmetic: dead object in sbdm_rank + (signed long int)(b + sbdm_step): SUCCESS
[suffix_compare.pointer_arithmetic.11] line 28 pointer arithmetic: pointer outside object bounds in sbdm_rank + (signed long int)(b + sbdm_step): SUCCESS
[suffix_compare.pointer_arithmetic.12] line 28 pointer arithmetic: invalid integer address in sbdm_rank + (signed long int)(b + sbdm_step): SUCCESS
[suffix_compare.pointer_dereference.19] line 28 dereference failure: pointer NULL in sbdm_rank[(signed long int)(b + sbdm_step)]: SUCCESS
[suffix_compare.pointer_dereference.20] line 28 dereference failure: pointer invalid in sbdm_rank[(signed long int)(b + sbdm_step)]: SUCCESS
[suffix_compare.pointer_dereference.21] line 28 dereference failure: deallocated dynamic object in sbdm_rank[(signed long int)(b + sbdm_step)]: SUCCESS
[suffix_compare.pointer_dereference.22] line 28 dereference failure: dead object in sbdm_rank[(signed long int)(b + sbdm_step)]: SUCCESS
[suffix_compare.pointer_dereference.23] line 28 dereference failure: pointer outside object bounds in sbdm_rank[(signed long int)(b + sbdm_step)]: SUCCESS
[suffix_compare.pointer_dereference.24] line 28 dereference failure: invalid integer address in sbdm_rank[(signed long int)(b + sbdm_step)]: SUCCESS
[suffix_compare.overflow.7] line 30 arithmetic overflow on signed * in (signed long int)a * (signed long int)4ul: SUCCESS
[suffix_compare.overflow.8] line 30 arithmetic overflow on signed * in (signed long int)b * (signed long int)4ul: SUCCESS
[suffix_compare.pointer_arithmetic.13] line 30 pointer arithmetic: pointer NULL in sbdm_rank + (signed long int)a: SUCCESS
[suffix_compare.pointer_arithmetic.14] line 30 pointer arithmetic: pointer invalid in sbdm_rank + (signed long int)a: SUCCESS
[suffix_compare.pointer_arithmetic.15] line 30 pointer arithmetic: deallocated dynamic object in sbdm_rank + (signed long int)a: SUCCESS
[suffix_compare.pointer_arithmetic.16] line 30 pointer arithmetic: dead object in sbdm_rank + (signed long int)a: SUCCESS
[suffix_compare.pointer_arithmetic.17] line 30 pointer arithmetic: pointer outside object bounds in sbdm_rank + (signed long int)a: SUCCESS
[suffix_compare.pointer_arithmetic.18] line 30 pointer arithmetic: invalid integer address in sbdm_rank + (signed long int)a: SUCCESS
[suffix_compare.pointer_arithmetic.19] line 30 pointer arithmetic: pointer NULL in sbdm_rank + (signed long int)b: SUCCESS
[suffix_compare.pointer_arithmetic.20] line 30 pointer arithmetic: pointer invalid in sbdm_rank + (signed long int)b: SUCCESS
[suffix_compare.pointer_arithmetic.21] line 30 pointer arithmetic: deallocated dynamic object in sbdm_rank + (signed long int)b: SUCCESS
[suffix_compare.pointer_arithmetic.22] line 30 pointer arithmetic: dead object in sbdm_rank + (signed long int)b: SUCCESS
[suffix_compare.pointer_arithmetic.23] line 30 pointer arithmetic: pointer outside object bounds in sbdm_rank + (signed long int)b: SUCCESS
[suffix_compare.pointer_arithmetic.24] line 30 pointer arithmetic: invalid integer address in sbdm_rank + (signed long int)b: SUCCESS
[suffix_compare.pointer_dereference.25] line 30 dereference failure: pointer NULL in sbdm_rank[(signed long int)a]: SUCCESS
[suffix_compare.pointer_dereference.26] line 30 dereference failure: pointer invalid in sbdm_rank[(signed long int)a]: SUCCESS
[suffix_compare.pointer_dereference.27] line 30 dereference failure: deallocated dynamic object in sbdm_rank[(signed long int)a]: SUCCESS
[suffix_compare.pointer_dereference.28] line 30 dereference failure: dead object in sbdm_rank[(signed long int)a]: SUCCESS
[suffix_compare.pointer_dereference.29] line 30 dereference failure: pointer outside object bounds in sbdm_rank[(signed long int)a]: SUCCESS
[suffix_compare.pointer_dereference.30] line 30 dereference failure: invalid integer address in sbdm_rank[(signed long int)a]: SUCCESS
[suffix_compare.pointer_dereference.31] line 30 dereference failure: pointer NULL in sbdm_rank[(signed long int)b]: SUCCESS
[suffix_compare.pointer_dereference.32] line 30 dereference failure: pointer invalid in sbdm_rank[(signed long int)b]: SUCCESS
[suffix_compare.pointer_dereference.33] line 30 dereference failure: deallocated dynamic object in sbdm_rank[(signed long int)b]: SUCCESS
[suffix_compare.pointer_dereference.34] line 30 dereference failure: dead object in sbdm_rank[(signed long int)b]: SUCCESS
[suffix_compare.pointer_dereference.35] line 30 dereference failure: pointer outside object bounds in sbdm_rank[(signed long int)b]: SUCCESS
[suffix_compare.pointer_dereference.36] line 30 dereference failure: invalid integer address in sbdm_rank[(signed long int)b]: SUCCESS
[suffix_compare.overflow.9] line 31 arithmetic overflow on signed - in sbdm_rank[(signed long int)a] - sbdm_rank[(signed long int)b]: SUCCESS
[suffix_compare.overflow.10] line 32 arithmetic overflow on signed - in a_second - b_second: SUCCESS

** 0 of 447 failed (1 iterations)
VERIFICATION SUCCESSFUL
source/algos/bsom.c
timeout 4m cbmc --verbosity 7 --unwinding-assertions --slice-formula 
timeout 4m cbmc --verbosity 7 --unwinding-assertions --slice-formula --trace -Isource/algos -DCBMC --bounds-check --pointer-check --memory-leak-check --div-by-zero-check --signed-overflow-check --unsigned-overflow-check --pointer-overflow-check --conversion-check --undefined-shift-check --float-overflow-check --nan-check --enum-range-check source/algos/bsom.c
CBMC version 6.4.1 (cbmc-6.4.1-176-g0827dcaeaa) 64-bit x86_64 linux
Type-checking bsom
Generating GOTO Program
Adding CPROVER library (x86_64)
Removal of function pointers and virtual functions
Generic Property Instrumentation
Starting Bounded Model Checking

** Results:
function __CPROVER__start
[__CPROVER__start.memory-leak.1] dynamically allocated memory never freed in __CPROVER_memory_leak == NULL: SUCCESS

<builtin-library-malloc> function malloc
[malloc.assertion.1] line 31 max allocation size exceeded: SUCCESS
[malloc.assertion.2] line 36 max allocation may fail: SUCCESS

<builtin-library-memcmp> function memcmp
[memcmp.precondition.1] line 19 memcmp region 1 readable: SUCCESS
[memcmp.precondition.2] line 21 memcpy region 2 readable: SUCCESS
[memcmp.overflow.2] line 25 arithmetic overflow on unsigned - in n - 1ul: SUCCESS
[memcmp.overflow.1] line 27 arithmetic overflow on signed - in (signed int)*tmp_post_sc1 - (signed int)*tmp_post_sc2: SUCCESS
[memcmp.pointer_arithmetic.1] line 27 pointer arithmetic: pointer NULL in sc1 + 1l: SUCCESS
[memcmp.pointer_arithmetic.2] line 27 pointer arithmetic: pointer invalid in sc1 + 1l: SUCCESS
[memcmp.pointer_arithmetic.3] line 27 pointer arithmetic: deallocated dynamic object in sc1 + 1l: SUCCESS
[memcmp.pointer_arithmetic.4] line 27 pointer arithmetic: dead object in sc1 + 1l: SUCCESS
[memcmp.pointer_arithmetic.5] line 27 pointer arithmetic: pointer outside object bounds in sc1 + 1l: SUCCESS
[memcmp.pointer_arithmetic.6] line 27 pointer arithmetic: invalid integer address in sc1 + 1l: SUCCESS
[memcmp.pointer_arithmetic.7] line 27 pointer arithmetic: pointer NULL in sc2 + 1l: SUCCESS
[memcmp.pointer_arithmetic.8] line 27 pointer arithmetic: pointer invalid in sc2 + 1l: SUCCESS
[memcmp.pointer_arithmetic.9] line 27 pointer arithmetic: deallocated dynamic object in sc2 + 1l: SUCCESS
[memcmp.pointer_arithmetic.10] line 27 pointer arithmetic: dead object in sc2 + 1l: SUCCESS
[memcmp.pointer_arithmetic.11] line 27 pointer arithmetic: pointer outside object bounds in sc2 + 1l: SUCCESS
[memcmp.pointer_arithmetic.12] line 27 pointer arithmetic: invalid integer address in sc2 + 1l: SUCCESS
[memcmp.pointer_dereference.1] line 27 dereference failure: pointer NULL in *tmp_post_sc1: SUCCESS
[memcmp.pointer_dereference.2] line 27 dereference failure: pointer invalid in *tmp_post_sc1: SUCCESS
[memcmp.pointer_dereference.3] line 27 dereference failure: deallocated dynamic object in *tmp_post_sc1: SUCCESS
[memcmp.pointer_dereference.4] line 27 dereference failure: dead object in *tmp_post_sc1: SUCCESS
[memcmp.pointer_dereference.5] line 27 dereference failure: pointer outside object bounds in *tmp_post_sc1: SUCCESS
[memcmp.pointer_dereference.6] line 27 dereference failure: invalid integer address in *tmp_post_sc1: SUCCESS
[memcmp.pointer_dereference.7] line 27 dereference failure: pointer NULL in *tmp_post_sc2: SUCCESS
[memcmp.pointer_dereference.8] line 27 dereference failure: pointer invalid in *tmp_post_sc2: SUCCESS
[memcmp.pointer_dereference.9] line 27 dereference failure: deallocated dynamic object in *tmp_post_sc2: SUCCESS
[memcmp.pointer_dereference.10] line 27 dereference failure: dead object in *tmp_post_sc2: SUCCESS
[memcmp.pointer_dereference.11] line 27 dereference failure: pointer outside object bounds in *tmp_post_sc2: SUCCESS
[memcmp.pointer_dereference.12] line 27 dereference failure: invalid integer address in *tmp_post_sc2: SUCCESS

<builtin-library-strcpy> function strcpy
[strcpy.overflow.1] line 29 arithmetic overflow on unsigned to signed type conversion in (signed long int)i: SUCCESS
[strcpy.pointer_arithmetic.1] line 29 pointer arithmetic: pointer NULL in src + (signed long int)i: SUCCESS
[strcpy.pointer_arithmetic.2] line 29 pointer arithmetic: pointer invalid in src + (signed long int)i: SUCCESS
[strcpy.pointer_arithmetic.3] line 29 pointer arithmetic: deallocated dynamic object in src + (signed long int)i: SUCCESS
[strcpy.pointer_arithmetic.4] line 29 pointer arithmetic: dead object in src + (signed long int)i: SUCCESS
[strcpy.pointer_arithmetic.5] line 29 pointer arithmetic: pointer outside object bounds in src + (signed long int)i: SUCCESS
[strcpy.pointer_arithmetic.6] line 29 pointer arithmetic: invalid integer address in src + (signed long int)i: SUCCESS
[strcpy.pointer_dereference.1] line 29 dereference failure: pointer NULL in src[(signed long int)i]: SUCCESS
[strcpy.pointer_dereference.2] line 29 dereference failure: pointer invalid in src[(signed long int)i]: SUCCESS
[strcpy.pointer_dereference.3] line 29 dereference failure: deallocated dynamic object in src[(signed long int)i]: SUCCESS
[strcpy.pointer_dereference.4] line 29 dereference failure: dead object in src[(signed long int)i]: SUCCESS
[strcpy.pointer_dereference.5] line 29 dereference failure: pointer outside object bounds in src[(signed long int)i]: SUCCESS
[strcpy.pointer_dereference.6] line 29 dereference failure: invalid integer address in src[(signed long int)i]: SUCCESS
[strcpy.pointer_arithmetic.7] line 30 pointer arithmetic: pointer NULL in dst + (signed long int)i: SUCCESS
[strcpy.pointer_arithmetic.8] line 30 pointer arithmetic: pointer invalid in dst + (signed long int)i: SUCCESS
[strcpy.pointer_arithmetic.9] line 30 pointer arithmetic: deallocated dynamic object in dst + (signed long int)i: SUCCESS
[strcpy.pointer_arithmetic.10] line 30 pointer arithmetic: dead object in dst + (signed long int)i: SUCCESS
[strcpy.pointer_arithmetic.11] line 30 pointer arithmetic: pointer outside object bounds in dst + (signed long int)i: SUCCESS
[strcpy.pointer_arithmetic.12] line 30 pointer arithmetic: invalid integer address in dst + (signed long int)i: SUCCESS
[strcpy.pointer_dereference.7] line 30 dereference failure: pointer NULL in dst[(signed long int)i]: SUCCESS
[strcpy.pointer_dereference.8] line 30 dereference failure: pointer invalid in dst[(signed long int)i]: SUCCESS
[strcpy.pointer_dereference.9] line 30 dereference failure: deallocated dynamic object in dst[(signed long int)i]: SUCCESS
[strcpy.pointer_dereference.10] line 30 dereference failure: dead object in dst[(signed long int)i]: SUCCESS
[strcpy.pointer_dereference.11] line 30 dereference failure: pointer outside object bounds in dst[(signed long int)i]: SUCCESS
[strcpy.pointer_dereference.12] line 30 dereference failure: invalid integer address in dst[(signed long int)i]: SUCCESS
[strcpy.overflow.2] line 31 arithmetic overflow on unsigned + in i + 1ul: SUCCESS

source/algos/bsom.c function add_transition
[add_transition.overflow.1] line 48 arithmetic overflow on signed * in (signed long int)*edge_count * (signed long int)12ul: SUCCESS
[add_transition.pointer_arithmetic.1] line 48 pointer arithmetic: pointer NULL in trans + (signed long int)*edge_count: SUCCESS
[add_transition.pointer_arithmetic.2] line 48 pointer arithmetic: pointer invalid in trans + (signed long int)*edge_count: SUCCESS
[add_transition.pointer_arithmetic.3] line 48 pointer arithmetic: deallocated dynamic object in trans + (signed long int)*edge_count: SUCCESS
[add_transition.pointer_arithmetic.4] line 48 pointer arithmetic: dead object in trans + (signed long int)*edge_count: SUCCESS
[add_transition.pointer_arithmetic.5] line 48 pointer arithmetic: pointer outside object bounds in trans + (signed long int)*edge_count: SUCCESS
[add_transition.pointer_arithmetic.6] line 48 pointer arithmetic: invalid integer address in trans + (signed long int)*edge_count: SUCCESS
[add_transition.pointer_dereference.1] line 48 dereference failure: pointer NULL in *edge_count: SUCCESS
[add_transition.pointer_dereference.2] line 48 dereference failure: pointer invalid in *edge_count: SUCCESS
[add_transition.pointer_dereference.3] line 48 dereference failure: deallocated dynamic object in *edge_count: SUCCESS
[add_transition.pointer_dereference.4] line 48 dereference failure: dead object in *edge_count: SUCCESS
[add_transition.pointer_dereference.5] line 48 dereference failure: pointer outside object bounds in *edge_count: SUCCESS
[add_transition.pointer_dereference.6] line 48 dereference failure: invalid integer address in *edge_count: SUCCESS
[add_transition.pointer_dereference.7] line 48 dereference failure: pointer NULL in (trans + (signed long int)*edge_count)->c: SUCCESS
[add_transition.pointer_dereference.8] line 48 dereference failure: pointer invalid in (trans + (signed long int)*edge_count)->c: SUCCESS
[add_transition.pointer_dereference.9] line 48 dereference failure: deallocated dynamic object in (trans + (signed long int)*edge_count)->c: SUCCESS
[add_transition.pointer_dereference.10] line 48 dereference failure: dead object in (trans + (signed long int)*edge_count)->c: SUCCESS
[add_transition.pointer_dereference.11] line 48 dereference failure: pointer outside object bounds in (trans + (signed long int)*edge_count)->c: SUCCESS
[add_transition.pointer_dereference.12] line 48 dereference failure: invalid integer address in (trans + (signed long int)*edge_count)->c: SUCCESS
[add_transition.overflow.2] line 49 arithmetic overflow on signed * in (signed long int)*edge_count * (signed long int)12ul: SUCCESS
[add_transition.pointer_arithmetic.7] line 49 pointer arithmetic: pointer NULL in trans + (signed long int)*edge_count: SUCCESS
[add_transition.pointer_arithmetic.8] line 49 pointer arithmetic: pointer invalid in trans + (signed long int)*edge_count: SUCCESS
[add_transition.pointer_arithmetic.9] line 49 pointer arithmetic: deallocated dynamic object in trans + (signed long int)*edge_count: SUCCESS
[add_transition.pointer_arithmetic.10] line 49 pointer arithmetic: dead object in trans + (signed long int)*edge_count: SUCCESS
[add_transition.pointer_arithmetic.11] line 49 pointer arithmetic: pointer outside object bounds in trans + (signed long int)*edge_count: SUCCESS
[add_transition.pointer_arithmetic.12] line 49 pointer arithmetic: invalid integer address in trans + (signed long int)*edge_count: SUCCESS
[add_transition.pointer_dereference.13] line 49 dereference failure: pointer NULL in *edge_count: SUCCESS
[add_transition.pointer_dereference.14] line 49 dereference failure: pointer invalid in *edge_count: SUCCESS
[add_transition.pointer_dereference.15] line 49 dereference failure: deallocated dynamic object in *edge_count: SUCCESS
[add_transition.pointer_dereference.16] line 49 dereference failure: dead object in *edge_count: SUCCESS
[add_transition.pointer_dereference.17] line 49 dereference failure: pointer outside object bounds in *edge_count: SUCCESS
[add_transition.pointer_dereference.18] line 49 dereference failure: invalid integer address in *edge_count: SUCCESS
[add_transition.pointer_dereference.19] line 49 dereference failure: pointer NULL in (trans + (signed long int)*edge_count)->target: SUCCESS
[add_transition.pointer_dereference.20] line 49 dereference failure: pointer invalid in (trans + (signed long int)*edge_count)->target: SUCCESS
[add_transition.pointer_dereference.21] line 49 dereference failure: deallocated dynamic object in (trans + (signed long int)*edge_count)->target: SUCCESS
[add_transition.pointer_dereference.22] line 49 dereference failure: dead object in (trans + (signed long int)*edge_count)->target: SUCCESS
[add_transition.pointer_dereference.23] line 49 dereference failure: pointer outside object bounds in (trans + (signed long int)*edge_count)->target: SUCCESS
[add_transition.pointer_dereference.24] line 49 dereference failure: invalid integer address in (trans + (signed long int)*edge_count)->target: SUCCESS
[add_transition.overflow.3] line 50 arithmetic overflow on signed * in (signed long int)*edge_count * (signed long int)12ul: SUCCESS
[add_transition.overflow.4] line 50 arithmetic overflow on signed * in (signed long int)state * (signed long int)4ul: SUCCESS
[add_transition.pointer_arithmetic.13] line 50 pointer arithmetic: pointer NULL in trans + (signed long int)*edge_count: SUCCESS
[add_transition.pointer_arithmetic.14] line 50 pointer arithmetic: pointer invalid in trans + (signed long int)*edge_count: SUCCESS
[add_transition.pointer_arithmetic.15] line 50 pointer arithmetic: deallocated dynamic object in trans + (signed long int)*edge_count: SUCCESS
[add_transition.pointer_arithmetic.16] line 50 pointer arithmetic: dead object in trans + (signed long int)*edge_count: SUCCESS
[add_transition.pointer_arithmetic.17] line 50 pointer arithmetic: pointer outside object bounds in trans + (signed long int)*edge_count: SUCCESS
[add_transition.pointer_arithmetic.18] line 50 pointer arithmetic: invalid integer address in trans + (signed long int)*edge_count: SUCCESS
[add_transition.pointer_arithmetic.19] line 50 pointer arithmetic: pointer NULL in head + (signed long int)state: SUCCESS
[add_transition.pointer_arithmetic.20] line 50 pointer arithmetic: pointer invalid in head + (signed long int)state: SUCCESS
[add_transition.pointer_arithmetic.21] line 50 pointer arithmetic: deallocated dynamic object in head + (signed long int)state: SUCCESS
[add_transition.pointer_arithmetic.22] line 50 pointer arithmetic: dead object in head + (signed long int)state: SUCCESS
[add_transition.pointer_arithmetic.23] line 50 pointer arithmetic: pointer outside object bounds in head + (signed long int)state: SUCCESS
[add_transition.pointer_arithmetic.24] line 50 pointer arithmetic: invalid integer address in head + (signed long int)state: SUCCESS
[add_transition.pointer_dereference.25] line 50 dereference failure: pointer NULL in *edge_count: SUCCESS
[add_transition.pointer_dereference.26] line 50 dereference failure: pointer invalid in *edge_count: SUCCESS
[add_transition.pointer_dereference.27] line 50 dereference failure: deallocated dynamic object in *edge_count: SUCCESS
[add_transition.pointer_dereference.28] line 50 dereference failure: dead object in *edge_count: SUCCESS
[add_transition.pointer_dereference.29] line 50 dereference failure: pointer outside object bounds in *edge_count: SUCCESS
[add_transition.pointer_dereference.30] line 50 dereference failure: invalid integer address in *edge_count: SUCCESS
[add_transition.pointer_dereference.31] line 50 dereference failure: pointer NULL in (trans + (signed long int)*edge_count)->next: SUCCESS
[add_transition.pointer_dereference.32] line 50 dereference failure: pointer invalid in (trans + (signed long int)*edge_count)->next: SUCCESS
[add_transition.pointer_dereference.33] line 50 dereference failure: deallocated dynamic object in (trans + (signed long int)*edge_count)->next: SUCCESS
[add_transition.pointer_dereference.34] line 50 dereference failure: dead object in (trans + (signed long int)*edge_count)->next: SUCCESS
[add_transition.pointer_dereference.35] line 50 dereference failure: pointer outside object bounds in (trans + (signed long int)*edge_count)->next: SUCCESS
[add_transition.pointer_dereference.36] line 50 dereference failure: invalid integer address in (trans + (signed long int)*edge_count)->next: SUCCESS
[add_transition.pointer_dereference.37] line 50 dereference failure: pointer NULL in head[(signed long int)state]: SUCCESS
[add_transition.pointer_dereference.38] line 50 dereference failure: pointer invalid in head[(signed long int)state]: SUCCESS
[add_transition.pointer_dereference.39] line 50 dereference failure: deallocated dynamic object in head[(signed long int)state]: SUCCESS
[add_transition.pointer_dereference.40] line 50 dereference failure: dead object in head[(signed long int)state]: SUCCESS
[add_transition.pointer_dereference.41] line 50 dereference failure: pointer outside object bounds in head[(signed long int)state]: SUCCESS
[add_transition.pointer_dereference.42] line 50 dereference failure: invalid integer address in head[(signed long int)state]: SUCCESS
[add_transition.overflow.5] line 51 arithmetic overflow on signed + in *edge_count + 1: SUCCESS
[add_transition.overflow.6] line 51 arithmetic overflow on signed * in (signed long int)state * (signed long int)4ul: SUCCESS
[add_transition.pointer_arithmetic.25] line 51 pointer arithmetic: pointer NULL in head + (signed long int)state: SUCCESS
[add_transition.pointer_arithmetic.26] line 51 pointer arithmetic: pointer invalid in head + (signed long int)state: SUCCESS
[add_transition.pointer_arithmetic.27] line 51 pointer arithmetic: deallocated dynamic object in head + (signed long int)state: SUCCESS
[add_transition.pointer_arithmetic.28] line 51 pointer arithmetic: dead object in head + (signed long int)state: SUCCESS
[add_transition.pointer_arithmetic.29] line 51 pointer arithmetic: pointer outside object bounds in head + (signed long int)state: SUCCESS
[add_transition.pointer_arithmetic.30] line 51 pointer arithmetic: invalid integer address in head + (signed long int)state: SUCCESS
[add_transition.pointer_dereference.43] line 51 dereference failure: pointer NULL in *edge_count: SUCCESS
[add_transition.pointer_dereference.44] line 51 dereference failure: pointer invalid in *edge_count: SUCCESS
[add_transition.pointer_dereference.45] line 51 dereference failure: deallocated dynamic object in *edge_count: SUCCESS
[add_transition.pointer_dereference.46] line 51 dereference failure: dead object in *edge_count: SUCCESS
[add_transition.pointer_dereference.47] line 51 dereference failure: pointer outside object bounds in *edge_count: SUCCESS
[add_transition.pointer_dereference.48] line 51 dereference failure: invalid integer address in *edge_count: SUCCESS
[add_transition.pointer_dereference.49] line 51 dereference failure: pointer NULL in head[(signed long int)state]: SUCCESS
[add_transition.pointer_dereference.50] line 51 dereference failure: pointer invalid in head[(signed long int)state]: SUCCESS
[add_transition.pointer_dereference.51] line 51 dereference failure: deallocated dynamic object in head[(signed long int)state]: SUCCESS
[add_transition.pointer_dereference.52] line 51 dereference failure: dead object in head[(signed long int)state]: SUCCESS
[add_transition.pointer_dereference.53] line 51 dereference failure: pointer outside object bounds in head[(signed long int)state]: SUCCESS
[add_transition.pointer_dereference.54] line 51 dereference failure: invalid integer address in head[(signed long int)state]: SUCCESS

source/algos/bsom.c function search
[search.overflow.1] line 65 arithmetic overflow on signed to unsigned type conversion in (size_t)m: SUCCESS
[search.overflow.2] line 65 arithmetic overflow on unsigned + in (size_t)m + (unsigned long int)1: SUCCESS
[search.overflow.3] line 65 arithmetic overflow on unsigned * in ((size_t)m + (unsigned long int)1) * sizeof(signed int) /*4ul*/ : SUCCESS
[search.overflow.4] line 66 arithmetic overflow on signed to unsigned type conversion in (size_t)m: SUCCESS
[search.overflow.5] line 66 arithmetic overflow on unsigned + in (size_t)m + (unsigned long int)1: SUCCESS
[search.overflow.6] line 66 arithmetic overflow on unsigned * in ((size_t)m + (unsigned long int)1) * sizeof(signed int) /*4ul*/ : SUCCESS
[search.overflow.7] line 67 arithmetic overflow on signed to unsigned type conversion in (size_t)m: SUCCESS
[search.overflow.8] line 67 arithmetic overflow on unsigned * in (size_t)m * (unsigned long int)2: SUCCESS
[search.overflow.9] line 67 arithmetic overflow on unsigned * in (size_t)m * (unsigned long int)2 * sizeof(struct bsom_transition) /*12ul*/ : SUCCESS
[search.precondition_instance.1] line 69 free argument must be NULL or valid pointer: SUCCESS
[search.precondition_instance.2] line 69 free argument must be dynamic object: SUCCESS
[search.precondition_instance.3] line 69 free argument has offset zero: SUCCESS
[search.precondition_instance.4] line 69 double free: SUCCESS
[search.precondition_instance.5] line 69 free called for new[] object: SUCCESS
[search.precondition_instance.6] line 69 free called for stack-allocated object: SUCCESS
[search.precondition_instance.7] line 70 free argument must be NULL or valid pointer: SUCCESS
[search.precondition_instance.8] line 70 free argument must be dynamic object: SUCCESS
[search.precondition_instance.9] line 70 free argument has offset zero: SUCCESS
[search.precondition_instance.10] line 70 double free: SUCCESS
[search.precondition_instance.11] line 70 free called for new[] object: SUCCESS
[search.precondition_instance.12] line 70 free called for stack-allocated object: SUCCESS
[search.precondition_instance.13] line 71 free argument must be NULL or valid pointer: SUCCESS
[search.precondition_instance.14] line 71 free argument must be dynamic object: SUCCESS
[search.precondition_instance.15] line 71 free argument has offset zero: SUCCESS
[search.precondition_instance.16] line 71 double free: SUCCESS
[search.precondition_instance.17] line 71 free called for new[] object: SUCCESS
[search.precondition_instance.18] line 71 free called for stack-allocated object: SUCCESS
[search.overflow.11] line 76 arithmetic overflow on signed + in i + 1: SUCCESS
[search.overflow.10] line 77 arithmetic overflow on signed * in (signed long int)i * (signed long int)4ul: SUCCESS
[search.pointer_arithmetic.1] line 77 pointer arithmetic: pointer NULL in head + (signed long int)i: SUCCESS
[search.pointer_arithmetic.2] line 77 pointer arithmetic: pointer invalid in head + (signed long int)i: SUCCESS
[search.pointer_arithmetic.3] line 77 pointer arithmetic: deallocated dynamic object in head + (signed long int)i: SUCCESS
[search.pointer_arithmetic.4] line 77 pointer arithmetic: dead object in head + (signed long int)i: SUCCESS
[search.pointer_arithmetic.5] line 77 pointer arithmetic: pointer outside object bounds in head + (signed long int)i: SUCCESS
[search.pointer_arithmetic.6] line 77 pointer arithmetic: invalid integer address in head + (signed long int)i: SUCCESS
[search.pointer_dereference.1] line 77 dereference failure: pointer NULL in head[(signed long int)i]: SUCCESS
[search.pointer_dereference.2] line 77 dereference failure: pointer invalid in head[(signed long int)i]: SUCCESS
[search.pointer_dereference.3] line 77 dereference failure: deallocated dynamic object in head[(signed long int)i]: SUCCESS
[search.pointer_dereference.4] line 77 dereference failure: dead object in head[(signed long int)i]: SUCCESS
[search.pointer_dereference.5] line 77 dereference failure: pointer outside object bounds in head[(signed long int)i]: SUCCESS
[search.pointer_dereference.6] line 77 dereference failure: invalid integer address in head[(signed long int)i]: SUCCESS
[search.overflow.15] line 80 arithmetic overflow on signed + in i + 1: SUCCESS
[search.overflow.12] line 81 arithmetic overflow on signed - in m - 1: SUCCESS
[search.overflow.13] line 81 arithmetic overflow on signed - in (m - 1) - i: SUCCESS
[search.overflow.14] line 81 arithmetic overflow on signed + in i + 1: SUCCESS
[search.pointer_arithmetic.7] line 81 pointer arithmetic: pointer NULL in x + (signed long int)((m - 1) - i): SUCCESS
[search.pointer_arithmetic.8] line 81 pointer arithmetic: pointer invalid in x + (signed long int)((m - 1) - i): SUCCESS
[search.pointer_arithmetic.9] line 81 pointer arithmetic: deallocated dynamic object in x + (signed long int)((m - 1) - i): SUCCESS
[search.pointer_arithmetic.10] line 81 pointer arithmetic: dead object in x + (signed long int)((m - 1) - i): SUCCESS
[search.pointer_arithmetic.11] line 81 pointer arithmetic: pointer outside object bounds in x + (signed long int)((m - 1) - i): SUCCESS
[search.pointer_arithmetic.12] line 81 pointer arithmetic: invalid integer address in x + (signed long int)((m - 1) - i): SUCCESS
[search.pointer_dereference.7] line 81 dereference failure: pointer NULL in x[(signed long int)((m - 1) - i)]: SUCCESS
[search.pointer_dereference.8] line 81 dereference failure: pointer invalid in x[(signed long int)((m - 1) - i)]: SUCCESS
[search.pointer_dereference.9] line 81 dereference failure: deallocated dynamic object in x[(signed long int)((m - 1) - i)]: SUCCESS
[search.pointer_dereference.10] line 81 dereference failure: dead object in x[(signed long int)((m - 1) - i)]: SUCCESS
[search.pointer_dereference.11] line 81 dereference failure: pointer outside object bounds in x[(signed long int)((m - 1) - i)]: SUCCESS
[search.pointer_dereference.12] line 81 dereference failure: invalid integer address in x[(signed long int)((m - 1) - i)]: SUCCESS
[search.pointer_arithmetic.13] line 84 pointer arithmetic: pointer NULL in supply + (signed long int)0: SUCCESS
[search.pointer_arithmetic.14] line 84 pointer arithmetic: pointer invalid in supply + (signed long int)0: SUCCESS
[search.pointer_arithmetic.15] line 84 pointer arithmetic: deallocated dynamic object in supply + (signed long int)0: SUCCESS
[search.pointer_arithmetic.16] line 84 pointer arithmetic: dead object in supply + (signed long int)0: SUCCESS
[search.pointer_arithmetic.17] line 84 pointer arithmetic: pointer outside object bounds in supply + (signed long int)0: SUCCESS
[search.pointer_arithmetic.18] line 84 pointer arithmetic: invalid integer address in supply + (signed long int)0: SUCCESS
[search.pointer_dereference.13] line 84 dereference failure: pointer NULL in supply[(signed long int)0]: SUCCESS
[search.pointer_dereference.14] line 84 dereference failure: pointer invalid in supply[(signed long int)0]: SUCCESS
[search.pointer_dereference.15] line 84 dereference failure: deallocated dynamic object in supply[(signed long int)0]: SUCCESS
[search.pointer_dereference.16] line 84 dereference failure: dead object in supply[(signed long int)0]: SUCCESS
[search.pointer_dereference.17] line 84 dereference failure: pointer outside object bounds in supply[(signed long int)0]: SUCCESS
[search.pointer_dereference.18] line 84 dereference failure: invalid integer address in supply[(signed long int)0]: SUCCESS
[search.overflow.22] line 85 arithmetic overflow on signed + in i + 1: SUCCESS
[search.overflow.16] line 86 arithmetic overflow on signed + in i + 1: SUCCESS
[search.overflow.17] line 87 arithmetic overflow on signed - in m - 1: SUCCESS
[search.overflow.18] line 87 arithmetic overflow on signed - in (m - 1) - i: SUCCESS
[search.pointer_arithmetic.19] line 87 pointer arithmetic: pointer NULL in x + (signed long int)((m - 1) - i): SUCCESS
[search.pointer_arithmetic.20] line 87 pointer arithmetic: pointer invalid in x + (signed long int)((m - 1) - i): SUCCESS
[search.pointer_arithmetic.21] line 87 pointer arithmetic: deallocated dynamic object in x + (signed long int)((m - 1) - i): SUCCESS
[search.pointer_arithmetic.22] line 87 pointer arithmetic: dead object in x + (signed long int)((m - 1) - i): SUCCESS
[search.pointer_arithmetic.23] line 87 pointer arithmetic: pointer outside object bounds in x + (signed long int)((m - 1) - i): SUCCESS
[search.pointer_arithmetic.24] line 87 pointer arithmetic: invalid integer address in x + (signed long int)((m - 1) - i): SUCCESS
[search.pointer_dereference.19] line 87 dereference failure: pointer NULL in x[(signed long int)((m - 1) - i)]: SUCCESS
[search.pointer_dereference.20] line 87 dereference failure: pointer invalid in x[(signed long int)((m - 1) - i)]: SUCCESS
[search.pointer_dereference.21] line 87 dereference failure: deallocated dynamic object in x[(signed long int)((m - 1) - i)]: SUCCESS
[search.pointer_dereference.22] line 87 dereference failure: dead object in x[(signed long int)((m - 1) - i)]: SUCCESS
[search.pointer_dereference.23] line 87 dereference failure: pointer outside object bounds in x[(signed long int)((m - 1) - i)]: SUCCESS
[search.pointer_dereference.24] line 87 dereference failure: invalid integer address in x[(signed long int)((m - 1) - i)]: SUCCESS
[search.overflow.19] line 89 arithmetic overflow on signed * in (signed long int)i * (signed long int)4ul: SUCCESS
[search.pointer_arithmetic.25] line 89 pointer arithmetic: pointer NULL in supply + (signed long int)i: SUCCESS
[search.pointer_arithmetic.26] line 89 pointer arithmetic: pointer invalid in supply + (signed long int)i: SUCCESS
[search.pointer_arithmetic.27] line 89 pointer arithmetic: deallocated dynamic object in supply + (signed long int)i: SUCCESS
[search.pointer_arithmetic.28] line 89 pointer arithmetic: dead object in supply + (signed long int)i: SUCCESS
[search.pointer_arithmetic.29] line 89 pointer arithmetic: pointer outside object bounds in supply + (signed long int)i: SUCCESS
[search.pointer_arithmetic.30] line 89 pointer arithmetic: invalid integer address in supply + (signed long int)i: SUCCESS
[search.pointer_dereference.25] line 89 dereference failure: pointer NULL in supply[(signed long int)i]: SUCCESS
[search.pointer_dereference.26] line 89 dereference failure: pointer invalid in supply[(signed long int)i]: SUCCESS
[search.pointer_dereference.27] line 89 dereference failure: deallocated dynamic object in supply[(signed long int)i]: SUCCESS
[search.pointer_dereference.28] line 89 dereference failure: dead object in supply[(signed long int)i]: SUCCESS
[search.pointer_dereference.29] line 89 dereference failure: pointer outside object bounds in supply[(signed long int)i]: SUCCESS
[search.pointer_dereference.30] line 89 dereference failure: invalid integer address in supply[(signed long int)i]: SUCCESS
[search.overflow.20] line 95 arithmetic overflow on signed * in (signed long int)down * (signed long int)4ul: SUCCESS
[search.pointer_arithmetic.31] line 95 pointer arithmetic: pointer NULL in supply + (signed long int)down: SUCCESS
[search.pointer_arithmetic.32] line 95 pointer arithmetic: pointer invalid in supply + (signed long int)down: SUCCESS
[search.pointer_arithmetic.33] line 95 pointer arithmetic: deallocated dynamic object in supply + (signed long int)down: SUCCESS
[search.pointer_arithmetic.34] line 95 pointer arithmetic: dead object in supply + (signed long int)down: SUCCESS
[search.pointer_arithmetic.35] line 95 pointer arithmetic: pointer outside object bounds in supply + (signed long int)down: SUCCESS
[search.pointer_arithmetic.36] line 95 pointer arithmetic: invalid integer address in supply + (signed long int)down: SUCCESS
[search.pointer_dereference.31] line 95 dereference failure: pointer NULL in supply[(signed long int)down]: SUCCESS
[search.pointer_dereference.32] line 95 dereference failure: pointer invalid in supply[(signed long int)down]: SUCCESS
[search.pointer_dereference.33] line 95 dereference failure: deallocated dynamic object in supply[(signed long int)down]: SUCCESS
[search.pointer_dereference.34] line 95 dereference failure: dead object in supply[(signed long int)down]: SUCCESS
[search.pointer_dereference.35] line 95 dereference failure: pointer outside object bounds in supply[(signed long int)down]: SUCCESS
[search.pointer_dereference.36] line 95 dereference failure: invalid integer address in supply[(signed long int)down]: SUCCESS
[search.overflow.21] line 97 arithmetic overflow on signed * in (signed long int)current * (signed long int)4ul: SUCCESS
[search.pointer_arithmetic.37] line 97 pointer arithmetic: pointer NULL in supply + (signed long int)current: SUCCESS
[search.pointer_arithmetic.38] line 97 pointer arithmetic: pointer invalid in supply + (signed long int)current: SUCCESS
[search.pointer_arithmetic.39] line 97 pointer arithmetic: deallocated dynamic object in supply + (signed long int)current: SUCCESS
[search.pointer_arithmetic.40] line 97 pointer arithmetic: dead object in supply + (signed long int)current: SUCCESS
[search.pointer_arithmetic.41] line 97 pointer arithmetic: pointer outside object bounds in supply + (signed long int)current: SUCCESS
[search.pointer_arithmetic.42] line 97 pointer arithmetic: invalid integer address in supply + (signed long int)current: SUCCESS
[search.pointer_dereference.37] line 97 dereference failure: pointer NULL in supply[(signed long int)current]: SUCCESS
[search.pointer_dereference.38] line 97 dereference failure: pointer invalid in supply[(signed long int)current]: SUCCESS
[search.pointer_dereference.39] line 97 dereference failure: deallocated dynamic object in supply[(signed long int)current]: SUCCESS
[search.pointer_dereference.40] line 97 dereference failure: dead object in supply[(signed long int)current]: SUCCESS
[search.pointer_dereference.41] line 97 dereference failure: pointer outside object bounds in supply[(signed long int)current]: SUCCESS
[search.pointer_dereference.42] line 97 dereference failure: invalid integer address in supply[(signed long int)current]: SUCCESS
[search.overflow.23] line 102 arithmetic overflow on signed - in n - m: SUCCESS
[search.overflow.24] line 104 arithmetic overflow on signed - in m - 1: SUCCESS
[search.overflow.25] line 105 arithmetic overflow on signed + in i + j: SUCCESS
[search.pointer_arithmetic.43] line 105 pointer arithmetic: pointer NULL in y + (signed long int)(i + j): SUCCESS
[search.pointer_arithmetic.44] line 105 pointer arithmetic: pointer invalid in y + (signed long int)(i + j): SUCCESS
[search.pointer_arithmetic.45] line 105 pointer arithmetic: deallocated dynamic object in y + (signed long int)(i + j): SUCCESS
[search.pointer_arithmetic.46] line 105 pointer arithmetic: dead object in y + (signed long int)(i + j): SUCCESS
[search.pointer_arithmetic.47] line 105 pointer arithmetic: pointer outside object bounds in y + (signed long int)(i + j): SUCCESS
[search.pointer_arithmetic.48] line 105 pointer arithmetic: invalid integer address in y + (signed long int)(i + j): SUCCESS
[search.pointer_dereference.43] line 105 dereference failure: pointer NULL in y[(signed long int)(i + j)]: SUCCESS
[search.pointer_dereference.44] line 105 dereference failure: pointer invalid in y[(signed long int)(i + j)]: SUCCESS
[search.pointer_dereference.45] line 105 dereference failure: deallocated dynamic object in y[(signed long int)(i + j)]: SUCCESS
[search.pointer_dereference.46] line 105 dereference failure: dead object in y[(signed long int)(i + j)]: SUCCESS
[search.pointer_dereference.47] line 105 dereference failure: pointer outside object bounds in y[(signed long int)(i + j)]: SUCCESS
[search.pointer_dereference.48] line 105 dereference failure: invalid integer address in y[(signed long int)(i + j)]: SUCCESS
[search.overflow.26] line 106 arithmetic overflow on signed - in j - 1: SUCCESS
[search.overflow.27] line 108 arithmetic overflow on signed to unsigned type conversion in (size_t)m: SUCCESS
[search.pointer_arithmetic.49] line 108 pointer arithmetic: pointer NULL in y + (signed long int)i: SUCCESS
[search.pointer_arithmetic.50] line 108 pointer arithmetic: pointer invalid in y + (signed long int)i: SUCCESS
[search.pointer_arithmetic.51] line 108 pointer arithmetic: deallocated dynamic object in y + (signed long int)i: SUCCESS
[search.pointer_arithmetic.52] line 108 pointer arithmetic: dead object in y + (signed long int)i: SUCCESS
[search.pointer_arithmetic.53] line 108 pointer arithmetic: pointer outside object bounds in y + (signed long int)i: SUCCESS
[search.pointer_arithmetic.54] line 108 pointer arithmetic: invalid integer address in y + (signed long int)i: SUCCESS
[search.overflow.28] line 109 arithmetic overflow on signed + in count + 1: SUCCESS
[search.overflow.29] line 112 arithmetic overflow on signed + in i + 1: SUCCESS
[search.overflow.30] line 114 arithmetic overflow on signed + in j + 1: SUCCESS
[search.overflow.31] line 114 arithmetic overflow on signed + in i + j + 1: SUCCESS
[search.precondition_instance.19] line 118 free argument must be NULL or valid pointer: SUCCESS
[search.precondition_instance.20] line 118 free argument must be dynamic object: SUCCESS
[search.precondition_instance.21] line 118 free argument has offset zero: SUCCESS
[search.precondition_instance.22] line 118 double free: SUCCESS
[search.precondition_instance.23] line 118 free called for new[] object: SUCCESS
[search.precondition_instance.24] line 118 free called for stack-allocated object: SUCCESS
[search.precondition_instance.25] line 119 free argument must be NULL or valid pointer: SUCCESS
[search.precondition_instance.26] line 119 free argument must be dynamic object: SUCCESS
[search.precondition_instance.27] line 119 free argument has offset zero: SUCCESS
[search.precondition_instance.28] line 119 double free: SUCCESS
[search.precondition_instance.29] line 119 free called for new[] object: SUCCESS
[search.precondition_instance.30] line 119 free called for stack-allocated object: SUCCESS
[search.precondition_instance.31] line 120 free argument must be NULL or valid pointer: SUCCESS
[search.precondition_instance.32] line 120 free argument must be dynamic object: SUCCESS
[search.precondition_instance.33] line 120 free argument has offset zero: SUCCESS
[search.precondition_instance.34] line 120 double free: SUCCESS
[search.precondition_instance.35] line 120 free called for new[] object: SUCCESS
[search.precondition_instance.36] line 120 free called for stack-allocated object: SUCCESS

source/algos/bsom.c function transition
[transition.overflow.1] line 39 arithmetic overflow on signed * in (signed long int)state * (signed long int)4ul: SUCCESS
[transition.overflow.3] line 39 arithmetic overflow on signed * in (signed long int)edge * (signed long int)12ul: SUCCESS
[transition.pointer_arithmetic.1] line 39 pointer arithmetic: pointer NULL in head + (signed long int)state: SUCCESS
[transition.pointer_arithmetic.2] line 39 pointer arithmetic: pointer invalid in head + (signed long int)state: SUCCESS
[transition.pointer_arithmetic.3] line 39 pointer arithmetic: deallocated dynamic object in head + (signed long int)state: SUCCESS
[transition.pointer_arithmetic.4] line 39 pointer arithmetic: dead object in head + (signed long int)state: SUCCESS
[transition.pointer_arithmetic.5] line 39 pointer arithmetic: pointer outside object bounds in head + (signed long int)state: SUCCESS
[transition.pointer_arithmetic.6] line 39 pointer arithmetic: invalid integer address in head + (signed long int)state: SUCCESS
[transition.pointer_arithmetic.13] line 39 pointer arithmetic: pointer NULL in trans + (signed long int)edge: SUCCESS
[transition.pointer_arithmetic.14] line 39 pointer arithmetic: pointer invalid in trans + (signed long int)edge: SUCCESS
[transition.pointer_arithmetic.15] line 39 pointer arithmetic: deallocated dynamic object in trans + (signed long int)edge: SUCCESS
[transition.pointer_arithmetic.16] line 39 pointer arithmetic: dead object in trans + (signed long int)edge: SUCCESS
[transition.pointer_arithmetic.17] line 39 pointer arithmetic: pointer outside object bounds in trans + (signed long int)edge: SUCCESS
[transition.pointer_arithmetic.18] line 39 pointer arithmetic: invalid integer address in trans + (signed long int)edge: SUCCESS
[transition.pointer_dereference.1] line 39 dereference failure: pointer NULL in head[(signed long int)state]: SUCCESS
[transition.pointer_dereference.2] line 39 dereference failure: pointer invalid in head[(signed long int)state]: SUCCESS
[transition.pointer_dereference.3] line 39 dereference failure: deallocated dynamic object in head[(signed long int)state]: SUCCESS
[transition.pointer_dereference.4] line 39 dereference failure: dead object in head[(signed long int)state]: SUCCESS
[transition.pointer_dereference.5] line 39 dereference failure: pointer outside object bounds in head[(signed long int)state]: SUCCESS
[transition.pointer_dereference.6] line 39 dereference failure: invalid integer address in head[(signed long int)state]: SUCCESS
[transition.pointer_dereference.19] line 39 dereference failure: pointer NULL in (trans + (signed long int)edge)->next: SUCCESS
[transition.pointer_dereference.20] line 39 dereference failure: pointer invalid in (trans + (signed long int)edge)->next: SUCCESS
[transition.pointer_dereference.21] line 39 dereference failure: deallocated dynamic object in (trans + (signed long int)edge)->next: SUCCESS
[transition.pointer_dereference.22] line 39 dereference failure: dead object in (trans + (signed long int)edge)->next: SUCCESS
[transition.pointer_dereference.23] line 39 dereference failure: pointer outside object bounds in (trans + (signed long int)edge)->next: SUCCESS
[transition.pointer_dereference.24] line 39 dereference failure: invalid integer address in (trans + (signed long int)edge)->next: SUCCESS
[transition.overflow.2] line 40 arithmetic overflow on signed * in (signed long int)edge * (signed long int)12ul: SUCCESS
[transition.pointer_arithmetic.7] line 40 pointer arithmetic: pointer NULL in trans + (signed long int)edge: SUCCESS
[transition.pointer_arithmetic.8] line 40 pointer arithmetic: pointer invalid in trans + (signed long int)edge: SUCCESS
[transition.pointer_arithmetic.9] line 40 pointer arithmetic: deallocated dynamic object in trans + (signed long int)edge: SUCCESS
[transition.pointer_arithmetic.10] line 40 pointer arithmetic: dead object in trans + (signed long int)edge: SUCCESS
[transition.pointer_arithmetic.11] line 40 pointer arithmetic: pointer outside object bounds in trans + (signed long int)edge: SUCCESS
[transition.pointer_arithmetic.12] line 40 pointer arithmetic: invalid integer address in trans + (signed long int)edge: SUCCESS
[transition.pointer_dereference.7] line 40 dereference failure: pointer NULL in (trans + (signed long int)edge)->c: SUCCESS
[transition.pointer_dereference.8] line 40 dereference failure: pointer invalid in (trans + (signed long int)edge)->c: SUCCESS
[transition.pointer_dereference.9] line 40 dereference failure: deallocated dynamic object in (trans + (signed long int)edge)->c: SUCCESS
[transition.pointer_dereference.10] line 40 dereference failure: dead object in (trans + (signed long int)edge)->c: SUCCESS
[transition.pointer_dereference.11] line 40 dereference failure: pointer outside object bounds in (trans + (signed long int)edge)->c: SUCCESS
[transition.pointer_dereference.12] line 40 dereference failure: invalid integer address in (trans + (signed long int)edge)->c: SUCCESS
[transition.pointer_dereference.13] line 41 dereference failure: pointer NULL in (trans + (signed long int)edge)->target: SUCCESS
[transition.pointer_dereference.14] line 41 dereference failure: pointer invalid in (trans + (signed long int)edge)->target: SUCCESS
[transition.pointer_dereference.15] line 41 dereference failure: deallocated dynamic object in (trans + (signed long int)edge)->target: SUCCESS
[transition.pointer_dereference.16] line 41 dereference failure: dead object in (trans + (signed long int)edge)->target: SUCCESS
[transition.pointer_dereference.17] line 41 dereference failure: pointer outside object bounds in (trans + (signed long int)edge)->target: SUCCESS
[transition.pointer_dereference.18] line 41 dereference failure: invalid integer address in (trans + (signed long int)edge)->target: SUCCESS

source/algos/include/cbmc.h function bf_search
[bf_search.assertion.1] line 33 assertion m < MAX_M: SUCCESS
[bf_search.assertion.2] line 34 assertion n < MAX_N: SUCCESS
[bf_search.overflow.1] line 36 arithmetic overflow on signed - in n - m: SUCCESS
[bf_search.overflow.4] line 36 arithmetic overflow on signed + in j + 1: SUCCESS
[bf_search.overflow.2] line 39 arithmetic overflow on signed to unsigned type conversion in (size_t)m: SUCCESS
[bf_search.pointer_arithmetic.1] line 39 pointer arithmetic: pointer NULL in y + (signed long int)j: SUCCESS
[bf_search.pointer_arithmetic.2] line 39 pointer arithmetic: pointer invalid in y + (signed long int)j: SUCCESS
[bf_search.pointer_arithmetic.3] line 39 pointer arithmetic: deallocated dynamic object in y + (signed long int)j: SUCCESS
[bf_search.pointer_arithmetic.4] line 39 pointer arithmetic: dead object in y + (signed long int)j: SUCCESS
[bf_search.pointer_arithmetic.5] line 39 pointer arithmetic: pointer outside object bounds in y + (signed long int)j: SUCCESS
[bf_search.pointer_arithmetic.6] line 39 pointer arithmetic: invalid integer address in y + (signed long int)j: SUCCESS
[bf_search.overflow.3] line 40 arithmetic overflow on signed + in count + 1: SUCCESS

source/algos/include/cbmc.h function bf_search_large
[bf_search_large.overflow.1] line 48 arithmetic overflow on signed - in n - m: SUCCESS
[bf_search_large.overflow.4] line 48 arithmetic overflow on signed + in j + 1: SUCCESS
[bf_search_large.overflow.2] line 52 arithmetic overflow on signed to unsigned type conversion in (size_t)m: SUCCESS
[bf_search_large.pointer_arithmetic.1] line 52 pointer arithmetic: pointer NULL in y + (signed long int)j: SUCCESS
[bf_search_large.pointer_arithmetic.2] line 52 pointer arithmetic: pointer invalid in y + (signed long int)j: SUCCESS
[bf_search_large.pointer_arithmetic.3] line 52 pointer arithmetic: deallocated dynamic object in y + (signed long int)j: SUCCESS
[bf_search_large.pointer_arithmetic.4] line 52 pointer arithmetic: dead object in y + (signed long int)j: SUCCESS
[bf_search_large.pointer_arithmetic.5] line 52 pointer arithmetic: pointer outside object bounds in y + (signed long int)j: SUCCESS
[bf_search_large.pointer_arithmetic.6] line 52 pointer arithmetic: invalid integer address in y + (signed long int)j: SUCCESS
[bf_search_large.overflow.3] line 53 arithmetic overflow on signed + in count + 1: SUCCESS

source/algos/include/cbmc.h function main
[main.overflow.1] line 80 arithmetic overflow on signed + in i + 1: SUCCESS
[main.array_bounds.1] line 82 array 'P' lower bound in P[(signed long int)i]: SUCCESS
[main.array_bounds.2] line 82 array 'P' upper bound in P[(signed long int)i]: SUCCESS
[main.array_bounds.3] line 82 array 'P' lower bound in P[(signed long int)i]: SUCCESS
[main.array_bounds.4] line 82 array 'P' upper bound in P[(signed long int)i]: SUCCESS
[main.array_bounds.5] line 82 array 'P' lower bound in P[(signed long int)i]: SUCCESS
[main.array_bounds.6] line 82 array 'P' upper bound in P[(signed long int)i]: SUCCESS
[main.overflow.2] line 83 arithmetic overflow on signed + in i + 1: SUCCESS
[main.array_bounds.7] line 85 array 'T' lower bound in T[(signed long int)i]: SUCCESS
[main.array_bounds.8] line 85 array 'T' upper bound in T[(signed long int)i]: SUCCESS
[main.array_bounds.9] line 85 array 'T' lower bound in T[(signed long int)i]: SUCCESS
[main.array_bounds.10] line 85 array 'T' upper bound in T[(signed long int)i]: SUCCESS
[main.array_bounds.11] line 85 array 'T' lower bound in T[(signed long int)i]: SUCCESS
[main.array_bounds.12] line 85 array 'T' upper bound in T[(signed long int)i]: SUCCESS
[main.assertion.1] line 111 assertion ref == occ: SUCCESS
[main.assertion.2] line 114 assertion ref == occ: SUCCESS
[main.assertion.3] line 117 assertion ref == occ: SUCCESS
[main.assertion.4] line 118 assertion ref == occ: SUCCESS
[main.assertion.5] line 119 assertion ref == occ: SUCCESS
[main.assertion.6] line 120 assertion ref == occ: SUCCESS
[main.assertion.7] line 121 assertion ref == occ: SUCCESS
[main.assertion.8] line 122 assertion ref == occ: SUCCESS
[main.assertion.9] line 123 assertion ref == occ: SUCCESS
[main.assertion.10] line 124 assertion ref == occ: SUCCESS
[main.assertion.11] line 125 assertion ref == occ: SUCCESS
[main.assertion.12] line 126 assertion ref == occ: SUCCESS
[main.assertion.13] line 129 assertion ref == occ: SUCCESS
[main.assertion.14] line 130 assertion ref == occ: SUCCESS
[main.assertion.15] line 133 assertion ref == occ: SUCCESS
[main.assertion.16] line 134 assertion ref == occ: SUCCESS
[main.assertion.17] line 135 assertion ref == occ: SUCCESS
[main.assertion.18] line 136 assertion ref == occ: SUCCESS
[main.assertion.19] line 139 assertion ref == occ: SUCCESS
[main.assertion.20] line 140 assertion ref == occ: SUCCESS
[main.assertion.21] line 141 assertion ref == occ: SUCCESS
[main.assertion.22] line 142 assertion ref == occ: SUCCESS
[main.assertion.23] line 143 assertion ref == occ: SUCCESS
[main.assertion.24] line 144 assertion ref == occ: SUCCESS
[main.assertion.25] line 145 assertion ref == occ: SUCCESS
[main.assertion.26] line 148 assertion ref == occ: SUCCESS
[main.assertion.27] line 149 assertion ref == occ: SUCCESS
[main.assertion.28] line 150 assertion ref == occ: SUCCESS
[main.assertion.29] line 151 assertion ref == occ: SUCCESS
[main.assertion.30] line 152 assertion ref == occ: SUCCESS
[main.assertion.31] line 155 assertion ref == occ: SUCCESS
[main.assertion.32] line 158 assertion ref == occ: SUCCESS
[main.assertion.33] line 159 assertion ref == occ: SUCCESS
[main.assertion.34] line 160 assertion ref == occ: SUCCESS
[main.precondition_instance.1] line 163 strcpy src/dst overlap: SUCCESS
[main.assertion.35] line 165 assertion ref == occ: SUCCESS
[main.assertion.36] line 166 assertion ref == occ: SUCCESS
[main.assertion.37] line 169 assertion ref == occ: SUCCESS
[main.assertion.38] line 170 assertion ref == occ: SUCCESS
[main.assertion.39] line 173 assertion ref == occ: SUCCESS
[main.assertion.40] line 174 assertion ref == occ: SUCCESS
[main.assertion.41] line 177 assertion ref == occ: SUCCESS
[main.assertion.42] line 178 assertion ref == occ: SUCCESS

** 0 of 440 failed (1 iterations)
VERIFICATION SUCCESSFUL
source/algos/hpbm.c
timeout 4m cbmc --verbosity 7 --unwinding-assertions --slice-formula 
timeout 4m cbmc --verbosity 7 --unwinding-assertions --slice-formula --trace -Isource/algos -DCBMC --bounds-check --pointer-check --memory-leak-check --div-by-zero-check --signed-overflow-check --unsigned-overflow-check --pointer-overflow-check --conversion-check --undefined-shift-check --float-overflow-check --nan-check --enum-range-check source/algos/hpbm.c
CBMC version 6.4.1 (cbmc-6.4.1-176-g0827dcaeaa) 64-bit x86_64 linux
Type-checking hpbm
Generating GOTO Program
Adding CPROVER library (x86_64)
Removal of function pointers and virtual functions
Generic Property Instrumentation
Starting Bounded Model Checking

** Results:
function __CPROVER__start
[__CPROVER__start.memory-leak.1] dynamically allocated memory never freed in __CPROVER_memory_leak == NULL: SUCCESS

<builtin-library-memcmp> function memcmp
[memcmp.precondition.1] line 19 memcmp region 1 readable: SUCCESS
[memcmp.precondition.2] line 21 memcpy region 2 readable: SUCCESS
[memcmp.overflow.2] line 25 arithmetic overflow on unsigned - in n - 1ul: SUCCESS
[memcmp.overflow.1] line 27 arithmetic overflow on signed - in (signed int)*tmp_post_sc1 - (signed int)*tmp_post_sc2: SUCCESS
[memcmp.pointer_arithmetic.1] line 27 pointer arithmetic: pointer NULL in sc1 + 1l: SUCCESS
[memcmp.pointer_arithmetic.2] line 27 pointer arithmetic: pointer invalid in sc1 + 1l: SUCCESS
[memcmp.pointer_arithmetic.3] line 27 pointer arithmetic: deallocated dynamic object in sc1 + 1l: SUCCESS
[memcmp.pointer_arithmetic.4] line 27 pointer arithmetic: dead object in sc1 + 1l: SUCCESS
[memcmp.pointer_arithmetic.5] line 27 pointer arithmetic: pointer outside object bounds in sc1 + 1l: SUCCESS
[memcmp.pointer_arithmetic.6] line 27 pointer arithmetic: invalid integer address in sc1 + 1l: SUCCESS
[memcmp.pointer_arithmetic.7] line 27 pointer arithmetic: pointer NULL in sc2 + 1l: SUCCESS
[memcmp.pointer_arithmetic.8] line 27 pointer arithmetic: pointer invalid in sc2 + 1l: SUCCESS
[memcmp.pointer_arithmetic.9] line 27 pointer arithmetic: deallocated dynamic object in sc2 + 1l: SUCCESS
[memcmp.pointer_arithmetic.10] line 27 pointer arithmetic: dead object in sc2 + 1l: SUCCESS
[memcmp.pointer_arithmetic.11] line 27 pointer arithmetic: pointer outside object bounds in sc2 + 1l: SUCCESS
[memcmp.pointer_arithmetic.12] line 27 pointer arithmetic: invalid integer address in sc2 + 1l: SUCCESS
[memcmp.pointer_dereference.1] line 27 dereference failure: pointer NULL in *tmp_post_sc1: SUCCESS
[memcmp.pointer_dereference.2] line 27 dereference failure: pointer invalid in *tmp_post_sc1: SUCCESS
[memcmp.pointer_dereference.3] line 27 dereference failure: deallocated dynamic object in *tmp_post_sc1: SUCCESS
[memcmp.pointer_dereference.4] line 27 dereference failure: dead object in *tmp_post_sc1: SUCCESS
[memcmp.pointer_dereference.5] line 27 dereference failure: pointer outside object bounds in *tmp_post_sc1: SUCCESS
[memcmp.pointer_dereference.6] line 27 dereference failure: invalid integer address in *tmp_post_sc1: SUCCESS
[memcmp.pointer_dereference.7] line 27 dereference failure: pointer NULL in *tmp_post_sc2: SUCCESS
[memcmp.pointer_dereference.8] line 27 dereference failure: pointer invalid in *tmp_post_sc2: SUCCESS
[memcmp.pointer_dereference.9] line 27 dereference failure: deallocated dynamic object in *tmp_post_sc2: SUCCESS
[memcmp.pointer_dereference.10] line 27 dereference failure: dead object in *tmp_post_sc2: SUCCESS
[memcmp.pointer_dereference.11] line 27 dereference failure: pointer outside object bounds in *tmp_post_sc2: SUCCESS
[memcmp.pointer_dereference.12] line 27 dereference failure: invalid integer address in *tmp_post_sc2: SUCCESS

<builtin-library-strcpy> function strcpy
[strcpy.overflow.1] line 29 arithmetic overflow on unsigned to signed type conversion in (signed long int)i: SUCCESS
[strcpy.pointer_arithmetic.1] line 29 pointer arithmetic: pointer NULL in src + (signed long int)i: SUCCESS
[strcpy.pointer_arithmetic.2] line 29 pointer arithmetic: pointer invalid in src + (signed long int)i: SUCCESS
[strcpy.pointer_arithmetic.3] line 29 pointer arithmetic: deallocated dynamic object in src + (signed long int)i: SUCCESS
[strcpy.pointer_arithmetic.4] line 29 pointer arithmetic: dead object in src + (signed long int)i: SUCCESS
[strcpy.pointer_arithmetic.5] line 29 pointer arithmetic: pointer outside object bounds in src + (signed long int)i: SUCCESS
[strcpy.pointer_arithmetic.6] line 29 pointer arithmetic: invalid integer address in src + (signed long int)i: SUCCESS
[strcpy.pointer_dereference.1] line 29 dereference failure: pointer NULL in src[(signed long int)i]: SUCCESS
[strcpy.pointer_dereference.2] line 29 dereference failure: pointer invalid in src[(signed long int)i]: SUCCESS
[strcpy.pointer_dereference.3] line 29 dereference failure: deallocated dynamic object in src[(signed long int)i]: SUCCESS
[strcpy.pointer_dereference.4] line 29 dereference failure: dead object in src[(signed long int)i]: SUCCESS
[strcpy.pointer_dereference.5] line 29 dereference failure: pointer outside object bounds in src[(signed long int)i]: SUCCESS
[strcpy.pointer_dereference.6] line 29 dereference failure: invalid integer address in src[(signed long int)i]: SUCCESS
[strcpy.pointer_arithmetic.7] line 30 pointer arithmetic: pointer NULL in dst + (signed long int)i: SUCCESS
[strcpy.pointer_arithmetic.8] line 30 pointer arithmetic: pointer invalid in dst + (signed long int)i: SUCCESS
[strcpy.pointer_arithmetic.9] line 30 pointer arithmetic: deallocated dynamic object in dst + (signed long int)i: SUCCESS
[strcpy.pointer_arithmetic.10] line 30 pointer arithmetic: dead object in dst + (signed long int)i: SUCCESS
[strcpy.pointer_arithmetic.11] line 30 pointer arithmetic: pointer outside object bounds in dst + (signed long int)i: SUCCESS
[strcpy.pointer_arithmetic.12] line 30 pointer arithmetic: invalid integer address in dst + (signed long int)i: SUCCESS
[strcpy.pointer_dereference.7] line 30 dereference failure: pointer NULL in dst[(signed long int)i]: SUCCESS
[strcpy.pointer_dereference.8] line 30 dereference failure: pointer invalid in dst[(signed long int)i]: SUCCESS
[strcpy.pointer_dereference.9] line 30 dereference failure: deallocated dynamic object in dst[(signed long int)i]: SUCCESS
[strcpy.pointer_dereference.10] line 30 dereference failure: dead object in dst[(signed long int)i]: SUCCESS
[strcpy.pointer_dereference.11] line 30 dereference failure: pointer outside object bounds in dst[(signed long int)i]: SUCCESS
[strcpy.pointer_dereference.12] line 30 dereference failure: invalid integer address in dst[(signed long int)i]: SUCCESS
[strcpy.overflow.2] line 31 arithmetic overflow on unsigned + in i + 1ul: SUCCESS

source/algos/hpbm.c function preBmBc
[preBmBc.overflow.2] line 31 arithmetic overflow on signed + in i + 1: SUCCESS
[preBmBc.overflow.1] line 32 arithmetic overflow on signed * in (signed long int)i * (signed long int)4ul: SUCCESS
[preBmBc.pointer_arithmetic.1] line 32 pointer arithmetic: pointer NULL in bmBc + (signed long int)i: SUCCESS
[preBmBc.pointer_arithmetic.2] line 32 pointer arithmetic: pointer invalid in bmBc + (signed long int)i: SUCCESS
[preBmBc.pointer_arithmetic.3] line 32 pointer arithmetic: deallocated dynamic object in bmBc + (signed long int)i: SUCCESS
[preBmBc.pointer_arithmetic.4] line 32 pointer arithmetic: dead object in bmBc + (signed long int)i: SUCCESS
[preBmBc.pointer_arithmetic.5] line 32 pointer arithmetic: pointer outside object bounds in bmBc + (signed long int)i: SUCCESS
[preBmBc.pointer_arithmetic.6] line 32 pointer arithmetic: invalid integer address in bmBc + (signed long int)i: SUCCESS
[preBmBc.pointer_dereference.1] line 32 dereference failure: pointer NULL in bmBc[(signed long int)i]: SUCCESS
[preBmBc.pointer_dereference.2] line 32 dereference failure: pointer invalid in bmBc[(signed long int)i]: SUCCESS
[preBmBc.pointer_dereference.3] line 32 dereference failure: deallocated dynamic object in bmBc[(signed long int)i]: SUCCESS
[preBmBc.pointer_dereference.4] line 32 dereference failure: dead object in bmBc[(signed long int)i]: SUCCESS
[preBmBc.pointer_dereference.5] line 32 dereference failure: pointer outside object bounds in bmBc[(signed long int)i]: SUCCESS
[preBmBc.pointer_dereference.6] line 32 dereference failure: invalid integer address in bmBc[(signed long int)i]: SUCCESS
[preBmBc.overflow.3] line 33 arithmetic overflow on signed - in m - 1: SUCCESS
[preBmBc.overflow.7] line 33 arithmetic overflow on signed + in i + 1: SUCCESS
[preBmBc.overflow.4] line 34 arithmetic overflow on signed * in (signed long int)x[(signed long int)i] * (signed long int)4ul: SUCCESS
[preBmBc.overflow.5] line 34 arithmetic overflow on signed - in m - i: SUCCESS
[preBmBc.overflow.6] line 34 arithmetic overflow on signed - in (m - i) - 1: SUCCESS
[preBmBc.pointer_arithmetic.7] line 34 pointer arithmetic: pointer NULL in x + (signed long int)i: SUCCESS
[preBmBc.pointer_arithmetic.8] line 34 pointer arithmetic: pointer invalid in x + (signed long int)i: SUCCESS
[preBmBc.pointer_arithmetic.9] line 34 pointer arithmetic: deallocated dynamic object in x + (signed long int)i: SUCCESS
[preBmBc.pointer_arithmetic.10] line 34 pointer arithmetic: dead object in x + (signed long int)i: SUCCESS
[preBmBc.pointer_arithmetic.11] line 34 pointer arithmetic: pointer outside object bounds in x + (signed long int)i: SUCCESS
[preBmBc.pointer_arithmetic.12] line 34 pointer arithmetic: invalid integer address in x + (signed long int)i: SUCCESS
[preBmBc.pointer_arithmetic.13] line 34 pointer arithmetic: pointer NULL in bmBc + (signed long int)x[(signed long int)i]: SUCCESS
[preBmBc.pointer_arithmetic.14] line 34 pointer arithmetic: pointer invalid in bmBc + (signed long int)x[(signed long int)i]: SUCCESS
[preBmBc.pointer_arithmetic.15] line 34 pointer arithmetic: deallocated dynamic object in bmBc + (signed long int)x[(signed long int)i]: SUCCESS
[preBmBc.pointer_arithmetic.16] line 34 pointer arithmetic: dead object in bmBc + (signed long int)x[(signed long int)i]: SUCCESS
[preBmBc.pointer_arithmetic.17] line 34 pointer arithmetic: pointer outside object bounds in bmBc + (signed long int)x[(signed long int)i]: SUCCESS
[preBmBc.pointer_arithmetic.18] line 34 pointer arithmetic: invalid integer address in bmBc + (signed long int)x[(signed long int)i]: SUCCESS
[preBmBc.pointer_dereference.7] line 34 dereference failure: pointer NULL in x[(signed long int)i]: SUCCESS
[preBmBc.pointer_dereference.8] line 34 dereference failure: pointer invalid in x[(signed long int)i]: SUCCESS
[preBmBc.pointer_dereference.9] line 34 dereference failure: deallocated dynamic object in x[(signed long int)i]: SUCCESS
[preBmBc.pointer_dereference.10] line 34 dereference failure: dead object in x[(signed long int)i]: SUCCESS
[preBmBc.pointer_dereference.11] line 34 dereference failure: pointer outside object bounds in x[(signed long int)i]: SUCCESS
[preBmBc.pointer_dereference.12] line 34 dereference failure: invalid integer address in x[(signed long int)i]: SUCCESS
[preBmBc.pointer_dereference.13] line 34 dereference failure: pointer NULL in bmBc[(signed long int)x[(signed long int)i]]: SUCCESS
[preBmBc.pointer_dereference.14] line 34 dereference failure: pointer invalid in bmBc[(signed long int)x[(signed long int)i]]: SUCCESS
[preBmBc.pointer_dereference.15] line 34 dereference failure: deallocated dynamic object in bmBc[(signed long int)x[(signed long int)i]]: SUCCESS
[preBmBc.pointer_dereference.16] line 34 dereference failure: dead object in bmBc[(signed long int)x[(signed long int)i]]: SUCCESS
[preBmBc.pointer_dereference.17] line 34 dereference failure: pointer outside object bounds in bmBc[(signed long int)x[(signed long int)i]]: SUCCESS
[preBmBc.pointer_dereference.18] line 34 dereference failure: invalid integer address in bmBc[(signed long int)x[(signed long int)i]]: SUCCESS

source/algos/hpbm.c function preBmGs
[preBmGs.overflow.2] line 60 arithmetic overflow on signed + in i + 1: SUCCESS
[preBmGs.overflow.1] line 61 arithmetic overflow on signed * in (signed long int)i * (signed long int)4ul: SUCCESS
[preBmGs.pointer_arithmetic.1] line 61 pointer arithmetic: pointer NULL in bmGs + (signed long int)i: SUCCESS
[preBmGs.pointer_arithmetic.2] line 61 pointer arithmetic: pointer invalid in bmGs + (signed long int)i: SUCCESS
[preBmGs.pointer_arithmetic.3] line 61 pointer arithmetic: deallocated dynamic object in bmGs + (signed long int)i: SUCCESS
[preBmGs.pointer_arithmetic.4] line 61 pointer arithmetic: dead object in bmGs + (signed long int)i: SUCCESS
[preBmGs.pointer_arithmetic.5] line 61 pointer arithmetic: pointer outside object bounds in bmGs + (signed long int)i: SUCCESS
[preBmGs.pointer_arithmetic.6] line 61 pointer arithmetic: invalid integer address in bmGs + (signed long int)i: SUCCESS
[preBmGs.pointer_dereference.1] line 61 dereference failure: pointer NULL in bmGs[(signed long int)i]: SUCCESS
[preBmGs.pointer_dereference.2] line 61 dereference failure: pointer invalid in bmGs[(signed long int)i]: SUCCESS
[preBmGs.pointer_dereference.3] line 61 dereference failure: deallocated dynamic object in bmGs[(signed long int)i]: SUCCESS
[preBmGs.pointer_dereference.4] line 61 dereference failure: dead object in bmGs[(signed long int)i]: SUCCESS
[preBmGs.pointer_dereference.5] line 61 dereference failure: pointer outside object bounds in bmGs[(signed long int)i]: SUCCESS
[preBmGs.pointer_dereference.6] line 61 dereference failure: invalid integer address in bmGs[(signed long int)i]: SUCCESS
[preBmGs.overflow.3] line 63 arithmetic overflow on signed - in m - 1: SUCCESS
[preBmGs.overflow.9] line 63 arithmetic overflow on signed - in i - 1: SUCCESS
[preBmGs.array_bounds.1] line 64 array 'suff' lower bound in suff[(signed long int)i]: SUCCESS
[preBmGs.array_bounds.2] line 64 array 'suff' upper bound in suff[(signed long int)i]: SUCCESS
[preBmGs.overflow.4] line 64 arithmetic overflow on signed + in i + 1: SUCCESS
[preBmGs.overflow.5] line 65 arithmetic overflow on signed - in m - 1: SUCCESS
[preBmGs.overflow.6] line 65 arithmetic overflow on signed - in (m - 1) - i: SUCCESS
[preBmGs.overflow.8] line 65 arithmetic overflow on signed + in j + 1: SUCCESS
[preBmGs.overflow.7] line 66 arithmetic overflow on signed * in (signed long int)j * (signed long int)4ul: SUCCESS
[preBmGs.pointer_arithmetic.7] line 66 pointer arithmetic: pointer NULL in bmGs + (signed long int)j: SUCCESS
[preBmGs.pointer_arithmetic.8] line 66 pointer arithmetic: pointer invalid in bmGs + (signed long int)j: SUCCESS
[preBmGs.pointer_arithmetic.9] line 66 pointer arithmetic: deallocated dynamic object in bmGs + (signed long int)j: SUCCESS
[preBmGs.pointer_arithmetic.10] line 66 pointer arithmetic: dead object in bmGs + (signed long int)j: SUCCESS
[preBmGs.pointer_arithmetic.11] line 66 pointer arithmetic: pointer outside object bounds in bmGs + (signed long int)j: SUCCESS
[preBmGs.pointer_arithmetic.12] line 66 pointer arithmetic: invalid integer address in bmGs + (signed long int)j: SUCCESS
[preBmGs.pointer_dereference.7] line 66 dereference failure: pointer NULL in bmGs[(signed long int)j]: SUCCESS
[preBmGs.pointer_dereference.8] line 66 dereference failure: pointer invalid in bmGs[(signed long int)j]: SUCCESS
[preBmGs.pointer_dereference.9] line 66 dereference failure: deallocated dynamic object in bmGs[(signed long int)j]: SUCCESS
[preBmGs.pointer_dereference.10] line 66 dereference failure: dead object in bmGs[(signed long int)j]: SUCCESS
[preBmGs.pointer_dereference.11] line 66 dereference failure: pointer outside object bounds in bmGs[(signed long int)j]: SUCCESS
[preBmGs.pointer_dereference.12] line 66 dereference failure: invalid integer address in bmGs[(signed long int)j]: SUCCESS
[preBmGs.overflow.10] line 71 arithmetic overflow on signed - in m - 2: SUCCESS
[preBmGs.overflow.15] line 71 arithmetic overflow on signed + in i + 1: SUCCESS
[preBmGs.array_bounds.3] line 72 array 'suff' lower bound in suff[(signed long int)i]: SUCCESS
[preBmGs.array_bounds.4] line 72 array 'suff' upper bound in suff[(signed long int)i]: SUCCESS
[preBmGs.overflow.11] line 72 arithmetic overflow on signed - in m - 1: SUCCESS
[preBmGs.overflow.12] line 72 arithmetic overflow on signed - in (m - 1) - suff[(signed long int)i]: SUCCESS
[preBmGs.overflow.13] line 72 arithmetic overflow on signed * in (signed long int)((m - 1) - suff[(signed long int)i]) * (signed long int)4ul: SUCCESS
[preBmGs.overflow.14] line 72 arithmetic overflow on signed - in (m - 1) - i: SUCCESS
[preBmGs.pointer_arithmetic.13] line 72 pointer arithmetic: pointer NULL in bmGs + (signed long int)((m - 1) - suff[(signed long int)i]): SUCCESS
[preBmGs.pointer_arithmetic.14] line 72 pointer arithmetic: pointer invalid in bmGs + (signed long int)((m - 1) - suff[(signed long int)i]): SUCCESS
[preBmGs.pointer_arithmetic.15] line 72 pointer arithmetic: deallocated dynamic object in bmGs + (signed long int)((m - 1) - suff[(signed long int)i]): SUCCESS
[preBmGs.pointer_arithmetic.16] line 72 pointer arithmetic: dead object in bmGs + (signed long int)((m - 1) - suff[(signed long int)i]): SUCCESS
[preBmGs.pointer_arithmetic.17] line 72 pointer arithmetic: pointer outside object bounds in bmGs + (signed long int)((m - 1) - suff[(signed long int)i]): SUCCESS
[preBmGs.pointer_arithmetic.18] line 72 pointer arithmetic: invalid integer address in bmGs + (signed long int)((m - 1) - suff[(signed long int)i]): SUCCESS
[preBmGs.pointer_dereference.13] line 72 dereference failure: pointer NULL in bmGs[(signed long int)((m - 1) - suff[(signed long int)i])]: SUCCESS
[preBmGs.pointer_dereference.14] line 72 dereference failure: pointer invalid in bmGs[(signed long int)((m - 1) - suff[(signed long int)i])]: SUCCESS
[preBmGs.pointer_dereference.15] line 72 dereference failure: deallocated dynamic object in bmGs[(signed long int)((m - 1) - suff[(signed long int)i])]: SUCCESS
[preBmGs.pointer_dereference.16] line 72 dereference failure: dead object in bmGs[(signed long int)((m - 1) - suff[(signed long int)i])]: SUCCESS
[preBmGs.pointer_dereference.17] line 72 dereference failure: pointer outside object bounds in bmGs[(signed long int)((m - 1) - suff[(signed long int)i])]: SUCCESS
[preBmGs.pointer_dereference.18] line 72 dereference failure: invalid integer address in bmGs[(signed long int)((m - 1) - suff[(signed long int)i])]: SUCCESS

source/algos/hpbm.c function search
[search.overflow.1] line 86 arithmetic overflow on signed - in n - m: SUCCESS
[search.overflow.2] line 87 arithmetic overflow on signed + in limit / (1 << 16) + 1: SUCCESS
[search.overflow.18] line 91 arithmetic overflow on signed + in chunk + 1: SUCCESS
[search.overflow.3] line 92 arithmetic overflow on signed * in (signed long int)chunk * (signed long int)(1 << 16): SUCCESS
[search.overflow.4] line 94 arithmetic overflow on signed + in j + (signed long int)(1 << 16): SUCCESS
[search.overflow.5] line 94 arithmetic overflow on signed + in (signed long int)limit + (signed long int)1: SUCCESS
[search.overflow.6] line 94 arithmetic overflow on signed + in j + (signed long int)(1 << 16): SUCCESS
[search.overflow.7] line 94 arithmetic overflow on signed + in (signed long int)limit + (signed long int)1: SUCCESS
[search.overflow.8] line 98 arithmetic overflow on signed - in m - 1: SUCCESS
[search.overflow.9] line 98 arithmetic overflow on signed + in j + (signed long int)i: SUCCESS
[search.overflow.10] line 98 arithmetic overflow on signed - in i - 1: SUCCESS
[search.pointer_arithmetic.1] line 98 pointer arithmetic: pointer NULL in x + (signed long int)i: SUCCESS
[search.pointer_arithmetic.2] line 98 pointer arithmetic: pointer invalid in x + (signed long int)i: SUCCESS
[search.pointer_arithmetic.3] line 98 pointer arithmetic: deallocated dynamic object in x + (signed long int)i: SUCCESS
[search.pointer_arithmetic.4] line 98 pointer arithmetic: dead object in x + (signed long int)i: SUCCESS
[search.pointer_arithmetic.5] line 98 pointer arithmetic: pointer outside object bounds in x + (signed long int)i: SUCCESS
[search.pointer_arithmetic.6] line 98 pointer arithmetic: invalid integer address in x + (signed long int)i: SUCCESS
[search.pointer_arithmetic.7] line 98 pointer arithmetic: pointer NULL in y + j + (signed long int)i: SUCCESS
[search.pointer_arithmetic.8] line 98 pointer arithmetic: pointer invalid in y + j + (signed long int)i: SUCCESS
[search.pointer_arithmetic.9] line 98 pointer arithmetic: deallocated dynamic object in y + j + (signed long int)i: SUCCESS
[search.pointer_arithmetic.10] line 98 pointer arithmetic: dead object in y + j + (signed long int)i: SUCCESS
[search.pointer_arithmetic.11] line 98 pointer arithmetic: pointer outside object bounds in y + j + (signed long int)i: SUCCESS
[search.pointer_arithmetic.12] line 98 pointer arithmetic: invalid integer address in y + j + (signed long int)i: SUCCESS
[search.pointer_dereference.1] line 98 dereference failure: pointer NULL in x[(signed long int)i]: SUCCESS
[search.pointer_dereference.2] line 98 dereference failure: pointer invalid in x[(signed long int)i]: SUCCESS
[search.pointer_dereference.3] line 98 dereference failure: deallocated dynamic object in x[(signed long int)i]: SUCCESS
[search.pointer_dereference.4] line 98 dereference failure: dead object in x[(signed long int)i]: SUCCESS
[search.pointer_dereference.5] line 98 dereference failure: pointer outside object bounds in x[(signed long int)i]: SUCCESS
[search.pointer_dereference.6] line 98 dereference failure: invalid integer address in x[(signed long int)i]: SUCCESS
[search.pointer_dereference.7] line 98 dereference failure: pointer NULL in y[j + (signed long int)i]: SUCCESS
[search.pointer_dereference.8] line 98 dereference failure: pointer invalid in y[j + (signed long int)i]: SUCCESS
[search.pointer_dereference.9] line 98 dereference failure: deallocated dynamic object in y[j + (signed long int)i]: SUCCESS
[search.pointer_dereference.10] line 98 dereference failure: dead object in y[j + (signed long int)i]: SUCCESS
[search.pointer_dereference.11] line 98 dereference failure: pointer outside object bounds in y[j + (signed long int)i]: SUCCESS
[search.pointer_dereference.12] line 98 dereference failure: invalid integer address in y[j + (signed long int)i]: SUCCESS
[search.overflow.11] line 101 arithmetic overflow on signed + in count + 1: SUCCESS
[search.overflow.12] line 102 arithmetic overflow on signed + in j + (signed long int)bmGs[(signed long int)0]: SUCCESS
[search.array_bounds.1] line 104 array 'bmBc' upper bound in bmBc[(signed long int)y[j + (signed long int)i]]: SUCCESS
[search.overflow.13] line 104 arithmetic overflow on signed + in j + (signed long int)i: SUCCESS
[search.overflow.14] line 104 arithmetic overflow on signed - in bmBc[(signed long int)y[j + (signed long int)i]] - m: SUCCESS
[search.overflow.15] line 104 arithmetic overflow on signed + in (bmBc[(signed long int)y[j + (signed long int)i]] - m) + 1: SUCCESS
[search.overflow.16] line 104 arithmetic overflow on signed + in (bmBc[(signed long int)y[j + (signed long int)i]] - m) + 1 + i: SUCCESS
[search.pointer_arithmetic.13] line 104 pointer arithmetic: pointer NULL in y + j + (signed long int)i: SUCCESS
[search.pointer_arithmetic.14] line 104 pointer arithmetic: pointer invalid in y + j + (signed long int)i: SUCCESS
[search.pointer_arithmetic.15] line 104 pointer arithmetic: deallocated dynamic object in y + j + (signed long int)i: SUCCESS
[search.pointer_arithmetic.16] line 104 pointer arithmetic: dead object in y + j + (signed long int)i: SUCCESS
[search.pointer_arithmetic.17] line 104 pointer arithmetic: pointer outside object bounds in y + j + (signed long int)i: SUCCESS
[search.pointer_arithmetic.18] line 104 pointer arithmetic: invalid integer address in y + j + (signed long int)i: SUCCESS
[search.pointer_dereference.13] line 104 dereference failure: pointer NULL in y[j + (signed long int)i]: SUCCESS
[search.pointer_dereference.14] line 104 dereference failure: pointer invalid in y[j + (signed long int)i]: SUCCESS
[search.pointer_dereference.15] line 104 dereference failure: deallocated dynamic object in y[j + (signed long int)i]: SUCCESS
[search.pointer_dereference.16] line 104 dereference failure: dead object in y[j + (signed long int)i]: SUCCESS
[search.pointer_dereference.17] line 104 dereference failure: pointer outside object bounds in y[j + (signed long int)i]: SUCCESS
[search.pointer_dereference.18] line 104 dereference failure: invalid integer address in y[j + (signed long int)i]: SUCCESS
[search.array_bounds.2] line 105 array 'bmGs' lower bound in bmGs[(signed long int)i]: SUCCESS
[search.array_bounds.3] line 105 array 'bmGs' upper bound in bmGs[(signed long int)i]: SUCCESS
[search.array_bounds.4] line 105 array 'bmGs' lower bound in bmGs[(signed long int)i]: SUCCESS
[search.array_bounds.5] line 105 array 'bmGs' upper bound in bmGs[(signed long int)i]: SUCCESS
[search.overflow.17] line 105 arithmetic overflow on signed + in j + (signed long int)(bmGs[(signed long int)i] > badCharacterShift ? bmGs[(signed long int)i] : badCharacterShift): SUCCESS

source/algos/hpbm.c function suffixes
[suffixes.overflow.1] line 40 arithmetic overflow on signed - in m - 1: SUCCESS
[suffixes.overflow.2] line 40 arithmetic overflow on signed * in (signed long int)(m - 1) * (signed long int)4ul: SUCCESS
[suffixes.pointer_arithmetic.1] line 40 pointer arithmetic: pointer NULL in suff + (signed long int)(m - 1): SUCCESS
[suffixes.pointer_arithmetic.2] line 40 pointer arithmetic: pointer invalid in suff + (signed long int)(m - 1): SUCCESS
[suffixes.pointer_arithmetic.3] line 40 pointer arithmetic: deallocated dynamic object in suff + (signed long int)(m - 1): SUCCESS
[suffixes.pointer_arithmetic.4] line 40 pointer arithmetic: dead object in suff + (signed long int)(m - 1): SUCCESS
[suffixes.pointer_arithmetic.5] line 40 pointer arithmetic: pointer outside object bounds in suff + (signed long int)(m - 1): SUCCESS
[suffixes.pointer_arithmetic.6] line 40 pointer arithmetic: invalid integer address in suff + (signed long int)(m - 1): SUCCESS
[suffixes.pointer_dereference.1] line 40 dereference failure: pointer NULL in suff[(signed long int)(m - 1)]: SUCCESS
[suffixes.pointer_dereference.2] line 40 dereference failure: pointer invalid in suff[(signed long int)(m - 1)]: SUCCESS
[suffixes.pointer_dereference.3] line 40 dereference failure: deallocated dynamic object in suff[(signed long int)(m - 1)]: SUCCESS
[suffixes.pointer_dereference.4] line 40 dereference failure: dead object in suff[(signed long int)(m - 1)]: SUCCESS
[suffixes.pointer_dereference.5] line 40 dereference failure: pointer outside object bounds in suff[(signed long int)(m - 1)]: SUCCESS
[suffixes.pointer_dereference.6] line 40 dereference failure: invalid integer address in suff[(signed long int)(m - 1)]: SUCCESS
[suffixes.overflow.3] line 41 arithmetic overflow on signed - in m - 1: SUCCESS
[suffixes.overflow.4] line 42 arithmetic overflow on signed - in m - 2: SUCCESS
[suffixes.overflow.21] line 42 arithmetic overflow on signed - in i - 1: SUCCESS
[suffixes.overflow.5] line 43 arithmetic overflow on signed + in i + m: SUCCESS
[suffixes.overflow.6] line 43 arithmetic overflow on signed - in (i + m) - 1: SUCCESS
[suffixes.overflow.7] line 43 arithmetic overflow on signed - in ((i + m) - 1) - f: SUCCESS
[suffixes.overflow.8] line 43 arithmetic overflow on signed * in (signed long int)(((i + m) - 1) - f) * (signed long int)4ul: SUCCESS
[suffixes.overflow.9] line 43 arithmetic overflow on signed - in i - g: SUCCESS
[suffixes.pointer_arithmetic.7] line 43 pointer arithmetic: pointer NULL in suff + (signed long int)(((i + m) - 1) - f): SUCCESS
[suffixes.pointer_arithmetic.8] line 43 pointer arithmetic: pointer invalid in suff + (signed long int)(((i + m) - 1) - f): SUCCESS
[suffixes.pointer_arithmetic.9] line 43 pointer arithmetic: deallocated dynamic object in suff + (signed long int)(((i + m) - 1) - f): SUCCESS
[suffixes.pointer_arithmetic.10] line 43 pointer arithmetic: dead object in suff + (signed long int)(((i + m) - 1) - f): SUCCESS
[suffixes.pointer_arithmetic.11] line 43 pointer arithmetic: pointer outside object bounds in suff + (signed long int)(((i + m) - 1) - f): SUCCESS
[suffixes.pointer_arithmetic.12] line 43 pointer arithmetic: invalid integer address in suff + (signed long int)(((i + m) - 1) - f): SUCCESS
[suffixes.pointer_dereference.7] line 43 dereference failure: pointer NULL in suff[(signed long int)(((i + m) - 1) - f)]: SUCCESS
[suffixes.pointer_dereference.8] line 43 dereference failure: pointer invalid in suff[(signed long int)(((i + m) - 1) - f)]: SUCCESS
[suffixes.pointer_dereference.9] line 43 dereference failure: deallocated dynamic object in suff[(signed long int)(((i + m) - 1) - f)]: SUCCESS
[suffixes.pointer_dereference.10] line 43 dereference failure: dead object in suff[(signed long int)(((i + m) - 1) - f)]: SUCCESS
[suffixes.pointer_dereference.11] line 43 dereference failure: pointer outside object bounds in suff[(signed long int)(((i + m) - 1) - f)]: SUCCESS
[suffixes.pointer_dereference.12] line 43 dereference failure: invalid integer address in suff[(signed long int)(((i + m) - 1) - f)]: SUCCESS
[suffixes.overflow.10] line 44 arithmetic overflow on signed * in (signed long int)i * (signed long int)4ul: SUCCESS
[suffixes.overflow.11] line 44 arithmetic overflow on signed + in i + m: SUCCESS
[suffixes.overflow.12] line 44 arithmetic overflow on signed - in (i + m) - 1: SUCCESS
[suffixes.overflow.13] line 44 arithmetic overflow on signed - in ((i + m) - 1) - f: SUCCESS
[suffixes.overflow.14] line 44 arithmetic overflow on signed * in (signed long int)(((i + m) - 1) - f) * (signed long int)4ul: SUCCESS
[suffixes.pointer_arithmetic.13] line 44 pointer arithmetic: pointer NULL in suff + (signed long int)i: SUCCESS
[suffixes.pointer_arithmetic.14] line 44 pointer arithmetic: pointer invalid in suff + (signed long int)i: SUCCESS
[suffixes.pointer_arithmetic.15] line 44 pointer arithmetic: deallocated dynamic object in suff + (signed long int)i: SUCCESS
[suffixes.pointer_arithmetic.16] line 44 pointer arithmetic: dead object in suff + (signed long int)i: SUCCESS
[suffixes.pointer_arithmetic.17] line 44 pointer arithmetic: pointer outside object bounds in suff + (signed long int)i: SUCCESS
[suffixes.pointer_arithmetic.18] line 44 pointer arithmetic: invalid integer address in suff + (signed long int)i: SUCCESS
[suffixes.pointer_arithmetic.19] line 44 pointer arithmetic: pointer NULL in suff + (signed long int)(((i + m) - 1) - f): SUCCESS
[suffixes.pointer_arithmetic.20] line 44 pointer arithmetic: pointer invalid in suff + (signed long int)(((i + m) - 1) - f): SUCCESS
[suffixes.pointer_arithmetic.21] line 44 pointer arithmetic: deallocated dynamic object in suff + (signed long int)(((i + m) - 1) - f): SUCCESS
[suffixes.pointer_arithmetic.22] line 44 pointer arithmetic: dead object in suff + (signed long int)(((i + m) - 1) - f): SUCCESS
[suffixes.pointer_arithmetic.23] line 44 pointer arithmetic: pointer outside object bounds in suff + (signed long int)(((i + m) - 1) - f): SUCCESS
[suffixes.pointer_arithmetic.24] line 44 pointer arithmetic: invalid integer address in suff + (signed long int)(((i + m) - 1) - f): SUCCESS
[suffixes.pointer_dereference.13] line 44 dereference failure: pointer NULL in suff[(signed long int)i]: SUCCESS
[suffixes.pointer_dereference.14] line 44 dereference failure: pointer invalid in suff[(signed long int)i]: SUCCESS
[suffixes.pointer_dereference.15] line 44 dereference failure: deallocated dynamic object in suff[(signed long int)i]: SUCCESS
[suffixes.pointer_dereference.16] line 44 dereference failure: dead object in suff[(signed long int)i]: SUCCESS
[suffixes.pointer_dereference.17] line 44 dereference failure: pointer outside object bounds in suff[(signed long int)i]: SUCCESS
[suffixes.pointer_dereference.18] line 44 dereference failure: invalid integer address in suff[(signed long int)i]: SUCCESS
[suffixes.pointer_dereference.19] line 44 dereference failure: pointer NULL in suff[(signed long int)(((i + m) - 1) - f)]: SUCCESS
[suffixes.pointer_dereference.20] line 44 dereference failure: pointer invalid in suff[(signed long int)(((i + m) - 1) - f)]: SUCCESS
[suffixes.pointer_dereference.21] line 44 dereference failure: deallocated dynamic object in suff[(signed long int)(((i + m) - 1) - f)]: SUCCESS
[suffixes.pointer_dereference.22] line 44 dereference failure: dead object in suff[(signed long int)(((i + m) - 1) - f)]: SUCCESS
[suffixes.pointer_dereference.23] line 44 dereference failure: pointer outside object bounds in suff[(signed long int)(((i + m) - 1) - f)]: SUCCESS
[suffixes.pointer_dereference.24] line 44 dereference failure: invalid integer address in suff[(signed long int)(((i + m) - 1) - f)]: SUCCESS
[suffixes.overflow.15] line 49 arithmetic overflow on signed + in g + m: SUCCESS
[suffixes.overflow.16] line 49 arithmetic overflow on signed - in (g + m) - 1: SUCCESS
[suffixes.overflow.17] line 49 arithmetic overflow on signed - in ((g + m) - 1) - f: SUCCESS
[suffixes.pointer_arithmetic.25] line 49 pointer arithmetic: pointer NULL in x + (signed long int)g: SUCCESS
[suffixes.pointer_arithmetic.26] line 49 pointer arithmetic: pointer invalid in x + (signed long int)g: SUCCESS
[suffixes.pointer_arithmetic.27] line 49 pointer arithmetic: deallocated dynamic object in x + (signed long int)g: SUCCESS
[suffixes.pointer_arithmetic.28] line 49 pointer arithmetic: dead object in x + (signed long int)g: SUCCESS
[suffixes.pointer_arithmetic.29] line 49 pointer arithmetic: pointer outside object bounds in x + (signed long int)g: SUCCESS
[suffixes.pointer_arithmetic.30] line 49 pointer arithmetic: invalid integer address in x + (signed long int)g: SUCCESS
[suffixes.pointer_arithmetic.31] line 49 pointer arithmetic: pointer NULL in x + (signed long int)(((g + m) - 1) - f): SUCCESS
[suffixes.pointer_arithmetic.32] line 49 pointer arithmetic: pointer invalid in x + (signed long int)(((g + m) - 1) - f): SUCCESS
[suffixes.pointer_arithmetic.33] line 49 pointer arithmetic: deallocated dynamic object in x + (signed long int)(((g + m) - 1) - f): SUCCESS
[suffixes.pointer_arithmetic.34] line 49 pointer arithmetic: dead object in x + (signed long int)(((g + m) - 1) - f): SUCCESS
[suffixes.pointer_arithmetic.35] line 49 pointer arithmetic: pointer outside object bounds in x + (signed long int)(((g + m) - 1) - f): SUCCESS
[suffixes.pointer_arithmetic.36] line 49 pointer arithmetic: invalid integer address in x + (signed long int)(((g + m) - 1) - f): SUCCESS
[suffixes.pointer_dereference.25] line 49 dereference failure: pointer NULL in x[(signed long int)g]: SUCCESS
[suffixes.pointer_dereference.26] line 49 dereference failure: pointer invalid in x[(signed long int)g]: SUCCESS
[suffixes.pointer_dereference.27] line 49 dereference failure: deallocated dynamic object in x[(signed long int)g]: SUCCESS
[suffixes.pointer_dereference.28] line 49 dereference failure: dead object in x[(signed long int)g]: SUCCESS
[suffixes.pointer_dereference.29] line 49 dereference failure: pointer outside object bounds in x[(signed long int)g]: SUCCESS
[suffixes.pointer_dereference.30] line 49 dereference failure: invalid integer address in x[(signed long int)g]: SUCCESS
[suffixes.pointer_dereference.31] line 49 dereference failure: pointer NULL in x[(signed long int)(((g + m) - 1) - f)]: SUCCESS
[suffixes.pointer_dereference.32] line 49 dereference failure: pointer invalid in x[(signed long int)(((g + m) - 1) - f)]: SUCCESS
[suffixes.pointer_dereference.33] line 49 dereference failure: deallocated dynamic object in x[(signed long int)(((g + m) - 1) - f)]: SUCCESS
[suffixes.pointer_dereference.34] line 49 dereference failure: dead object in x[(signed long int)(((g + m) - 1) - f)]: SUCCESS
[suffixes.pointer_dereference.35] line 49 dereference failure: pointer outside object bounds in x[(signed long int)(((g + m) - 1) - f)]: SUCCESS
[suffixes.pointer_dereference.36] line 49 dereference failure: invalid integer address in x[(signed long int)(((g + m) - 1) - f)]: SUCCESS
[suffixes.overflow.18] line 50 arithmetic overflow on signed - in g - 1: SUCCESS
[suffixes.overflow.19] line 51 arithmetic overflow on signed * in (signed long int)i * (signed long int)4ul: SUCCESS
[suffixes.overflow.20] line 51 arithmetic overflow on signed - in f - g: SUCCESS
[suffixes.pointer_arithmetic.37] line 51 pointer arithmetic: pointer NULL in suff + (signed long int)i: SUCCESS
[suffixes.pointer_arithmetic.38] line 51 pointer arithmetic: pointer invalid in suff + (signed long int)i: SUCCESS
[suffixes.pointer_arithmetic.39] line 51 pointer arithmetic: deallocated dynamic object in suff + (signed long int)i: SUCCESS
[suffixes.pointer_arithmetic.40] line 51 pointer arithmetic: dead object in suff + (signed long int)i: SUCCESS
[suffixes.pointer_arithmetic.41] line 51 pointer arithmetic: pointer outside object bounds in suff + (signed long int)i: SUCCESS
[suffixes.pointer_arithmetic.42] line 51 pointer arithmetic: invalid integer address in suff + (signed long int)i: SUCCESS
[suffixes.pointer_dereference.37] line 51 dereference failure: pointer NULL in suff[(signed long int)i]: SUCCESS
[suffixes.pointer_dereference.38] line 51 dereference failure: pointer invalid in suff[(signed long int)i]: SUCCESS
[suffixes.pointer_dereference.39] line 51 dereference failure: deallocated dynamic object in suff[(signed long int)i]: SUCCESS
[suffixes.pointer_dereference.40] line 51 dereference failure: dead object in suff[(signed long int)i]: SUCCESS
[suffixes.pointer_dereference.41] line 51 dereference failure: pointer outside object bounds in suff[(signed long int)i]: SUCCESS
[suffixes.pointer_dereference.42] line 51 dereference failure: invalid integer address in suff[(signed long int)i]: SUCCESS

source/algos/include/cbmc.h function bf_search
[bf_search.assertion.1] line 33 assertion m < MAX_M: SUCCESS
[bf_search.assertion.2] line 34 assertion n < MAX_N: SUCCESS
[bf_search.overflow.1] line 36 arithmetic overflow on signed - in n - m: SUCCESS
[bf_search.overflow.4] line 36 arithmetic overflow on signed + in j + 1: SUCCESS
[bf_search.overflow.2] line 39 arithmetic overflow on signed to unsigned type conversion in (size_t)m: SUCCESS
[bf_search.pointer_arithmetic.1] line 39 pointer arithmetic: pointer NULL in y + (signed long int)j: SUCCESS
[bf_search.pointer_arithmetic.2] line 39 pointer arithmetic: pointer invalid in y + (signed long int)j: SUCCESS
[bf_search.pointer_arithmetic.3] line 39 pointer arithmetic: deallocated dynamic object in y + (signed long int)j: SUCCESS
[bf_search.pointer_arithmetic.4] line 39 pointer arithmetic: dead object in y + (signed long int)j: SUCCESS
[bf_search.pointer_arithmetic.5] line 39 pointer arithmetic: pointer outside object bounds in y + (signed long int)j: SUCCESS
[bf_search.pointer_arithmetic.6] line 39 pointer arithmetic: invalid integer address in y + (signed long int)j: SUCCESS
[bf_search.overflow.3] line 40 arithmetic overflow on signed + in count + 1: SUCCESS

source/algos/include/cbmc.h function bf_search_large
[bf_search_large.overflow.1] line 48 arithmetic overflow on signed - in n - m: SUCCESS
[bf_search_large.overflow.4] line 48 arithmetic overflow on signed + in j + 1: SUCCESS
[bf_search_large.overflow.2] line 52 arithmetic overflow on signed to unsigned type conversion in (size_t)m: SUCCESS
[bf_search_large.pointer_arithmetic.1] line 52 pointer arithmetic: pointer NULL in y + (signed long int)j: SUCCESS
[bf_search_large.pointer_arithmetic.2] line 52 pointer arithmetic: pointer invalid in y + (signed long int)j: SUCCESS
[bf_search_large.pointer_arithmetic.3] line 52 pointer arithmetic: deallocated dynamic object in y + (signed long int)j: SUCCESS
[bf_search_large.pointer_arithmetic.4] line 52 pointer arithmetic: dead object in y + (signed long int)j: SUCCESS
[bf_search_large.pointer_arithmetic.5] line 52 pointer arithmetic: pointer outside object bounds in y + (signed long int)j: SUCCESS
[bf_search_large.pointer_arithmetic.6] line 52 pointer arithmetic: invalid integer address in y + (signed long int)j: SUCCESS
[bf_search_large.overflow.3] line 53 arithmetic overflow on signed + in count + 1: SUCCESS

source/algos/include/cbmc.h function main
[main.overflow.1] line 80 arithmetic overflow on signed + in i + 1: SUCCESS
[main.array_bounds.1] line 82 array 'P' lower bound in P[(signed long int)i]: SUCCESS
[main.array_bounds.2] line 82 array 'P' upper bound in P[(signed long int)i]: SUCCESS
[main.array_bounds.3] line 82 array 'P' lower bound in P[(signed long int)i]: SUCCESS
[main.array_bounds.4] line 82 array 'P' upper bound in P[(signed long int)i]: SUCCESS
[main.array_bounds.5] line 82 array 'P' lower bound in P[(signed long int)i]: SUCCESS
[main.array_bounds.6] line 82 array 'P' upper bound in P[(signed long int)i]: SUCCESS
[main.overflow.2] line 83 arithmetic overflow on signed + in i + 1: SUCCESS
[main.array_bounds.7] line 85 array 'T' lower bound in T[(signed long int)i]: SUCCESS
[main.array_bounds.8] line 85 array 'T' upper bound in T[(signed long int)i]: SUCCESS
[main.array_bounds.9] line 85 array 'T' lower bound in T[(signed long int)i]: SUCCESS
[main.array_bounds.10] line 85 array 'T' upper bound in T[(signed long int)i]: SUCCESS
[main.array_bounds.11] line 85 array 'T' lower bound in T[(signed long int)i]: SUCCESS
[main.array_bounds.12] line 85 array 'T' upper bound in T[(signed long int)i]: SUCCESS
[main.assertion.1] line 111 assertion ref == occ: SUCCESS
[main.assertion.2] line 114 assertion ref == occ: SUCCESS
[main.assertion.3] line 117 assertion ref == occ: SUCCESS
[main.assertion.4] line 118 assertion ref == occ: SUCCESS
[main.assertion.5] line 119 assertion ref == occ: SUCCESS
[main.assertion.6] line 120 assertion ref == occ: SUCCESS
[main.assertion.7] line 121 assertion ref == occ: SUCCESS
[main.assertion.8] line 122 assertion ref == occ: SUCCESS
[main.assertion.9] line 123 assertion ref == occ: SUCCESS
[main.assertion.10] line 124 assertion ref == occ: SUCCESS
[main.assertion.11] line 125 assertion ref == occ: SUCCESS
[main.assertion.12] line 126 assertion ref == occ: SUCCESS
[main.assertion.13] line 129 assertion ref == occ: SUCCESS
[main.assertion.14] line 130 assertion ref == occ: SUCCESS
[main.assertion.15] line 133 assertion ref == occ: SUCCESS
[main.assertion.16] line 134 assertion ref == occ: SUCCESS
[main.assertion.17] line 135 assertion ref == occ: SUCCESS
[main.assertion.18] line 136 assertion ref == occ: SUCCESS
[main.assertion.19] line 139 assertion ref == occ: SUCCESS
[main.assertion.20] line 140 assertion ref == occ: SUCCESS
[main.assertion.21] line 141 assertion ref == occ: SUCCESS
[main.assertion.22] line 142 assertion ref == occ: SUCCESS
[main.assertion.23] line 143 assertion ref == occ: SUCCESS
[main.assertion.24] line 144 assertion ref == occ: SUCCESS
[main.assertion.25] line 145 assertion ref == occ: SUCCESS
[main.assertion.26] line 148 assertion ref == occ: SUCCESS
[main.assertion.27] line 149 assertion ref == occ: SUCCESS
[main.assertion.28] line 150 assertion ref == occ: SUCCESS
[main.assertion.29] line 151 assertion ref == occ: SUCCESS
[main.assertion.30] line 152 assertion ref == occ: SUCCESS
[main.assertion.31] line 155 assertion ref == occ: SUCCESS
[main.assertion.32] line 158 assertion ref == occ: SUCCESS
[main.assertion.33] line 159 assertion ref == occ: SUCCESS
[main.assertion.34] line 160 assertion ref == occ: SUCCESS
[main.precondition_instance.1] line 163 strcpy src/dst overlap: SUCCESS
[main.assertion.35] line 165 assertion ref == occ: SUCCESS
[main.assertion.36] line 166 assertion ref == occ: SUCCESS
[main.assertion.37] line 169 assertion ref == occ: SUCCESS
[main.assertion.38] line 170 assertion ref == occ: SUCCESS
[main.assertion.39] line 173 assertion ref == occ: SUCCESS
[main.assertion.40] line 174 assertion ref == occ: SUCCESS
[main.assertion.41] line 177 assertion ref == occ: SUCCESS
[main.assertion.42] line 178 assertion ref == occ: SUCCESS

** 0 of 396 failed (1 iterations)
VERIFICATION SUCCESSFUL
source/algos/ssecp.c
timeout 4m cbmc --verbosity 7 --unwinding-assertions --slice-formula 
timeout 4m cbmc --verbosity 7 --unwinding-assertions --slice-formula --trace -Isource/algos -DCBMC --bounds-check --pointer-check --memory-leak-check --div-by-zero-check --signed-overflow-check --unsigned-overflow-check --pointer-overflow-check --conversion-check --undefined-shift-check --float-overflow-check --nan-check --enum-range-check source/algos/ssecp.c
CBMC version 6.4.1 (cbmc-6.4.1-176-g0827dcaeaa) 64-bit x86_64 linux
timeout 4m cbmc --verbosity 7 --unwinding-assertions --slice-formula --trace -Isource/algos -DCBMC --bounds-check --pointer-check --memory-leak-check --div-by-zero-check --signed-overflow-check --unsigned-overflow-check --pointer-overflow-check --conversion-check --undefined-shift-check --float-overflow-check --nan-check --enum-range-check  source/algos/ssecp.c FAILED
source/algos/simdkr.c
timeout 4m cbmc --verbosity 7 --unwinding-assertions --slice-formula 
timeout 4m cbmc --verbosity 7 --unwinding-assertions --slice-formula --trace -Isource/algos -DCBMC --bounds-check --pointer-check --memory-leak-check --div-by-zero-check --signed-overflow-check --unsigned-overflow-check --pointer-overflow-check --conversion-check --undefined-shift-check --float-overflow-check --nan-check --enum-range-check source/algos/simdkr.c
CBMC version 6.4.1 (cbmc-6.4.1-176-g0827dcaeaa) 64-bit x86_64 linux
Type-checking simdkr
Generating GOTO Program
Adding CPROVER library (x86_64)
Removal of function pointers and virtual functions
Generic Property Instrumentation
Starting Bounded Model Checking

** Results:
function __CPROVER__start
[__CPROVER__start.memory-leak.1] dynamically allocated memory never freed in __CPROVER_memory_leak == NULL: SUCCESS

/usr/lib/gcc/x86_64-linux-gnu/15/include/emmintrin.h function _mm_and_si128
[_mm_and_si128.overflow.1] line 1318 arithmetic overflow on signed to unsigned type conversion in (unsigned long long int)__A[0l]: SUCCESS
[_mm_and_si128.overflow.2] line 1318 arithmetic overflow on signed to unsigned type conversion in (unsigned long long int)__A[1l]: SUCCESS
[_mm_and_si128.overflow.3] line 1318 arithmetic overflow on signed to unsigned type conversion in (unsigned long long int)__B[0l]: SUCCESS
[_mm_and_si128.overflow.4] line 1318 arithmetic overflow on signed to unsigned type conversion in (unsigned long long int)__B[1l]: SUCCESS
[_mm_and_si128.overflow.5] line 1318 arithmetic overflow on unsigned to signed type conversion in (signed long long int){ { (unsigned long long int)__A[0l], (unsigned long long int)__A[1l] }[0l] & { (unsigned long long int)__B[0l], (unsigned long long int)__B[1l] }[0l], 
    { (unsigned long long int)__A[0l], (unsigned long long int)__A[1l] }[1l] & { (unsigned long long int)__B[0l], (unsigned long long int)__B[1l] }[1l] }[0l]: SUCCESS
[_mm_and_si128.overflow.6] line 1318 arithmetic overflow on unsigned to signed type conversion in (signed long long int){ { (unsigned long long int)__A[0l], (unsigned long long int)__A[1l] }[0l] & { (unsigned long long int)__B[0l], (unsigned long long int)__B[1l] }[0l], 
    { (unsigned long long int)__A[0l], (unsigned long long int)__A[1l] }[1l] & { (unsigned long long int)__B[0l], (unsigned long long int)__B[1l] }[1l] }[1l]: SUCCESS

/usr/lib/gcc/x86_64-linux-gnu/15/include/emmintrin.h function _mm_loadu_si128
[_mm_loadu_si128.pointer_dereference.1] line 707 dereference failure: pointer NULL in *__P: SUCCESS
[_mm_loadu_si128.pointer_dereference.2] line 707 dereference failure: pointer invalid in *__P: SUCCESS
[_mm_loadu_si128.pointer_dereference.3] line 707 dereference failure: deallocated dynamic object in *__P: SUCCESS
[_mm_loadu_si128.pointer_dereference.4] line 707 dereference failure: dead object in *__P: SUCCESS
[_mm_loadu_si128.pointer_dereference.5] line 707 dereference failure: pointer outside object bounds in *__P: SUCCESS
[_mm_loadu_si128.pointer_dereference.6] line 707 dereference failure: invalid integer address in *__P: SUCCESS

<builtin-library-memcmp> function memcmp
[memcmp.precondition.1] line 19 memcmp region 1 readable: SUCCESS
[memcmp.precondition.2] line 21 memcpy region 2 readable: SUCCESS
[memcmp.overflow.2] line 25 arithmetic overflow on unsigned - in n - 1ul: SUCCESS
[memcmp.overflow.1] line 27 arithmetic overflow on signed - in (signed int)*tmp_post_sc1 - (signed int)*tmp_post_sc2: SUCCESS
[memcmp.pointer_arithmetic.1] line 27 pointer arithmetic: pointer NULL in sc1 + 1l: SUCCESS
[memcmp.pointer_arithmetic.2] line 27 pointer arithmetic: pointer invalid in sc1 + 1l: SUCCESS
[memcmp.pointer_arithmetic.3] line 27 pointer arithmetic: deallocated dynamic object in sc1 + 1l: SUCCESS
[memcmp.pointer_arithmetic.4] line 27 pointer arithmetic: dead object in sc1 + 1l: SUCCESS
[memcmp.pointer_arithmetic.5] line 27 pointer arithmetic: pointer outside object bounds in sc1 + 1l: SUCCESS
[memcmp.pointer_arithmetic.6] line 27 pointer arithmetic: invalid integer address in sc1 + 1l: SUCCESS
[memcmp.pointer_arithmetic.7] line 27 pointer arithmetic: pointer NULL in sc2 + 1l: SUCCESS
[memcmp.pointer_arithmetic.8] line 27 pointer arithmetic: pointer invalid in sc2 + 1l: SUCCESS
[memcmp.pointer_arithmetic.9] line 27 pointer arithmetic: deallocated dynamic object in sc2 + 1l: SUCCESS
[memcmp.pointer_arithmetic.10] line 27 pointer arithmetic: dead object in sc2 + 1l: SUCCESS
[memcmp.pointer_arithmetic.11] line 27 pointer arithmetic: pointer outside object bounds in sc2 + 1l: SUCCESS
[memcmp.pointer_arithmetic.12] line 27 pointer arithmetic: invalid integer address in sc2 + 1l: SUCCESS
[memcmp.pointer_dereference.1] line 27 dereference failure: pointer NULL in *tmp_post_sc1: SUCCESS
[memcmp.pointer_dereference.2] line 27 dereference failure: pointer invalid in *tmp_post_sc1: SUCCESS
[memcmp.pointer_dereference.3] line 27 dereference failure: deallocated dynamic object in *tmp_post_sc1: SUCCESS
[memcmp.pointer_dereference.4] line 27 dereference failure: dead object in *tmp_post_sc1: SUCCESS
[memcmp.pointer_dereference.5] line 27 dereference failure: pointer outside object bounds in *tmp_post_sc1: SUCCESS
[memcmp.pointer_dereference.6] line 27 dereference failure: invalid integer address in *tmp_post_sc1: SUCCESS
[memcmp.pointer_dereference.7] line 27 dereference failure: pointer NULL in *tmp_post_sc2: SUCCESS
[memcmp.pointer_dereference.8] line 27 dereference failure: pointer invalid in *tmp_post_sc2: SUCCESS
[memcmp.pointer_dereference.9] line 27 dereference failure: deallocated dynamic object in *tmp_post_sc2: SUCCESS
[memcmp.pointer_dereference.10] line 27 dereference failure: dead object in *tmp_post_sc2: SUCCESS
[memcmp.pointer_dereference.11] line 27 dereference failure: pointer outside object bounds in *tmp_post_sc2: SUCCESS
[memcmp.pointer_dereference.12] line 27 dereference failure: invalid integer address in *tmp_post_sc2: SUCCESS

<builtin-library-strcpy> function strcpy
[strcpy.overflow.1] line 29 arithmetic overflow on unsigned to signed type conversion in (signed long int)i: SUCCESS
[strcpy.pointer_arithmetic.1] line 29 pointer arithmetic: pointer NULL in src + (signed long int)i: SUCCESS
[strcpy.pointer_arithmetic.2] line 29 pointer arithmetic: pointer invalid in src + (signed long int)i: SUCCESS
[strcpy.pointer_arithmetic.3] line 29 pointer arithmetic: deallocated dynamic object in src + (signed long int)i: SUCCESS
[strcpy.pointer_arithmetic.4] line 29 pointer arithmetic: dead object in src + (signed long int)i: SUCCESS
[strcpy.pointer_arithmetic.5] line 29 pointer arithmetic: pointer outside object bounds in src + (signed long int)i: SUCCESS
[strcpy.pointer_arithmetic.6] line 29 pointer arithmetic: invalid integer address in src + (signed long int)i: SUCCESS
[strcpy.pointer_dereference.1] line 29 dereference failure: pointer NULL in src[(signed long int)i]: SUCCESS
[strcpy.pointer_dereference.2] line 29 dereference failure: pointer invalid in src[(signed long int)i]: SUCCESS
[strcpy.pointer_dereference.3] line 29 dereference failure: deallocated dynamic object in src[(signed long int)i]: SUCCESS
[strcpy.pointer_dereference.4] line 29 dereference failure: dead object in src[(signed long int)i]: SUCCESS
[strcpy.pointer_dereference.5] line 29 dereference failure: pointer outside object bounds in src[(signed long int)i]: SUCCESS
[strcpy.pointer_dereference.6] line 29 dereference failure: invalid integer address in src[(signed long int)i]: SUCCESS
[strcpy.pointer_arithmetic.7] line 30 pointer arithmetic: pointer NULL in dst + (signed long int)i: SUCCESS
[strcpy.pointer_arithmetic.8] line 30 pointer arithmetic: pointer invalid in dst + (signed long int)i: SUCCESS
[strcpy.pointer_arithmetic.9] line 30 pointer arithmetic: deallocated dynamic object in dst + (signed long int)i: SUCCESS
[strcpy.pointer_arithmetic.10] line 30 pointer arithmetic: dead object in dst + (signed long int)i: SUCCESS
[strcpy.pointer_arithmetic.11] line 30 pointer arithmetic: pointer outside object bounds in dst + (signed long int)i: SUCCESS
[strcpy.pointer_arithmetic.12] line 30 pointer arithmetic: invalid integer address in dst + (signed long int)i: SUCCESS
[strcpy.pointer_dereference.7] line 30 dereference failure: pointer NULL in dst[(signed long int)i]: SUCCESS
[strcpy.pointer_dereference.8] line 30 dereference failure: pointer invalid in dst[(signed long int)i]: SUCCESS
[strcpy.pointer_dereference.9] line 30 dereference failure: deallocated dynamic object in dst[(signed long int)i]: SUCCESS
[strcpy.pointer_dereference.10] line 30 dereference failure: dead object in dst[(signed long int)i]: SUCCESS
[strcpy.pointer_dereference.11] line 30 dereference failure: pointer outside object bounds in dst[(signed long int)i]: SUCCESS
[strcpy.pointer_dereference.12] line 30 dereference failure: invalid integer address in dst[(signed long int)i]: SUCCESS
[strcpy.overflow.2] line 31 arithmetic overflow on unsigned + in i + 1ul: SUCCESS

source/algos/include/cbmc.h function bf_search
[bf_search.assertion.1] line 33 assertion m < MAX_M: SUCCESS
[bf_search.assertion.2] line 34 assertion n < MAX_N: SUCCESS
[bf_search.overflow.1] line 36 arithmetic overflow on signed - in n - m: SUCCESS
[bf_search.overflow.4] line 36 arithmetic overflow on signed + in j + 1: SUCCESS
[bf_search.overflow.2] line 39 arithmetic overflow on signed to unsigned type conversion in (size_t)m: SUCCESS
[bf_search.pointer_arithmetic.1] line 39 pointer arithmetic: pointer NULL in y + (signed long int)j: SUCCESS
[bf_search.pointer_arithmetic.2] line 39 pointer arithmetic: pointer invalid in y + (signed long int)j: SUCCESS
[bf_search.pointer_arithmetic.3] line 39 pointer arithmetic: deallocated dynamic object in y + (signed long int)j: SUCCESS
[bf_search.pointer_arithmetic.4] line 39 pointer arithmetic: dead object in y + (signed long int)j: SUCCESS
[bf_search.pointer_arithmetic.5] line 39 pointer arithmetic: pointer outside object bounds in y + (signed long int)j: SUCCESS
[bf_search.pointer_arithmetic.6] line 39 pointer arithmetic: invalid integer address in y + (signed long int)j: SUCCESS
[bf_search.overflow.3] line 40 arithmetic overflow on signed + in count + 1: SUCCESS

source/algos/include/cbmc.h function bf_search_large
[bf_search_large.overflow.1] line 48 arithmetic overflow on signed - in n - m: SUCCESS
[bf_search_large.overflow.4] line 48 arithmetic overflow on signed + in j + 1: SUCCESS
[bf_search_large.overflow.2] line 52 arithmetic overflow on signed to unsigned type conversion in (size_t)m: SUCCESS
[bf_search_large.pointer_arithmetic.1] line 52 pointer arithmetic: pointer NULL in y + (signed long int)j: SUCCESS
[bf_search_large.pointer_arithmetic.2] line 52 pointer arithmetic: pointer invalid in y + (signed long int)j: SUCCESS
[bf_search_large.pointer_arithmetic.3] line 52 pointer arithmetic: deallocated dynamic object in y + (signed long int)j: SUCCESS
[bf_search_large.pointer_arithmetic.4] line 52 pointer arithmetic: dead object in y + (signed long int)j: SUCCESS
[bf_search_large.pointer_arithmetic.5] line 52 pointer arithmetic: pointer outside object bounds in y + (signed long int)j: SUCCESS
[bf_search_large.pointer_arithmetic.6] line 52 pointer arithmetic: invalid integer address in y + (signed long int)j: SUCCESS
[bf_search_large.overflow.3] line 53 arithmetic overflow on signed + in count + 1: SUCCESS

source/algos/include/cbmc.h function main
[main.overflow.1] line 80 arithmetic overflow on signed + in i + 1: SUCCESS
[main.array_bounds.1] line 82 array 'P' lower bound in P[(signed long int)i]: SUCCESS
[main.array_bounds.2] line 82 array 'P' upper bound in P[(signed long int)i]: SUCCESS
[main.array_bounds.3] line 82 array 'P' lower bound in P[(signed long int)i]: SUCCESS
[main.array_bounds.4] line 82 array 'P' upper bound in P[(signed long int)i]: SUCCESS
[main.array_bounds.5] line 82 array 'P' lower bound in P[(signed long int)i]: SUCCESS
[main.array_bounds.6] line 82 array 'P' upper bound in P[(signed long int)i]: SUCCESS
[main.overflow.2] line 83 arithmetic overflow on signed + in i + 1: SUCCESS
[main.array_bounds.7] line 85 array 'T' lower bound in T[(signed long int)i]: SUCCESS
[main.array_bounds.8] line 85 array 'T' upper bound in T[(signed long int)i]: SUCCESS
[main.array_bounds.9] line 85 array 'T' lower bound in T[(signed long int)i]: SUCCESS
[main.array_bounds.10] line 85 array 'T' upper bound in T[(signed long int)i]: SUCCESS
[main.array_bounds.11] line 85 array 'T' lower bound in T[(signed long int)i]: SUCCESS
[main.array_bounds.12] line 85 array 'T' upper bound in T[(signed long int)i]: SUCCESS
[main.assertion.1] line 114 assertion ref == occ: SUCCESS
[main.assertion.2] line 117 assertion ref == occ: SUCCESS
[main.assertion.3] line 118 assertion ref == occ: SUCCESS
[main.assertion.4] line 119 assertion ref == occ: SUCCESS
[main.assertion.5] line 120 assertion ref == occ: SUCCESS
[main.assertion.6] line 121 assertion ref == occ: SUCCESS
[main.assertion.7] line 122 assertion ref == occ: SUCCESS
[main.assertion.8] line 123 assertion ref == occ: SUCCESS
[main.assertion.9] line 124 assertion ref == occ: SUCCESS
[main.assertion.10] line 125 assertion ref == occ: SUCCESS
[main.assertion.11] line 126 assertion ref == occ: SUCCESS
[main.assertion.12] line 155 assertion ref == occ: SUCCESS
[main.precondition_instance.1] line 163 strcpy src/dst overlap: SUCCESS
[main.assertion.13] line 165 assertion ref == occ: SUCCESS
[main.assertion.14] line 166 assertion ref == occ: SUCCESS

source/algos/include/search_small.h function preSA
[preSA.overflow.2] line 6 arithmetic overflow on signed + in i + 1: SUCCESS
[preSA.overflow.1] line 7 arithmetic overflow on signed * in (signed long int)i * (signed long int)4ul: SUCCESS
[preSA.pointer_arithmetic.1] line 7 pointer arithmetic: pointer NULL in S + (signed long int)i: SUCCESS
[preSA.pointer_arithmetic.2] line 7 pointer arithmetic: pointer invalid in S + (signed long int)i: SUCCESS
[preSA.pointer_arithmetic.3] line 7 pointer arithmetic: deallocated dynamic object in S + (signed long int)i: SUCCESS
[preSA.pointer_arithmetic.4] line 7 pointer arithmetic: dead object in S + (signed long int)i: SUCCESS
[preSA.pointer_arithmetic.5] line 7 pointer arithmetic: pointer outside object bounds in S + (signed long int)i: SUCCESS
[preSA.pointer_arithmetic.6] line 7 pointer arithmetic: invalid integer address in S + (signed long int)i: SUCCESS
[preSA.pointer_dereference.1] line 7 dereference failure: pointer NULL in S[(signed long int)i]: SUCCESS
[preSA.pointer_dereference.2] line 7 dereference failure: pointer invalid in S[(signed long int)i]: SUCCESS
[preSA.pointer_dereference.3] line 7 dereference failure: deallocated dynamic object in S[(signed long int)i]: SUCCESS
[preSA.pointer_dereference.4] line 7 dereference failure: dead object in S[(signed long int)i]: SUCCESS
[preSA.pointer_dereference.5] line 7 dereference failure: pointer outside object bounds in S[(signed long int)i]: SUCCESS
[preSA.pointer_dereference.6] line 7 dereference failure: invalid integer address in S[(signed long int)i]: SUCCESS
[preSA.overflow.4] line 8 arithmetic overflow on signed + in i + 1: SUCCESS
[preSA.overflow.3] line 9 arithmetic overflow on signed * in (signed long int)x[(signed long int)i] * (signed long int)4ul: SUCCESS
[preSA.pointer_arithmetic.7] line 9 pointer arithmetic: pointer NULL in x + (signed long int)i: SUCCESS
[preSA.pointer_arithmetic.8] line 9 pointer arithmetic: pointer invalid in x + (signed long int)i: SUCCESS
[preSA.pointer_arithmetic.9] line 9 pointer arithmetic: deallocated dynamic object in x + (signed long int)i: SUCCESS
[preSA.pointer_arithmetic.10] line 9 pointer arithmetic: dead object in x + (signed long int)i: SUCCESS
[preSA.pointer_arithmetic.11] line 9 pointer arithmetic: pointer outside object bounds in x + (signed long int)i: SUCCESS
[preSA.pointer_arithmetic.12] line 9 pointer arithmetic: invalid integer address in x + (signed long int)i: SUCCESS
[preSA.pointer_arithmetic.13] line 9 pointer arithmetic: pointer NULL in S + (signed long int)x[(signed long int)i]: SUCCESS
[preSA.pointer_arithmetic.14] line 9 pointer arithmetic: pointer invalid in S + (signed long int)x[(signed long int)i]: SUCCESS
[preSA.pointer_arithmetic.15] line 9 pointer arithmetic: deallocated dynamic object in S + (signed long int)x[(signed long int)i]: SUCCESS
[preSA.pointer_arithmetic.16] line 9 pointer arithmetic: dead object in S + (signed long int)x[(signed long int)i]: SUCCESS
[preSA.pointer_arithmetic.17] line 9 pointer arithmetic: pointer outside object bounds in S + (signed long int)x[(signed long int)i]: SUCCESS
[preSA.pointer_arithmetic.18] line 9 pointer arithmetic: invalid integer address in S + (signed long int)x[(signed long int)i]: SUCCESS
[preSA.pointer_dereference.7] line 9 dereference failure: pointer NULL in x[(signed long int)i]: SUCCESS
[preSA.pointer_dereference.8] line 9 dereference failure: pointer invalid in x[(signed long int)i]: SUCCESS
[preSA.pointer_dereference.9] line 9 dereference failure: deallocated dynamic object in x[(signed long int)i]: SUCCESS
[preSA.pointer_dereference.10] line 9 dereference failure: dead object in x[(signed long int)i]: SUCCESS
[preSA.pointer_dereference.11] line 9 dereference failure: pointer outside object bounds in x[(signed long int)i]: SUCCESS
[preSA.pointer_dereference.12] line 9 dereference failure: invalid integer address in x[(signed long int)i]: SUCCESS
[preSA.pointer_dereference.13] line 9 dereference failure: pointer NULL in S[(signed long int)x[(signed long int)i]]: SUCCESS
[preSA.pointer_dereference.14] line 9 dereference failure: pointer invalid in S[(signed long int)x[(signed long int)i]]: SUCCESS
[preSA.pointer_dereference.15] line 9 dereference failure: deallocated dynamic object in S[(signed long int)x[(signed long int)i]]: SUCCESS
[preSA.pointer_dereference.16] line 9 dereference failure: dead object in S[(signed long int)x[(signed long int)i]]: SUCCESS
[preSA.pointer_dereference.17] line 9 dereference failure: pointer outside object bounds in S[(signed long int)x[(signed long int)i]]: SUCCESS
[preSA.pointer_dereference.18] line 9 dereference failure: invalid integer address in S[(signed long int)x[(signed long int)i]]: SUCCESS

source/algos/include/search_small.h function search_small
[search_small.overflow.1] line 26 arithmetic overflow on signed - in m - 1: SUCCESS
[search_small.overflow.2] line 26 arithmetic overflow on signed to unsigned type conversion in (unsigned int)(m - 1): SUCCESS
[search_small.undefined-shift.1] line 26 shift distance too large in 1u << (unsigned int)(m - 1): SUCCESS
[search_small.overflow.4] line 32 arithmetic overflow on signed + in j + 1: SUCCESS
[search_small.array_bounds.1] line 33 array 'S' upper bound in S[(signed long int)y[(signed long int)j]]: SUCCESS
[search_small.pointer_arithmetic.1] line 33 pointer arithmetic: pointer NULL in y + (signed long int)j: SUCCESS
[search_small.pointer_arithmetic.2] line 33 pointer arithmetic: pointer invalid in y + (signed long int)j: SUCCESS
[search_small.pointer_arithmetic.3] line 33 pointer arithmetic: deallocated dynamic object in y + (signed long int)j: SUCCESS
[search_small.pointer_arithmetic.4] line 33 pointer arithmetic: dead object in y + (signed long int)j: SUCCESS
[search_small.pointer_arithmetic.5] line 33 pointer arithmetic: pointer outside object bounds in y + (signed long int)j: SUCCESS
[search_small.pointer_arithmetic.6] line 33 pointer arithmetic: invalid integer address in y + (signed long int)j: SUCCESS
[search_small.pointer_dereference.1] line 33 dereference failure: pointer NULL in y[(signed long int)j]: SUCCESS
[search_small.pointer_dereference.2] line 33 dereference failure: pointer invalid in y[(signed long int)j]: SUCCESS
[search_small.pointer_dereference.3] line 33 dereference failure: deallocated dynamic object in y[(signed long int)j]: SUCCESS
[search_small.pointer_dereference.4] line 33 dereference failure: dead object in y[(signed long int)j]: SUCCESS
[search_small.pointer_dereference.5] line 33 dereference failure: pointer outside object bounds in y[(signed long int)j]: SUCCESS
[search_small.pointer_dereference.6] line 33 dereference failure: invalid integer address in y[(signed long int)j]: SUCCESS
[search_small.overflow.3] line 35 arithmetic overflow on signed + in count + 1: SUCCESS

source/algos/simdkr.c function sse2_strstr_generic
[sse2_strstr_generic.assertion.1] line 150 assertion m > 1: SUCCESS
[sse2_strstr_generic.assertion.2] line 151 assertion n > 0: SUCCESS
[sse2_strstr_generic.overflow.1] line 153 arithmetic overflow on unsigned to signed type conversion in (char)needle[(signed long int)0]: SUCCESS
[sse2_strstr_generic.pointer_arithmetic.1] line 153 pointer arithmetic: pointer NULL in needle + (signed long int)0: SUCCESS
[sse2_strstr_generic.pointer_arithmetic.2] line 153 pointer arithmetic: pointer invalid in needle + (signed long int)0: SUCCESS
[sse2_strstr_generic.pointer_arithmetic.3] line 153 pointer arithmetic: deallocated dynamic object in needle + (signed long int)0: SUCCESS
[sse2_strstr_generic.pointer_arithmetic.4] line 153 pointer arithmetic: dead object in needle + (signed long int)0: SUCCESS
[sse2_strstr_generic.pointer_arithmetic.5] line 153 pointer arithmetic: pointer outside object bounds in needle + (signed long int)0: SUCCESS
[sse2_strstr_generic.pointer_arithmetic.6] line 153 pointer arithmetic: invalid integer address in needle + (signed long int)0: SUCCESS
[sse2_strstr_generic.pointer_dereference.1] line 153 dereference failure: pointer NULL in needle[(signed long int)0]: SUCCESS
[sse2_strstr_generic.pointer_dereference.2] line 153 dereference failure: pointer invalid in needle[(signed long int)0]: SUCCESS
[sse2_strstr_generic.pointer_dereference.3] line 153 dereference failure: deallocated dynamic object in needle[(signed long int)0]: SUCCESS
[sse2_strstr_generic.pointer_dereference.4] line 153 dereference failure: dead object in needle[(signed long int)0]: SUCCESS
[sse2_strstr_generic.pointer_dereference.5] line 153 dereference failure: pointer outside object bounds in needle[(signed long int)0]: SUCCESS
[sse2_strstr_generic.pointer_dereference.6] line 153 dereference failure: invalid integer address in needle[(signed long int)0]: SUCCESS
[sse2_strstr_generic.overflow.2] line 155 arithmetic overflow on signed - in m - 1: SUCCESS
[sse2_strstr_generic.overflow.3] line 155 arithmetic overflow on unsigned to signed type conversion in (char)needle[(signed long int)(m - 1)]: SUCCESS
[sse2_strstr_generic.pointer_arithmetic.7] line 155 pointer arithmetic: pointer NULL in needle + (signed long int)(m - 1): SUCCESS
[sse2_strstr_generic.pointer_arithmetic.8] line 155 pointer arithmetic: pointer invalid in needle + (signed long int)(m - 1): SUCCESS
[sse2_strstr_generic.pointer_arithmetic.9] line 155 pointer arithmetic: deallocated dynamic object in needle + (signed long int)(m - 1): SUCCESS
[sse2_strstr_generic.pointer_arithmetic.10] line 155 pointer arithmetic: dead object in needle + (signed long int)(m - 1): SUCCESS
[sse2_strstr_generic.pointer_arithmetic.11] line 155 pointer arithmetic: pointer outside object bounds in needle + (signed long int)(m - 1): SUCCESS
[sse2_strstr_generic.pointer_arithmetic.12] line 155 pointer arithmetic: invalid integer address in needle + (signed long int)(m - 1): SUCCESS
[sse2_strstr_generic.pointer_dereference.7] line 155 dereference failure: pointer NULL in needle[(signed long int)(m - 1)]: SUCCESS
[sse2_strstr_generic.pointer_dereference.8] line 155 dereference failure: pointer invalid in needle[(signed long int)(m - 1)]: SUCCESS
[sse2_strstr_generic.pointer_dereference.9] line 155 dereference failure: deallocated dynamic object in needle[(signed long int)(m - 1)]: SUCCESS
[sse2_strstr_generic.pointer_dereference.10] line 155 dereference failure: dead object in needle[(signed long int)(m - 1)]: SUCCESS
[sse2_strstr_generic.pointer_dereference.11] line 155 dereference failure: pointer outside object bounds in needle[(signed long int)(m - 1)]: SUCCESS
[sse2_strstr_generic.pointer_dereference.12] line 155 dereference failure: invalid integer address in needle[(signed long int)(m - 1)]: SUCCESS
[sse2_strstr_generic.overflow.4] line 165 arithmetic overflow on signed + in i + m: SUCCESS
[sse2_strstr_generic.overflow.5] line 165 arithmetic overflow on signed - in (i + m) - 1: SUCCESS
[sse2_strstr_generic.overflow.6] line 165 arithmetic overflow on signed + in ((i + m) - 1) + 15: SUCCESS
[sse2_strstr_generic.overflow.14] line 165 arithmetic overflow on signed + in i + 16: SUCCESS
[sse2_strstr_generic.pointer_arithmetic.13] line 167 pointer arithmetic: pointer NULL in s + (signed long int)i: SUCCESS
[sse2_strstr_generic.pointer_arithmetic.14] line 167 pointer arithmetic: pointer invalid in s + (signed long int)i: SUCCESS
[sse2_strstr_generic.pointer_arithmetic.15] line 167 pointer arithmetic: deallocated dynamic object in s + (signed long int)i: SUCCESS
[sse2_strstr_generic.pointer_arithmetic.16] line 167 pointer arithmetic: dead object in s + (signed long int)i: SUCCESS
[sse2_strstr_generic.pointer_arithmetic.17] line 167 pointer arithmetic: pointer outside object bounds in s + (signed long int)i: SUCCESS
[sse2_strstr_generic.pointer_arithmetic.18] line 167 pointer arithmetic: invalid integer address in s + (signed long int)i: SUCCESS
[sse2_strstr_generic.pointer_arithmetic.19] line 170 pointer arithmetic: pointer NULL in s + (signed long int)i: SUCCESS
[sse2_strstr_generic.pointer_arithmetic.20] line 170 pointer arithmetic: pointer invalid in s + (signed long int)i: SUCCESS
[sse2_strstr_generic.pointer_arithmetic.21] line 170 pointer arithmetic: deallocated dynamic object in s + (signed long int)i: SUCCESS
[sse2_strstr_generic.pointer_arithmetic.22] line 170 pointer arithmetic: dead object in s + (signed long int)i: SUCCESS
[sse2_strstr_generic.pointer_arithmetic.23] line 170 pointer arithmetic: pointer outside object bounds in s + (signed long int)i: SUCCESS
[sse2_strstr_generic.pointer_arithmetic.24] line 170 pointer arithmetic: invalid integer address in s + (signed long int)i: SUCCESS
[sse2_strstr_generic.pointer_arithmetic.25] line 170 pointer arithmetic: pointer NULL in s + (signed long int)i + (signed long int)m: SUCCESS
[sse2_strstr_generic.pointer_arithmetic.26] line 170 pointer arithmetic: pointer invalid in s + (signed long int)i + (signed long int)m: SUCCESS
[sse2_strstr_generic.pointer_arithmetic.27] line 170 pointer arithmetic: deallocated dynamic object in s + (signed long int)i + (signed long int)m: SUCCESS
[sse2_strstr_generic.pointer_arithmetic.28] line 170 pointer arithmetic: dead object in s + (signed long int)i + (signed long int)m: SUCCESS
[sse2_strstr_generic.pointer_arithmetic.29] line 170 pointer arithmetic: pointer outside object bounds in s + (signed long int)i + (signed long int)m: SUCCESS
[sse2_strstr_generic.pointer_arithmetic.30] line 170 pointer arithmetic: invalid integer address in s + (signed long int)i + (signed long int)m: SUCCESS
[sse2_strstr_generic.pointer_arithmetic.31] line 170 pointer arithmetic: pointer NULL in (s + (signed long int)i + (signed long int)m) - (signed long int)1: SUCCESS
[sse2_strstr_generic.pointer_arithmetic.32] line 170 pointer arithmetic: pointer invalid in (s + (signed long int)i + (signed long int)m) - (signed long int)1: SUCCESS
[sse2_strstr_generic.pointer_arithmetic.33] line 170 pointer arithmetic: deallocated dynamic object in (s + (signed long int)i + (signed long int)m) - (signed long int)1: SUCCESS
[sse2_strstr_generic.pointer_arithmetic.34] line 170 pointer arithmetic: dead object in (s + (signed long int)i + (signed long int)m) - (signed long int)1: SUCCESS
[sse2_strstr_generic.pointer_arithmetic.35] line 170 pointer arithmetic: pointer outside object bounds in (s + (signed long int)i + (signed long int)m) - (signed long int)1: SUCCESS
[sse2_strstr_generic.pointer_arithmetic.36] line 170 pointer arithmetic: invalid integer address in (s + (signed long int)i + (signed long int)m) - (signed long int)1: SUCCESS
[sse2_strstr_generic.overflow.7] line 175 arithmetic overflow on signed to unsigned type conversion in (uint16_t)return_value__mm_movemask_epi8: SUCCESS
[sse2_strstr_generic.bit_count.1] line 178 count trailing zeros is undefined for value zero in __builtin_ctz((unsigned int)mask): SUCCESS
[sse2_strstr_generic.overflow.8] line 178 arithmetic overflow on signed to unsigned type conversion in (const uint16_t)__builtin_ctz((unsigned int)mask): SUCCESS
[sse2_strstr_generic.overflow.9] line 180 arithmetic overflow on signed - in m - 2: SUCCESS
[sse2_strstr_generic.overflow.10] line 180 arithmetic overflow on signed to unsigned type conversion in (size_t)(m - 2): SUCCESS
[sse2_strstr_generic.pointer_arithmetic.37] line 180 pointer arithmetic: pointer NULL in s + (signed long int)i: SUCCESS
[sse2_strstr_generic.pointer_arithmetic.38] line 180 pointer arithmetic: pointer invalid in s + (signed long int)i: SUCCESS
[sse2_strstr_generic.pointer_arithmetic.39] line 180 pointer arithmetic: deallocated dynamic object in s + (signed long int)i: SUCCESS
[sse2_strstr_generic.pointer_arithmetic.40] line 180 pointer arithmetic: dead object in s + (signed long int)i: SUCCESS
[sse2_strstr_generic.pointer_arithmetic.41] line 180 pointer arithmetic: pointer outside object bounds in s + (signed long int)i: SUCCESS
[sse2_strstr_generic.pointer_arithmetic.42] line 180 pointer arithmetic: invalid integer address in s + (signed long int)i: SUCCESS
[sse2_strstr_generic.pointer_arithmetic.43] line 180 pointer arithmetic: pointer NULL in s + (signed long int)i + (signed long int)bitpos: SUCCESS
[sse2_strstr_generic.pointer_arithmetic.44] line 180 pointer arithmetic: pointer invalid in s + (signed long int)i + (signed long int)bitpos: SUCCESS
[sse2_strstr_generic.pointer_arithmetic.45] line 180 pointer arithmetic: deallocated dynamic object in s + (signed long int)i + (signed long int)bitpos: SUCCESS
[sse2_strstr_generic.pointer_arithmetic.46] line 180 pointer arithmetic: dead object in s + (signed long int)i + (signed long int)bitpos: SUCCESS
[sse2_strstr_generic.pointer_arithmetic.47] line 180 pointer arithmetic: pointer outside object bounds in s + (signed long int)i + (signed long int)bitpos: SUCCESS
[sse2_strstr_generic.pointer_arithmetic.48] line 180 pointer arithmetic: invalid integer address in s + (signed long int)i + (signed long int)bitpos: SUCCESS
[sse2_strstr_generic.pointer_arithmetic.49] line 180 pointer arithmetic: pointer NULL in s + (signed long int)i + (signed long int)bitpos + (signed long int)1: SUCCESS
[sse2_strstr_generic.pointer_arithmetic.50] line 180 pointer arithmetic: pointer invalid in s + (signed long int)i + (signed long int)bitpos + (signed long int)1: SUCCESS
[sse2_strstr_generic.pointer_arithmetic.51] line 180 pointer arithmetic: deallocated dynamic object in s + (signed long int)i + (signed long int)bitpos + (signed long int)1: SUCCESS
[sse2_strstr_generic.pointer_arithmetic.52] line 180 pointer arithmetic: dead object in s + (signed long int)i + (signed long int)bitpos + (signed long int)1: SUCCESS
[sse2_strstr_generic.pointer_arithmetic.53] line 180 pointer arithmetic: pointer outside object bounds in s + (signed long int)i + (signed long int)bitpos + (signed long int)1: SUCCESS
[sse2_strstr_generic.pointer_arithmetic.54] line 180 pointer arithmetic: invalid integer address in s + (signed long int)i + (signed long int)bitpos + (signed long int)1: SUCCESS
[sse2_strstr_generic.pointer_arithmetic.55] line 180 pointer arithmetic: pointer NULL in needle + (signed long int)1: SUCCESS
[sse2_strstr_generic.pointer_arithmetic.56] line 180 pointer arithmetic: pointer invalid in needle + (signed long int)1: SUCCESS
[sse2_strstr_generic.pointer_arithmetic.57] line 180 pointer arithmetic: deallocated dynamic object in needle + (signed long int)1: SUCCESS
[sse2_strstr_generic.pointer_arithmetic.58] line 180 pointer arithmetic: dead object in needle + (signed long int)1: SUCCESS
[sse2_strstr_generic.pointer_arithmetic.59] line 180 pointer arithmetic: pointer outside object bounds in needle + (signed long int)1: SUCCESS
[sse2_strstr_generic.pointer_arithmetic.60] line 180 pointer arithmetic: invalid integer address in needle + (signed long int)1: SUCCESS
[sse2_strstr_generic.overflow.11] line 181 arithmetic overflow on signed + in count + 1: SUCCESS
[sse2_strstr_generic.overflow.12] line 183 arithmetic overflow on signed - in (signed int)mask - 1: SUCCESS
[sse2_strstr_generic.overflow.13] line 183 arithmetic overflow on signed to unsigned type conversion in (uint16_t)((signed int)mask & (signed int)mask - 1): SUCCESS
[sse2_strstr_generic.overflow.15] line 186 arithmetic overflow on signed - in n - m: SUCCESS
[sse2_strstr_generic.overflow.22] line 186 arithmetic overflow on signed + in i + 1: SUCCESS
[sse2_strstr_generic.overflow.16] line 187 arithmetic overflow on signed + in i + m: SUCCESS
[sse2_strstr_generic.overflow.17] line 187 arithmetic overflow on signed - in (i + m) - 1: SUCCESS
[sse2_strstr_generic.overflow.18] line 187 arithmetic overflow on signed - in m - 1: SUCCESS
[sse2_strstr_generic.pointer_arithmetic.61] line 187 pointer arithmetic: pointer NULL in s + (signed long int)i: SUCCESS
[sse2_strstr_generic.pointer_arithmetic.62] line 187 pointer arithmetic: pointer invalid in s + (signed long int)i: SUCCESS
[sse2_strstr_generic.pointer_arithmetic.63] line 187 pointer arithmetic: deallocated dynamic object in s + (signed long int)i: SUCCESS
[sse2_strstr_generic.pointer_arithmetic.64] line 187 pointer arithmetic: dead object in s + (signed long int)i: SUCCESS
[sse2_strstr_generic.pointer_arithmetic.65] line 187 pointer arithmetic: pointer outside object bounds in s + (signed long int)i: SUCCESS
[sse2_strstr_generic.pointer_arithmetic.66] line 187 pointer arithmetic: invalid integer address in s + (signed long int)i: SUCCESS
[sse2_strstr_generic.pointer_arithmetic.67] line 187 pointer arithmetic: pointer NULL in needle + (signed long int)0: SUCCESS
[sse2_strstr_generic.pointer_arithmetic.68] line 187 pointer arithmetic: pointer invalid in needle + (signed long int)0: SUCCESS
[sse2_strstr_generic.pointer_arithmetic.69] line 187 pointer arithmetic: deallocated dynamic object in needle + (signed long int)0: SUCCESS
[sse2_strstr_generic.pointer_arithmetic.70] line 187 pointer arithmetic: dead object in needle + (signed long int)0: SUCCESS
[sse2_strstr_generic.pointer_arithmetic.71] line 187 pointer arithmetic: pointer outside object bounds in needle + (signed long int)0: SUCCESS
[sse2_strstr_generic.pointer_arithmetic.72] line 187 pointer arithmetic: invalid integer address in needle + (signed long int)0: SUCCESS
[sse2_strstr_generic.pointer_arithmetic.73] line 187 pointer arithmetic: pointer NULL in s + (signed long int)((i + m) - 1): SUCCESS
[sse2_strstr_generic.pointer_arithmetic.74] line 187 pointer arithmetic: pointer invalid in s + (signed long int)((i + m) - 1): SUCCESS
[sse2_strstr_generic.pointer_arithmetic.75] line 187 pointer arithmetic: deallocated dynamic object in s + (signed long int)((i + m) - 1): SUCCESS
[sse2_strstr_generic.pointer_arithmetic.76] line 187 pointer arithmetic: dead object in s + (signed long int)((i + m) - 1): SUCCESS
[sse2_strstr_generic.pointer_arithmetic.77] line 187 pointer arithmetic: pointer outside object bounds in s + (signed long int)((i + m) - 1): SUCCESS
[sse2_strstr_generic.pointer_arithmetic.78] line 187 pointer arithmetic: invalid integer address in s + (signed long int)((i + m) - 1): SUCCESS
[sse2_strstr_generic.pointer_arithmetic.79] line 187 pointer arithmetic: pointer NULL in needle + (signed long int)(m - 1): SUCCESS
[sse2_strstr_generic.pointer_arithmetic.80] line 187 pointer arithmetic: pointer invalid in needle + (signed long int)(m - 1): SUCCESS
[sse2_strstr_generic.pointer_arithmetic.81] line 187 pointer arithmetic: deallocated dynamic object in needle + (signed long int)(m - 1): SUCCESS
[sse2_strstr_generic.pointer_arithmetic.82] line 187 pointer arithmetic: dead object in needle + (signed long int)(m - 1): SUCCESS
[sse2_strstr_generic.pointer_arithmetic.83] line 187 pointer arithmetic: pointer outside object bounds in needle + (signed long int)(m - 1): SUCCESS
[sse2_strstr_generic.pointer_arithmetic.84] line 187 pointer arithmetic: invalid integer address in needle + (signed long int)(m - 1): SUCCESS
[sse2_strstr_generic.pointer_dereference.13] line 187 dereference failure: pointer NULL in s[(signed long int)i]: SUCCESS
[sse2_strstr_generic.pointer_dereference.14] line 187 dereference failure: pointer invalid in s[(signed long int)i]: SUCCESS
[sse2_strstr_generic.pointer_dereference.15] line 187 dereference failure: deallocated dynamic object in s[(signed long int)i]: SUCCESS
[sse2_strstr_generic.pointer_dereference.16] line 187 dereference failure: dead object in s[(signed long int)i]: SUCCESS
[sse2_strstr_generic.pointer_dereference.17] line 187 dereference failure: pointer outside object bounds in s[(signed long int)i]: SUCCESS
[sse2_strstr_generic.pointer_dereference.18] line 187 dereference failure: invalid integer address in s[(signed long int)i]: SUCCESS
[sse2_strstr_generic.pointer_dereference.19] line 187 dereference failure: pointer NULL in needle[(signed long int)0]: SUCCESS
[sse2_strstr_generic.pointer_dereference.20] line 187 dereference failure: pointer invalid in needle[(signed long int)0]: SUCCESS
[sse2_strstr_generic.pointer_dereference.21] line 187 dereference failure: deallocated dynamic object in needle[(signed long int)0]: SUCCESS
[sse2_strstr_generic.pointer_dereference.22] line 187 dereference failure: dead object in needle[(signed long int)0]: SUCCESS
[sse2_strstr_generic.pointer_dereference.23] line 187 dereference failure: pointer outside object bounds in needle[(signed long int)0]: SUCCESS
[sse2_strstr_generic.pointer_dereference.24] line 187 dereference failure: invalid integer address in needle[(signed long int)0]: SUCCESS
[sse2_strstr_generic.pointer_dereference.25] line 187 dereference failure: pointer NULL in s[(signed long int)((i + m) - 1)]: SUCCESS
[sse2_strstr_generic.pointer_dereference.26] line 187 dereference failure: pointer invalid in s[(signed long int)((i + m) - 1)]: SUCCESS
[sse2_strstr_generic.pointer_dereference.27] line 187 dereference failure: deallocated dynamic object in s[(signed long int)((i + m) - 1)]: SUCCESS
[sse2_strstr_generic.pointer_dereference.28] line 187 dereference failure: dead object in s[(signed long int)((i + m) - 1)]: SUCCESS
[sse2_strstr_generic.pointer_dereference.29] line 187 dereference failure: pointer outside object bounds in s[(signed long int)((i + m) - 1)]: SUCCESS
[sse2_strstr_generic.pointer_dereference.30] line 187 dereference failure: invalid integer address in s[(signed long int)((i + m) - 1)]: SUCCESS
[sse2_strstr_generic.pointer_dereference.31] line 187 dereference failure: pointer NULL in needle[(signed long int)(m - 1)]: SUCCESS
[sse2_strstr_generic.pointer_dereference.32] line 187 dereference failure: pointer invalid in needle[(signed long int)(m - 1)]: SUCCESS
[sse2_strstr_generic.pointer_dereference.33] line 187 dereference failure: deallocated dynamic object in needle[(signed long int)(m - 1)]: SUCCESS
[sse2_strstr_generic.pointer_dereference.34] line 187 dereference failure: dead object in needle[(signed long int)(m - 1)]: SUCCESS
[sse2_strstr_generic.pointer_dereference.35] line 187 dereference failure: pointer outside object bounds in needle[(signed long int)(m - 1)]: SUCCESS
[sse2_strstr_generic.pointer_dereference.36] line 187 dereference failure: invalid integer address in needle[(signed long int)(m - 1)]: SUCCESS
[sse2_strstr_generic.overflow.19] line 188 arithmetic overflow on signed - in m - 2: SUCCESS
[sse2_strstr_generic.overflow.20] line 188 arithmetic overflow on signed to unsigned type conversion in (size_t)(m - 2): SUCCESS
[sse2_strstr_generic.pointer_arithmetic.85] line 188 pointer arithmetic: pointer NULL in s + (signed long int)i: SUCCESS
[sse2_strstr_generic.pointer_arithmetic.86] line 188 pointer arithmetic: pointer invalid in s + (signed long int)i: SUCCESS
[sse2_strstr_generic.pointer_arithmetic.87] line 188 pointer arithmetic: deallocated dynamic object in s + (signed long int)i: SUCCESS
[sse2_strstr_generic.pointer_arithmetic.88] line 188 pointer arithmetic: dead object in s + (signed long int)i: SUCCESS
[sse2_strstr_generic.pointer_arithmetic.89] line 188 pointer arithmetic: pointer outside object bounds in s + (signed long int)i: SUCCESS
[sse2_strstr_generic.pointer_arithmetic.90] line 188 pointer arithmetic: invalid integer address in s + (signed long int)i: SUCCESS
[sse2_strstr_generic.pointer_arithmetic.91] line 188 pointer arithmetic: pointer NULL in s + (signed long int)i + (signed long int)1: SUCCESS
[sse2_strstr_generic.pointer_arithmetic.92] line 188 pointer arithmetic: pointer invalid in s + (signed long int)i + (signed long int)1: SUCCESS
[sse2_strstr_generic.pointer_arithmetic.93] line 188 pointer arithmetic: deallocated dynamic object in s + (signed long int)i + (signed long int)1: SUCCESS
[sse2_strstr_generic.pointer_arithmetic.94] line 188 pointer arithmetic: dead object in s + (signed long int)i + (signed long int)1: SUCCESS
[sse2_strstr_generic.pointer_arithmetic.95] line 188 pointer arithmetic: pointer outside object bounds in s + (signed long int)i + (signed long int)1: SUCCESS
[sse2_strstr_generic.pointer_arithmetic.96] line 188 pointer arithmetic: invalid integer address in s + (signed long int)i + (signed long int)1: SUCCESS
[sse2_strstr_generic.pointer_arithmetic.97] line 188 pointer arithmetic: pointer NULL in needle + (signed long int)1: SUCCESS
[sse2_strstr_generic.pointer_arithmetic.98] line 188 pointer arithmetic: pointer invalid in needle + (signed long int)1: SUCCESS
[sse2_strstr_generic.pointer_arithmetic.99] line 188 pointer arithmetic: deallocated dynamic object in needle + (signed long int)1: SUCCESS
[sse2_strstr_generic.pointer_arithmetic.100] line 188 pointer arithmetic: dead object in needle + (signed long int)1: SUCCESS
[sse2_strstr_generic.pointer_arithmetic.101] line 188 pointer arithmetic: pointer outside object bounds in needle + (signed long int)1: SUCCESS
[sse2_strstr_generic.pointer_arithmetic.102] line 188 pointer arithmetic: invalid integer address in needle + (signed long int)1: SUCCESS
[sse2_strstr_generic.overflow.21] line 189 arithmetic overflow on signed + in count + 1: SUCCESS

** 0 of 339 failed (1 iterations)
VERIFICATION SUCCESSFUL
source/algos/krsimd.c
timeout 4m cbmc --verbosity 7 --unwinding-assertions --slice-formula 
timeout 4m cbmc --verbosity 7 --unwinding-assertions --slice-formula --trace -Isource/algos -DCBMC --bounds-check --pointer-check --memory-leak-check --div-by-zero-check --signed-overflow-check --unsigned-overflow-check --pointer-overflow-check --conversion-check --undefined-shift-check --float-overflow-check --nan-check --enum-range-check source/algos/krsimd.c
CBMC version 6.4.1 (cbmc-6.4.1-176-g0827dcaeaa) 64-bit x86_64 linux
Type-checking krsimd
Generating GOTO Program
Adding CPROVER library (x86_64)
Removal of function pointers and virtual functions
Generic Property Instrumentation
Starting Bounded Model Checking

** Results:
function __CPROVER__start
[__CPROVER__start.memory-leak.1] dynamically allocated memory never freed in __CPROVER_memory_leak == NULL: SUCCESS

<builtin-library-memcmp> function memcmp
[memcmp.precondition.1] line 19 memcmp region 1 readable: SUCCESS
[memcmp.precondition.2] line 21 memcpy region 2 readable: SUCCESS
[memcmp.overflow.2] line 25 arithmetic overflow on unsigned - in n - 1ul: SUCCESS
[memcmp.overflow.1] line 27 arithmetic overflow on signed - in (signed int)*tmp_post_sc1 - (signed int)*tmp_post_sc2: SUCCESS
[memcmp.pointer_arithmetic.1] line 27 pointer arithmetic: pointer NULL in sc1 + 1l: SUCCESS
[memcmp.pointer_arithmetic.2] line 27 pointer arithmetic: pointer invalid in sc1 + 1l: SUCCESS
[memcmp.pointer_arithmetic.3] line 27 pointer arithmetic: deallocated dynamic object in sc1 + 1l: SUCCESS
[memcmp.pointer_arithmetic.4] line 27 pointer arithmetic: dead object in sc1 + 1l: SUCCESS
[memcmp.pointer_arithmetic.5] line 27 pointer arithmetic: pointer outside object bounds in sc1 + 1l: SUCCESS
[memcmp.pointer_arithmetic.6] line 27 pointer arithmetic: invalid integer address in sc1 + 1l: SUCCESS
[memcmp.pointer_arithmetic.7] line 27 pointer arithmetic: pointer NULL in sc2 + 1l: SUCCESS
[memcmp.pointer_arithmetic.8] line 27 pointer arithmetic: pointer invalid in sc2 + 1l: SUCCESS
[memcmp.pointer_arithmetic.9] line 27 pointer arithmetic: deallocated dynamic object in sc2 + 1l: SUCCESS
[memcmp.pointer_arithmetic.10] line 27 pointer arithmetic: dead object in sc2 + 1l: SUCCESS
[memcmp.pointer_arithmetic.11] line 27 pointer arithmetic: pointer outside object bounds in sc2 + 1l: SUCCESS
[memcmp.pointer_arithmetic.12] line 27 pointer arithmetic: invalid integer address in sc2 + 1l: SUCCESS
[memcmp.pointer_dereference.1] line 27 dereference failure: pointer NULL in *tmp_post_sc1: SUCCESS
[memcmp.pointer_dereference.2] line 27 dereference failure: pointer invalid in *tmp_post_sc1: SUCCESS
[memcmp.pointer_dereference.3] line 27 dereference failure: deallocated dynamic object in *tmp_post_sc1: SUCCESS
[memcmp.pointer_dereference.4] line 27 dereference failure: dead object in *tmp_post_sc1: SUCCESS
[memcmp.pointer_dereference.5] line 27 dereference failure: pointer outside object bounds in *tmp_post_sc1: SUCCESS
[memcmp.pointer_dereference.6] line 27 dereference failure: invalid integer address in *tmp_post_sc1: SUCCESS
[memcmp.pointer_dereference.7] line 27 dereference failure: pointer NULL in *tmp_post_sc2: SUCCESS
[memcmp.pointer_dereference.8] line 27 dereference failure: pointer invalid in *tmp_post_sc2: SUCCESS
[memcmp.pointer_dereference.9] line 27 dereference failure: deallocated dynamic object in *tmp_post_sc2: SUCCESS
[memcmp.pointer_dereference.10] line 27 dereference failure: dead object in *tmp_post_sc2: SUCCESS
[memcmp.pointer_dereference.11] line 27 dereference failure: pointer outside object bounds in *tmp_post_sc2: SUCCESS
[memcmp.pointer_dereference.12] line 27 dereference failure: invalid integer address in *tmp_post_sc2: SUCCESS

<builtin-library-strcpy> function strcpy
[strcpy.overflow.1] line 29 arithmetic overflow on unsigned to signed type conversion in (signed long int)i: SUCCESS
[strcpy.pointer_arithmetic.1] line 29 pointer arithmetic: pointer NULL in src + (signed long int)i: SUCCESS
[strcpy.pointer_arithmetic.2] line 29 pointer arithmetic: pointer invalid in src + (signed long int)i: SUCCESS
[strcpy.pointer_arithmetic.3] line 29 pointer arithmetic: deallocated dynamic object in src + (signed long int)i: SUCCESS
[strcpy.pointer_arithmetic.4] line 29 pointer arithmetic: dead object in src + (signed long int)i: SUCCESS
[strcpy.pointer_arithmetic.5] line 29 pointer arithmetic: pointer outside object bounds in src + (signed long int)i: SUCCESS
[strcpy.pointer_arithmetic.6] line 29 pointer arithmetic: invalid integer address in src + (signed long int)i: SUCCESS
[strcpy.pointer_dereference.1] line 29 dereference failure: pointer NULL in src[(signed long int)i]: SUCCESS
[strcpy.pointer_dereference.2] line 29 dereference failure: pointer invalid in src[(signed long int)i]: SUCCESS
[strcpy.pointer_dereference.3] line 29 dereference failure: deallocated dynamic object in src[(signed long int)i]: SUCCESS
[strcpy.pointer_dereference.4] line 29 dereference failure: dead object in src[(signed long int)i]: SUCCESS
[strcpy.pointer_dereference.5] line 29 dereference failure: pointer outside object bounds in src[(signed long int)i]: SUCCESS
[strcpy.pointer_dereference.6] line 29 dereference failure: invalid integer address in src[(signed long int)i]: SUCCESS
[strcpy.pointer_arithmetic.7] line 30 pointer arithmetic: pointer NULL in dst + (signed long int)i: SUCCESS
[strcpy.pointer_arithmetic.8] line 30 pointer arithmetic: pointer invalid in dst + (signed long int)i: SUCCESS
[strcpy.pointer_arithmetic.9] line 30 pointer arithmetic: deallocated dynamic object in dst + (signed long int)i: SUCCESS
[strcpy.pointer_arithmetic.10] line 30 pointer arithmetic: dead object in dst + (signed long int)i: SUCCESS
[strcpy.pointer_arithmetic.11] line 30 pointer arithmetic: pointer outside object bounds in dst + (signed long int)i: SUCCESS
[strcpy.pointer_arithmetic.12] line 30 pointer arithmetic: invalid integer address in dst + (signed long int)i: SUCCESS
[strcpy.pointer_dereference.7] line 30 dereference failure: pointer NULL in dst[(signed long int)i]: SUCCESS
[strcpy.pointer_dereference.8] line 30 dereference failure: pointer invalid in dst[(signed long int)i]: SUCCESS
[strcpy.pointer_dereference.9] line 30 dereference failure: deallocated dynamic object in dst[(signed long int)i]: SUCCESS
[strcpy.pointer_dereference.10] line 30 dereference failure: dead object in dst[(signed long int)i]: SUCCESS
[strcpy.pointer_dereference.11] line 30 dereference failure: pointer outside object bounds in dst[(signed long int)i]: SUCCESS
[strcpy.pointer_dereference.12] line 30 dereference failure: invalid integer address in dst[(signed long int)i]: SUCCESS
[strcpy.overflow.2] line 31 arithmetic overflow on unsigned + in i + 1ul: SUCCESS

source/algos/include/cbmc.h function bf_search
[bf_search.assertion.1] line 33 assertion m < MAX_M: SUCCESS
[bf_search.assertion.2] line 34 assertion n < MAX_N: SUCCESS
[bf_search.overflow.1] line 36 arithmetic overflow on signed - in n - m: SUCCESS
[bf_search.overflow.4] line 36 arithmetic overflow on signed + in j + 1: SUCCESS
[bf_search.overflow.2] line 39 arithmetic overflow on signed to unsigned type conversion in (size_t)m: SUCCESS
[bf_search.pointer_arithmetic.1] line 39 pointer arithmetic: pointer NULL in y + (signed long int)j: SUCCESS
[bf_search.pointer_arithmetic.2] line 39 pointer arithmetic: pointer invalid in y + (signed long int)j: SUCCESS
[bf_search.pointer_arithmetic.3] line 39 pointer arithmetic: deallocated dynamic object in y + (signed long int)j: SUCCESS
[bf_search.pointer_arithmetic.4] line 39 pointer arithmetic: dead object in y + (signed long int)j: SUCCESS
[bf_search.pointer_arithmetic.5] line 39 pointer arithmetic: pointer outside object bounds in y + (signed long int)j: SUCCESS
[bf_search.pointer_arithmetic.6] line 39 pointer arithmetic: invalid integer address in y + (signed long int)j: SUCCESS
[bf_search.overflow.3] line 40 arithmetic overflow on signed + in count + 1: SUCCESS

source/algos/include/cbmc.h function bf_search_large
[bf_search_large.overflow.1] line 48 arithmetic overflow on signed - in n - m: SUCCESS
[bf_search_large.overflow.4] line 48 arithmetic overflow on signed + in j + 1: SUCCESS
[bf_search_large.overflow.2] line 52 arithmetic overflow on signed to unsigned type conversion in (size_t)m: SUCCESS
[bf_search_large.pointer_arithmetic.1] line 52 pointer arithmetic: pointer NULL in y + (signed long int)j: SUCCESS
[bf_search_large.pointer_arithmetic.2] line 52 pointer arithmetic: pointer invalid in y + (signed long int)j: SUCCESS
[bf_search_large.pointer_arithmetic.3] line 52 pointer arithmetic: deallocated dynamic object in y + (signed long int)j: SUCCESS
[bf_search_large.pointer_arithmetic.4] line 52 pointer arithmetic: dead object in y + (signed long int)j: SUCCESS
[bf_search_large.pointer_arithmetic.5] line 52 pointer arithmetic: pointer outside object bounds in y + (signed long int)j: SUCCESS
[bf_search_large.pointer_arithmetic.6] line 52 pointer arithmetic: invalid integer address in y + (signed long int)j: SUCCESS
[bf_search_large.overflow.3] line 53 arithmetic overflow on signed + in count + 1: SUCCESS

source/algos/include/cbmc.h function main
[main.overflow.1] line 80 arithmetic overflow on signed + in i + 1: SUCCESS
[main.array_bounds.1] line 82 array 'P' lower bound in P[(signed long int)i]: SUCCESS
[main.array_bounds.2] line 82 array 'P' upper bound in P[(signed long int)i]: SUCCESS
[main.array_bounds.3] line 82 array 'P' lower bound in P[(signed long int)i]: SUCCESS
[main.array_bounds.4] line 82 array 'P' upper bound in P[(signed long int)i]: SUCCESS
[main.array_bounds.5] line 82 array 'P' lower bound in P[(signed long int)i]: SUCCESS
[main.array_bounds.6] line 82 array 'P' upper bound in P[(signed long int)i]: SUCCESS
[main.overflow.2] line 83 arithmetic overflow on signed + in i + 1: SUCCESS
[main.array_bounds.7] line 85 array 'T' lower bound in T[(signed long int)i]: SUCCESS
[main.array_bounds.8] line 85 array 'T' upper bound in T[(signed long int)i]: SUCCESS
[main.array_bounds.9] line 85 array 'T' lower bound in T[(signed long int)i]: SUCCESS
[main.array_bounds.10] line 85 array 'T' upper bound in T[(signed long int)i]: SUCCESS
[main.array_bounds.11] line 85 array 'T' lower bound in T[(signed long int)i]: SUCCESS
[main.array_bounds.12] line 85 array 'T' upper bound in T[(signed long int)i]: SUCCESS
[main.assertion.1] line 111 assertion ref == occ: SUCCESS
[main.assertion.2] line 114 assertion ref == occ: SUCCESS
[main.assertion.3] line 117 assertion ref == occ: SUCCESS
[main.assertion.4] line 118 assertion ref == occ: SUCCESS
[main.assertion.5] line 119 assertion ref == occ: SUCCESS
[main.assertion.6] line 120 assertion ref == occ: SUCCESS
[main.assertion.7] line 121 assertion ref == occ: SUCCESS
[main.assertion.8] line 122 assertion ref == occ: SUCCESS
[main.assertion.9] line 123 assertion ref == occ: SUCCESS
[main.assertion.10] line 124 assertion ref == occ: SUCCESS
[main.assertion.11] line 125 assertion ref == occ: SUCCESS
[main.assertion.12] line 126 assertion ref == occ: SUCCESS
[main.assertion.13] line 129 assertion ref == occ: SUCCESS
[main.assertion.14] line 130 assertion ref == occ: SUCCESS
[main.assertion.15] line 133 assertion ref == occ: SUCCESS
[main.assertion.16] line 134 assertion ref == occ: SUCCESS
[main.assertion.17] line 135 assertion ref == occ: SUCCESS
[main.assertion.18] line 136 assertion ref == occ: SUCCESS
[main.assertion.19] line 139 assertion ref == occ: SUCCESS
[main.assertion.20] line 140 assertion ref == occ: SUCCESS
[main.assertion.21] line 141 assertion ref == occ: SUCCESS
[main.assertion.22] line 142 assertion ref == occ: SUCCESS
[main.assertion.23] line 143 assertion ref == occ: SUCCESS
[main.assertion.24] line 144 assertion ref == occ: SUCCESS
[main.assertion.25] line 145 assertion ref == occ: SUCCESS
[main.assertion.26] line 148 assertion ref == occ: SUCCESS
[main.assertion.27] line 149 assertion ref == occ: SUCCESS
[main.assertion.28] line 150 assertion ref == occ: SUCCESS
[main.assertion.29] line 151 assertion ref == occ: SUCCESS
[main.assertion.30] line 152 assertion ref == occ: SUCCESS
[main.assertion.31] line 155 assertion ref == occ: SUCCESS
[main.assertion.32] line 158 assertion ref == occ: SUCCESS
[main.assertion.33] line 159 assertion ref == occ: SUCCESS
[main.assertion.34] line 160 assertion ref == occ: SUCCESS
[main.precondition_instance.1] line 163 strcpy src/dst overlap: SUCCESS
[main.assertion.35] line 165 assertion ref == occ: SUCCESS
[main.assertion.36] line 166 assertion ref == occ: SUCCESS
[main.assertion.37] line 169 assertion ref == occ: SUCCESS
[main.assertion.38] line 170 assertion ref == occ: SUCCESS
[main.assertion.39] line 173 assertion ref == occ: SUCCESS
[main.assertion.40] line 174 assertion ref == occ: SUCCESS
[main.assertion.41] line 177 assertion ref == occ: SUCCESS
[main.assertion.42] line 178 assertion ref == occ: SUCCESS

source/algos/krsimd.c function polynomial_hash
[polynomial_hash.overflow.3] line 26 arithmetic overflow on signed + in i + 1: SUCCESS
[polynomial_hash.overflow.1] line 27 arithmetic overflow on unsigned * in hash * 257u: SUCCESS
[polynomial_hash.overflow.2] line 27 arithmetic overflow on unsigned + in hash * 257u + (unsigned int)text[(signed long int)i]: SUCCESS
[polynomial_hash.pointer_arithmetic.1] line 27 pointer arithmetic: pointer NULL in text + (signed long int)i: SUCCESS
[polynomial_hash.pointer_arithmetic.2] line 27 pointer arithmetic: pointer invalid in text + (signed long int)i: SUCCESS
[polynomial_hash.pointer_arithmetic.3] line 27 pointer arithmetic: deallocated dynamic object in text + (signed long int)i: SUCCESS
[polynomial_hash.pointer_arithmetic.4] line 27 pointer arithmetic: dead object in text + (signed long int)i: SUCCESS
[polynomial_hash.pointer_arithmetic.5] line 27 pointer arithmetic: pointer outside object bounds in text + (signed long int)i: SUCCESS
[polynomial_hash.pointer_arithmetic.6] line 27 pointer arithmetic: invalid integer address in text + (signed long int)i: SUCCESS
[polynomial_hash.pointer_dereference.1] line 27 dereference failure: pointer NULL in text[(signed long int)i]: SUCCESS
[polynomial_hash.pointer_dereference.2] line 27 dereference failure: pointer invalid in text[(signed long int)i]: SUCCESS
[polynomial_hash.pointer_dereference.3] line 27 dereference failure: deallocated dynamic object in text[(signed long int)i]: SUCCESS
[polynomial_hash.pointer_dereference.4] line 27 dereference failure: dead object in text[(signed long int)i]: SUCCESS
[polynomial_hash.pointer_dereference.5] line 27 dereference failure: pointer outside object bounds in text[(signed long int)i]: SUCCESS
[polynomial_hash.pointer_dereference.6] line 27 dereference failure: invalid integer address in text[(signed long int)i]: SUCCESS

source/algos/krsimd.c function scalar_search
[scalar_search.overflow.2] line 39 arithmetic overflow on signed + in i + 1: SUCCESS
[scalar_search.overflow.1] line 40 arithmetic overflow on unsigned * in factor * 257u: SUCCESS
[scalar_search.overflow.3] line 46 arithmetic overflow on signed - in n - m: SUCCESS
[scalar_search.overflow.12] line 46 arithmetic overflow on signed + in i + 1: SUCCESS
[scalar_search.overflow.4] line 47 arithmetic overflow on signed to unsigned type conversion in (size_t)m: SUCCESS
[scalar_search.pointer_arithmetic.1] line 47 pointer arithmetic: pointer NULL in y + (signed long int)i: SUCCESS
[scalar_search.pointer_arithmetic.2] line 47 pointer arithmetic: pointer invalid in y + (signed long int)i: SUCCESS
[scalar_search.pointer_arithmetic.3] line 47 pointer arithmetic: deallocated dynamic object in y + (signed long int)i: SUCCESS
[scalar_search.pointer_arithmetic.4] line 47 pointer arithmetic: dead object in y + (signed long int)i: SUCCESS
[scalar_search.pointer_arithmetic.5] line 47 pointer arithmetic: pointer outside object bounds in y + (signed long int)i: SUCCESS
[scalar_search.pointer_arithmetic.6] line 47 pointer arithmetic: invalid integer address in y + (signed long int)i: SUCCESS
[scalar_search.overflow.5] line 48 arithmetic overflow on signed + in count + 1: SUCCESS
[scalar_search.overflow.6] line 49 arithmetic overflow on signed - in n - m: SUCCESS
[scalar_search.overflow.7] line 50 arithmetic overflow on unsigned * in text_hash * 257u: SUCCESS
[scalar_search.overflow.8] line 50 arithmetic overflow on signed + in i + m: SUCCESS
[scalar_search.overflow.9] line 50 arithmetic overflow on unsigned + in text_hash * 257u + (unsigned int)y[(signed long int)(i + m)]: SUCCESS
[scalar_search.overflow.10] line 50 arithmetic overflow on unsigned * in factor * (unsigned int)y[(signed long int)i]: SUCCESS
[scalar_search.overflow.11] line 50 arithmetic overflow on unsigned - in (text_hash * 257u + (unsigned int)y[(signed long int)(i + m)]) - factor * (unsigned int)y[(signed long int)i]: SUCCESS
[scalar_search.pointer_arithmetic.7] line 50 pointer arithmetic: pointer NULL in y + (signed long int)(i + m): SUCCESS
[scalar_search.pointer_arithmetic.8] line 50 pointer arithmetic: pointer invalid in y + (signed long int)(i + m): SUCCESS
[scalar_search.pointer_arithmetic.9] line 50 pointer arithmetic: deallocated dynamic object in y + (signed long int)(i + m): SUCCESS
[scalar_search.pointer_arithmetic.10] line 50 pointer arithmetic: dead object in y + (signed long int)(i + m): SUCCESS
[scalar_search.pointer_arithmetic.11] line 50 pointer arithmetic: pointer outside object bounds in y + (signed long int)(i + m): SUCCESS
[scalar_search.pointer_arithmetic.12] line 50 pointer arithmetic: invalid integer address in y + (signed long int)(i + m): SUCCESS
[scalar_search.pointer_arithmetic.13] line 50 pointer arithmetic: pointer NULL in y + (signed long int)i: SUCCESS
[scalar_search.pointer_arithmetic.14] line 50 pointer arithmetic: pointer invalid in y + (signed long int)i: SUCCESS
[scalar_search.pointer_arithmetic.15] line 50 pointer arithmetic: deallocated dynamic object in y + (signed long int)i: SUCCESS
[scalar_search.pointer_arithmetic.16] line 50 pointer arithmetic: dead object in y + (signed long int)i: SUCCESS
[scalar_search.pointer_arithmetic.17] line 50 pointer arithmetic: pointer outside object bounds in y + (signed long int)i: SUCCESS
[scalar_search.pointer_arithmetic.18] line 50 pointer arithmetic: invalid integer address in y + (signed long int)i: SUCCESS
[scalar_search.pointer_dereference.1] line 50 dereference failure: pointer NULL in y[(signed long int)(i + m)]: SUCCESS
[scalar_search.pointer_dereference.2] line 50 dereference failure: pointer invalid in y[(signed long int)(i + m)]: SUCCESS
[scalar_search.pointer_dereference.3] line 50 dereference failure: deallocated dynamic object in y[(signed long int)(i + m)]: SUCCESS
[scalar_search.pointer_dereference.4] line 50 dereference failure: dead object in y[(signed long int)(i + m)]: SUCCESS
[scalar_search.pointer_dereference.5] line 50 dereference failure: pointer outside object bounds in y[(signed long int)(i + m)]: SUCCESS
[scalar_search.pointer_dereference.6] line 50 dereference failure: invalid integer address in y[(signed long int)(i + m)]: SUCCESS
[scalar_search.pointer_dereference.7] line 50 dereference failure: pointer NULL in y[(signed long int)i]: SUCCESS
[scalar_search.pointer_dereference.8] line 50 dereference failure: pointer invalid in y[(signed long int)i]: SUCCESS
[scalar_search.pointer_dereference.9] line 50 dereference failure: deallocated dynamic object in y[(signed long int)i]: SUCCESS
[scalar_search.pointer_dereference.10] line 50 dereference failure: dead object in y[(signed long int)i]: SUCCESS
[scalar_search.pointer_dereference.11] line 50 dereference failure: pointer outside object bounds in y[(signed long int)i]: SUCCESS
[scalar_search.pointer_dereference.12] line 50 dereference failure: invalid integer address in y[(signed long int)i]: SUCCESS

** 0 of 191 failed (1 iterations)
VERIFICATION SUCCESSFUL
source/algos/epsm.c
timeout 4m cbmc --verbosity 7 --unwinding-assertions --slice-formula 
timeout 4m cbmc --verbosity 7 --unwinding-assertions --slice-formula --trace -Isource/algos -DCBMC --bounds-check --pointer-check --memory-leak-check --div-by-zero-check --signed-overflow-check --unsigned-overflow-check --pointer-overflow-check --conversion-check --undefined-shift-check --float-overflow-check --nan-check --enum-range-check source/algos/epsm.c
CBMC version 6.4.1 (cbmc-6.4.1-176-g0827dcaeaa) 64-bit x86_64 linux
Type-checking epsm
Generating GOTO Program
Adding CPROVER library (x86_64)
Removal of function pointers and virtual functions
Generic Property Instrumentation
Starting Bounded Model Checking

** Results:
function __CPROVER__start
[__CPROVER__start.memory-leak.1] dynamically allocated memory never freed in __CPROVER_memory_leak == NULL: SUCCESS

<builtin-library-malloc> function malloc
[malloc.assertion.1] line 31 max allocation size exceeded: SUCCESS
[malloc.assertion.2] line 36 max allocation may fail: SUCCESS

<builtin-library-memcmp> function memcmp
[memcmp.precondition.1] line 19 memcmp region 1 readable: SUCCESS
[memcmp.precondition.2] line 21 memcpy region 2 readable: SUCCESS
[memcmp.overflow.2] line 25 arithmetic overflow on unsigned - in n - 1ul: SUCCESS
[memcmp.overflow.1] line 27 arithmetic overflow on signed - in (signed int)*tmp_post_sc1 - (signed int)*tmp_post_sc2: SUCCESS
[memcmp.pointer_arithmetic.1] line 27 pointer arithmetic: pointer NULL in sc1 + 1l: SUCCESS
[memcmp.pointer_arithmetic.2] line 27 pointer arithmetic: pointer invalid in sc1 + 1l: SUCCESS
[memcmp.pointer_arithmetic.3] line 27 pointer arithmetic: deallocated dynamic object in sc1 + 1l: SUCCESS
[memcmp.pointer_arithmetic.4] line 27 pointer arithmetic: dead object in sc1 + 1l: SUCCESS
[memcmp.pointer_arithmetic.5] line 27 pointer arithmetic: pointer outside object bounds in sc1 + 1l: SUCCESS
[memcmp.pointer_arithmetic.6] line 27 pointer arithmetic: invalid integer address in sc1 + 1l: SUCCESS
[memcmp.pointer_arithmetic.7] line 27 pointer arithmetic: pointer NULL in sc2 + 1l: SUCCESS
[memcmp.pointer_arithmetic.8] line 27 pointer arithmetic: pointer invalid in sc2 + 1l: SUCCESS
[memcmp.pointer_arithmetic.9] line 27 pointer arithmetic: deallocated dynamic object in sc2 + 1l: SUCCESS
[memcmp.pointer_arithmetic.10] line 27 pointer arithmetic: dead object in sc2 + 1l: SUCCESS
[memcmp.pointer_arithmetic.11] line 27 pointer arithmetic: pointer outside object bounds in sc2 + 1l: SUCCESS
[memcmp.pointer_arithmetic.12] line 27 pointer arithmetic: invalid integer address in sc2 + 1l: SUCCESS
[memcmp.pointer_dereference.1] line 27 dereference failure: pointer NULL in *tmp_post_sc1: SUCCESS
[memcmp.pointer_dereference.2] line 27 dereference failure: pointer invalid in *tmp_post_sc1: SUCCESS
[memcmp.pointer_dereference.3] line 27 dereference failure: deallocated dynamic object in *tmp_post_sc1: SUCCESS
[memcmp.pointer_dereference.4] line 27 dereference failure: dead object in *tmp_post_sc1: SUCCESS
[memcmp.pointer_dereference.5] line 27 dereference failure: pointer outside object bounds in *tmp_post_sc1: SUCCESS
[memcmp.pointer_dereference.6] line 27 dereference failure: invalid integer address in *tmp_post_sc1: SUCCESS
[memcmp.pointer_dereference.7] line 27 dereference failure: pointer NULL in *tmp_post_sc2: SUCCESS
[memcmp.pointer_dereference.8] line 27 dereference failure: pointer invalid in *tmp_post_sc2: SUCCESS
[memcmp.pointer_dereference.9] line 27 dereference failure: deallocated dynamic object in *tmp_post_sc2: SUCCESS
[memcmp.pointer_dereference.10] line 27 dereference failure: dead object in *tmp_post_sc2: SUCCESS
[memcmp.pointer_dereference.11] line 27 dereference failure: pointer outside object bounds in *tmp_post_sc2: SUCCESS
[memcmp.pointer_dereference.12] line 27 dereference failure: invalid integer address in *tmp_post_sc2: SUCCESS

<builtin-library-memcpy> function memcpy
[memcpy.pointer.1] line 33 same object violation in (const char *)(const void *)&pattern[(signed long int)i] >= (const char *)(void *)&word + (signed long int)sizeof(uint64_t) /*8ul*/ : SUCCESS
[memcpy.pointer_arithmetic.1] line 33 pointer arithmetic: dead object in (const char *)(void *)&word + (signed long int)sizeof(uint64_t) /*8ul*/ : SUCCESS
[memcpy.pointer_arithmetic.2] line 33 pointer relation: pointer NULL in (const char *)(const void *)&pattern[(signed long int)i]: SUCCESS
[memcpy.pointer_arithmetic.3] line 33 pointer relation: pointer invalid in (const char *)(const void *)&pattern[(signed long int)i]: SUCCESS
[memcpy.pointer_arithmetic.4] line 33 pointer relation: deallocated dynamic object in (const char *)(const void *)&pattern[(signed long int)i]: SUCCESS
[memcpy.pointer_arithmetic.5] line 33 pointer relation: dead object in (const char *)(const void *)&pattern[(signed long int)i]: SUCCESS
[memcpy.pointer_arithmetic.6] line 33 pointer relation: pointer outside object bounds in (const char *)(const void *)&pattern[(signed long int)i]: SUCCESS
[memcpy.pointer_arithmetic.7] line 33 pointer relation: invalid integer address in (const char *)(const void *)&pattern[(signed long int)i]: SUCCESS
[memcpy.pointer.2] line 34 same object violation in (const char *)(void *)&word >= (const char *)(const void *)&pattern[(signed long int)i] + (signed long int)sizeof(uint64_t) /*8ul*/ : SUCCESS
[memcpy.pointer_arithmetic.8] line 34 pointer arithmetic: pointer NULL in (const char *)(const void *)&pattern[(signed long int)i] + (signed long int)sizeof(uint64_t) /*8ul*/ : SUCCESS
[memcpy.pointer_arithmetic.9] line 34 pointer arithmetic: pointer invalid in (const char *)(const void *)&pattern[(signed long int)i] + (signed long int)sizeof(uint64_t) /*8ul*/ : SUCCESS
[memcpy.pointer_arithmetic.10] line 34 pointer arithmetic: deallocated dynamic object in (const char *)(const void *)&pattern[(signed long int)i] + (signed long int)sizeof(uint64_t) /*8ul*/ : SUCCESS
[memcpy.pointer_arithmetic.11] line 34 pointer arithmetic: dead object in (const char *)(const void *)&pattern[(signed long int)i] + (signed long int)sizeof(uint64_t) /*8ul*/ : SUCCESS
[memcpy.pointer_arithmetic.12] line 34 pointer arithmetic: pointer outside object bounds in (const char *)(const void *)&pattern[(signed long int)i] + (signed long int)sizeof(uint64_t) /*8ul*/ : SUCCESS
[memcpy.pointer_arithmetic.13] line 34 pointer arithmetic: invalid integer address in (const char *)(const void *)&pattern[(signed long int)i] + (signed long int)sizeof(uint64_t) /*8ul*/ : SUCCESS
[memcpy.pointer_arithmetic.14] line 34 pointer relation: dead object in (const char *)(void *)&word: SUCCESS
[memcpy.overflow.1] line 44 arithmetic overflow on unsigned to signed type conversion in (signed long int)n: SUCCESS
[memcpy.overflow.2] line 44 arithmetic overflow on signed to unsigned type conversion in (unsigned long int)(signed long int)n: SUCCESS

<builtin-library-memset> function memset
[memset.overflow.1] line 36 arithmetic overflow on unsigned to signed type conversion in (signed long int)n: SUCCESS
[memset.overflow.2] line 36 arithmetic overflow on signed to unsigned type conversion in (unsigned long int)(signed long int)n: SUCCESS

<builtin-library-strcpy> function strcpy
[strcpy.overflow.1] line 29 arithmetic overflow on unsigned to signed type conversion in (signed long int)i: SUCCESS
[strcpy.pointer_arithmetic.1] line 29 pointer arithmetic: pointer NULL in src + (signed long int)i: SUCCESS
[strcpy.pointer_arithmetic.2] line 29 pointer arithmetic: pointer invalid in src + (signed long int)i: SUCCESS
[strcpy.pointer_arithmetic.3] line 29 pointer arithmetic: deallocated dynamic object in src + (signed long int)i: SUCCESS
[strcpy.pointer_arithmetic.4] line 29 pointer arithmetic: dead object in src + (signed long int)i: SUCCESS
[strcpy.pointer_arithmetic.5] line 29 pointer arithmetic: pointer outside object bounds in src + (signed long int)i: SUCCESS
[strcpy.pointer_arithmetic.6] line 29 pointer arithmetic: invalid integer address in src + (signed long int)i: SUCCESS
[strcpy.pointer_dereference.1] line 29 dereference failure: pointer NULL in src[(signed long int)i]: SUCCESS
[strcpy.pointer_dereference.2] line 29 dereference failure: pointer invalid in src[(signed long int)i]: SUCCESS
[strcpy.pointer_dereference.3] line 29 dereference failure: deallocated dynamic object in src[(signed long int)i]: SUCCESS
[strcpy.pointer_dereference.4] line 29 dereference failure: dead object in src[(signed long int)i]: SUCCESS
[strcpy.pointer_dereference.5] line 29 dereference failure: pointer outside object bounds in src[(signed long int)i]: SUCCESS
[strcpy.pointer_dereference.6] line 29 dereference failure: invalid integer address in src[(signed long int)i]: SUCCESS
[strcpy.pointer_arithmetic.7] line 30 pointer arithmetic: pointer NULL in dst + (signed long int)i: SUCCESS
[strcpy.pointer_arithmetic.8] line 30 pointer arithmetic: pointer invalid in dst + (signed long int)i: SUCCESS
[strcpy.pointer_arithmetic.9] line 30 pointer arithmetic: deallocated dynamic object in dst + (signed long int)i: SUCCESS
[strcpy.pointer_arithmetic.10] line 30 pointer arithmetic: dead object in dst + (signed long int)i: SUCCESS
[strcpy.pointer_arithmetic.11] line 30 pointer arithmetic: pointer outside object bounds in dst + (signed long int)i: SUCCESS
[strcpy.pointer_arithmetic.12] line 30 pointer arithmetic: invalid integer address in dst + (signed long int)i: SUCCESS
[strcpy.pointer_dereference.7] line 30 dereference failure: pointer NULL in dst[(signed long int)i]: SUCCESS
[strcpy.pointer_dereference.8] line 30 dereference failure: pointer invalid in dst[(signed long int)i]: SUCCESS
[strcpy.pointer_dereference.9] line 30 dereference failure: deallocated dynamic object in dst[(signed long int)i]: SUCCESS
[strcpy.pointer_dereference.10] line 30 dereference failure: dead object in dst[(signed long int)i]: SUCCESS
[strcpy.pointer_dereference.11] line 30 dereference failure: pointer outside object bounds in dst[(signed long int)i]: SUCCESS
[strcpy.pointer_dereference.12] line 30 dereference failure: invalid integer address in dst[(signed long int)i]: SUCCESS
[strcpy.overflow.2] line 31 arithmetic overflow on unsigned + in i + 1ul: SUCCESS

source/algos/epsm.c function search
[search.overflow.1] line 420 arithmetic overflow on signed * in 2 * patlen: SUCCESS
[search.overflow.2] line 439 arithmetic overflow on signed * in 16 * (textlen / 16): SUCCESS
[search.pointer_arithmetic.1] line 439 pointer arithmetic: pointer NULL in x + (signed long int)(16 * (textlen / 16)): SUCCESS
[search.pointer_arithmetic.2] line 439 pointer arithmetic: pointer invalid in x + (signed long int)(16 * (textlen / 16)): SUCCESS
[search.pointer_arithmetic.3] line 439 pointer arithmetic: deallocated dynamic object in x + (signed long int)(16 * (textlen / 16)): SUCCESS
[search.pointer_arithmetic.4] line 439 pointer arithmetic: dead object in x + (signed long int)(16 * (textlen / 16)): SUCCESS
[search.pointer_arithmetic.5] line 439 pointer arithmetic: pointer outside object bounds in x + (signed long int)(16 * (textlen / 16)): SUCCESS
[search.pointer_arithmetic.6] line 439 pointer arithmetic: invalid integer address in x + (signed long int)(16 * (textlen / 16)): SUCCESS
[search.pointer_arithmetic.7] line 440 pointer arithmetic: pointer NULL in tend - 1l: SUCCESS
[search.pointer_arithmetic.8] line 440 pointer arithmetic: pointer invalid in tend - 1l: SUCCESS
[search.pointer_arithmetic.9] line 440 pointer arithmetic: deallocated dynamic object in tend - 1l: SUCCESS
[search.pointer_arithmetic.10] line 440 pointer arithmetic: dead object in tend - 1l: SUCCESS
[search.pointer_arithmetic.11] line 440 pointer arithmetic: pointer outside object bounds in tend - 1l: SUCCESS
[search.pointer_arithmetic.12] line 440 pointer arithmetic: invalid integer address in tend - 1l: SUCCESS
[search.overflow.3] line 445 arithmetic overflow on signed - in patlen - 5: SUCCESS
[search.pointer_arithmetic.13] line 445 pointer arithmetic: pointer NULL in pattern + (signed long int)(patlen - 5): SUCCESS
[search.pointer_arithmetic.14] line 445 pointer arithmetic: pointer invalid in pattern + (signed long int)(patlen - 5): SUCCESS
[search.pointer_arithmetic.15] line 445 pointer arithmetic: deallocated dynamic object in pattern + (signed long int)(patlen - 5): SUCCESS
[search.pointer_arithmetic.16] line 445 pointer arithmetic: dead object in pattern + (signed long int)(patlen - 5): SUCCESS
[search.pointer_arithmetic.17] line 445 pointer arithmetic: pointer outside object bounds in pattern + (signed long int)(patlen - 5): SUCCESS
[search.pointer_arithmetic.18] line 445 pointer arithmetic: invalid integer address in pattern + (signed long int)(patlen - 5): SUCCESS
[search.pointer_dereference.1] line 445 dereference failure: pointer NULL in pattern[(signed long int)(patlen - 5)]: SUCCESS
[search.pointer_dereference.2] line 445 dereference failure: pointer invalid in pattern[(signed long int)(patlen - 5)]: SUCCESS
[search.pointer_dereference.3] line 445 dereference failure: deallocated dynamic object in pattern[(signed long int)(patlen - 5)]: SUCCESS
[search.pointer_dereference.4] line 445 dereference failure: dead object in pattern[(signed long int)(patlen - 5)]: SUCCESS
[search.pointer_dereference.5] line 445 dereference failure: pointer outside object bounds in pattern[(signed long int)(patlen - 5)]: SUCCESS
[search.pointer_dereference.6] line 445 dereference failure: invalid integer address in pattern[(signed long int)(patlen - 5)]: SUCCESS
[search.overflow.4] line 446 arithmetic overflow on signed - in patlen - 4: SUCCESS
[search.pointer_arithmetic.19] line 446 pointer arithmetic: pointer NULL in pattern + (signed long int)(patlen - 4): SUCCESS
[search.pointer_arithmetic.20] line 446 pointer arithmetic: pointer invalid in pattern + (signed long int)(patlen - 4): SUCCESS
[search.pointer_arithmetic.21] line 446 pointer arithmetic: deallocated dynamic object in pattern + (signed long int)(patlen - 4): SUCCESS
[search.pointer_arithmetic.22] line 446 pointer arithmetic: dead object in pattern + (signed long int)(patlen - 4): SUCCESS
[search.pointer_arithmetic.23] line 446 pointer arithmetic: pointer outside object bounds in pattern + (signed long int)(patlen - 4): SUCCESS
[search.pointer_arithmetic.24] line 446 pointer arithmetic: invalid integer address in pattern + (signed long int)(patlen - 4): SUCCESS
[search.pointer_dereference.7] line 446 dereference failure: pointer NULL in pattern[(signed long int)(patlen - 4)]: SUCCESS
[search.pointer_dereference.8] line 446 dereference failure: pointer invalid in pattern[(signed long int)(patlen - 4)]: SUCCESS
[search.pointer_dereference.9] line 446 dereference failure: deallocated dynamic object in pattern[(signed long int)(patlen - 4)]: SUCCESS
[search.pointer_dereference.10] line 446 dereference failure: dead object in pattern[(signed long int)(patlen - 4)]: SUCCESS
[search.pointer_dereference.11] line 446 dereference failure: pointer outside object bounds in pattern[(signed long int)(patlen - 4)]: SUCCESS
[search.pointer_dereference.12] line 446 dereference failure: invalid integer address in pattern[(signed long int)(patlen - 4)]: SUCCESS
[search.overflow.5] line 447 arithmetic overflow on signed - in patlen - 3: SUCCESS
[search.pointer_arithmetic.25] line 447 pointer arithmetic: pointer NULL in pattern + (signed long int)(patlen - 3): SUCCESS
[search.pointer_arithmetic.26] line 447 pointer arithmetic: pointer invalid in pattern + (signed long int)(patlen - 3): SUCCESS
[search.pointer_arithmetic.27] line 447 pointer arithmetic: deallocated dynamic object in pattern + (signed long int)(patlen - 3): SUCCESS
[search.pointer_arithmetic.28] line 447 pointer arithmetic: dead object in pattern + (signed long int)(patlen - 3): SUCCESS
[search.pointer_arithmetic.29] line 447 pointer arithmetic: pointer outside object bounds in pattern + (signed long int)(patlen - 3): SUCCESS
[search.pointer_arithmetic.30] line 447 pointer arithmetic: invalid integer address in pattern + (signed long int)(patlen - 3): SUCCESS
[search.pointer_dereference.13] line 447 dereference failure: pointer NULL in pattern[(signed long int)(patlen - 3)]: SUCCESS
[search.pointer_dereference.14] line 447 dereference failure: pointer invalid in pattern[(signed long int)(patlen - 3)]: SUCCESS
[search.pointer_dereference.15] line 447 dereference failure: deallocated dynamic object in pattern[(signed long int)(patlen - 3)]: SUCCESS
[search.pointer_dereference.16] line 447 dereference failure: dead object in pattern[(signed long int)(patlen - 3)]: SUCCESS
[search.pointer_dereference.17] line 447 dereference failure: pointer outside object bounds in pattern[(signed long int)(patlen - 3)]: SUCCESS
[search.pointer_dereference.18] line 447 dereference failure: invalid integer address in pattern[(signed long int)(patlen - 3)]: SUCCESS
[search.overflow.6] line 448 arithmetic overflow on signed - in patlen - 2: SUCCESS
[search.pointer_arithmetic.31] line 448 pointer arithmetic: pointer NULL in pattern + (signed long int)(patlen - 2): SUCCESS
[search.pointer_arithmetic.32] line 448 pointer arithmetic: pointer invalid in pattern + (signed long int)(patlen - 2): SUCCESS
[search.pointer_arithmetic.33] line 448 pointer arithmetic: deallocated dynamic object in pattern + (signed long int)(patlen - 2): SUCCESS
[search.pointer_arithmetic.34] line 448 pointer arithmetic: dead object in pattern + (signed long int)(patlen - 2): SUCCESS
[search.pointer_arithmetic.35] line 448 pointer arithmetic: pointer outside object bounds in pattern + (signed long int)(patlen - 2): SUCCESS
[search.pointer_arithmetic.36] line 448 pointer arithmetic: invalid integer address in pattern + (signed long int)(patlen - 2): SUCCESS
[search.pointer_dereference.19] line 448 dereference failure: pointer NULL in pattern[(signed long int)(patlen - 2)]: SUCCESS
[search.pointer_dereference.20] line 448 dereference failure: pointer invalid in pattern[(signed long int)(patlen - 2)]: SUCCESS
[search.pointer_dereference.21] line 448 dereference failure: deallocated dynamic object in pattern[(signed long int)(patlen - 2)]: SUCCESS
[search.pointer_dereference.22] line 448 dereference failure: dead object in pattern[(signed long int)(patlen - 2)]: SUCCESS
[search.pointer_dereference.23] line 448 dereference failure: pointer outside object bounds in pattern[(signed long int)(patlen - 2)]: SUCCESS
[search.pointer_dereference.24] line 448 dereference failure: invalid integer address in pattern[(signed long int)(patlen - 2)]: SUCCESS
[search.overflow.7] line 451 arithmetic overflow on signed - in patlen - 1: SUCCESS
[search.overflow.8] line 452 arithmetic overflow on signed + in i + 1: SUCCESS
[search.overflow.9] line 453 arithmetic overflow on signed * in (signed long int)i * (signed long int)16ul: SUCCESS
[search.pointer_arithmetic.37] line 453 pointer arithmetic: pointer NULL in text + (signed long int)i: SUCCESS
[search.pointer_arithmetic.38] line 453 pointer arithmetic: pointer invalid in text + (signed long int)i: SUCCESS
[search.pointer_arithmetic.39] line 453 pointer arithmetic: deallocated dynamic object in text + (signed long int)i: SUCCESS
[search.pointer_arithmetic.40] line 453 pointer arithmetic: dead object in text + (signed long int)i: SUCCESS
[search.pointer_arithmetic.41] line 453 pointer arithmetic: pointer outside object bounds in text + (signed long int)i: SUCCESS
[search.pointer_arithmetic.42] line 453 pointer arithmetic: invalid integer address in text + (signed long int)i: SUCCESS
[search.overflow.10] line 454 arithmetic overflow on signed * in i * 16: SUCCESS
[search.overflow.11] line 454 arithmetic overflow on signed + in i * 16 + 8: SUCCESS
[search.overflow.12] line 454 arithmetic overflow on signed - in (i * 16 + 8) - patlen: SUCCESS
[search.overflow.13] line 454 arithmetic overflow on signed + in ((i * 16 + 8) - patlen) + 1: SUCCESS
[search.overflow.14] line 454 arithmetic overflow on signed + in k + patlen: SUCCESS
[search.overflow.17] line 454 arithmetic overflow on signed + in k + 1: SUCCESS
[search.overflow.15] line 455 arithmetic overflow on signed to unsigned type conversion in (size_t)patlen: SUCCESS
[search.pointer_arithmetic.43] line 455 pointer arithmetic: pointer NULL in x + (signed long int)k: SUCCESS
[search.pointer_arithmetic.44] line 455 pointer arithmetic: pointer invalid in x + (signed long int)k: SUCCESS
[search.pointer_arithmetic.45] line 455 pointer arithmetic: deallocated dynamic object in x + (signed long int)k: SUCCESS
[search.pointer_arithmetic.46] line 455 pointer arithmetic: dead object in x + (signed long int)k: SUCCESS
[search.pointer_arithmetic.47] line 455 pointer arithmetic: pointer outside object bounds in x + (signed long int)k: SUCCESS
[search.pointer_arithmetic.48] line 455 pointer arithmetic: invalid integer address in x + (signed long int)k: SUCCESS
[search.overflow.16] line 456 arithmetic overflow on signed + in count + 1: SUCCESS
[search.pointer.1] line 462 same object violation in text < tend: SUCCESS
[search.pointer_arithmetic.49] line 462 pointer relation: pointer NULL in text: SUCCESS
[search.pointer_arithmetic.50] line 462 pointer relation: pointer invalid in text: SUCCESS
[search.pointer_arithmetic.51] line 462 pointer relation: deallocated dynamic object in text: SUCCESS
[search.pointer_arithmetic.52] line 462 pointer relation: dead object in text: SUCCESS
[search.pointer_arithmetic.53] line 462 pointer relation: pointer outside object bounds in text: SUCCESS
[search.pointer_arithmetic.54] line 462 pointer relation: invalid integer address in text: SUCCESS
[search.pointer_arithmetic.55] line 462 pointer relation: pointer NULL in tend: SUCCESS
[search.pointer_arithmetic.56] line 462 pointer relation: pointer invalid in tend: SUCCESS
[search.pointer_arithmetic.57] line 462 pointer relation: deallocated dynamic object in tend: SUCCESS
[search.pointer_arithmetic.58] line 462 pointer relation: dead object in tend: SUCCESS
[search.pointer_arithmetic.59] line 462 pointer relation: pointer outside object bounds in tend: SUCCESS
[search.pointer_arithmetic.60] line 462 pointer relation: invalid integer address in tend: SUCCESS
[search.array_bounds.1] line 466 array dynamic object upper bound in (*text)[0l]: SUCCESS
[search.array_bounds.2] line 466 array dynamic object upper bound in (*text)[1l]: SUCCESS
[search.pointer_dereference.25] line 466 dereference failure: pointer NULL in *text: SUCCESS
[search.pointer_dereference.26] line 466 dereference failure: pointer invalid in *text: SUCCESS
[search.pointer_dereference.27] line 466 dereference failure: deallocated dynamic object in *text: SUCCESS
[search.pointer_dereference.28] line 466 dereference failure: dead object in *text: SUCCESS
[search.pointer_dereference.29] line 466 dereference failure: pointer outside object bounds in *text: SUCCESS
[search.pointer_dereference.30] line 466 dereference failure: invalid integer address in *text: SUCCESS
[search.pointer_arithmetic.61] line 470 pointer arithmetic: pointer NULL in (unsigned char *)text + (signed long int)9: SUCCESS
[search.pointer_arithmetic.62] line 470 pointer arithmetic: pointer invalid in (unsigned char *)text + (signed long int)9: SUCCESS
[search.pointer_arithmetic.63] line 470 pointer arithmetic: deallocated dynamic object in (unsigned char *)text + (signed long int)9: SUCCESS
[search.pointer_arithmetic.64] line 470 pointer arithmetic: dead object in (unsigned char *)text + (signed long int)9: SUCCESS
[search.pointer_arithmetic.65] line 470 pointer arithmetic: pointer outside object bounds in (unsigned char *)text + (signed long int)9: SUCCESS
[search.pointer_arithmetic.66] line 470 pointer arithmetic: invalid integer address in (unsigned char *)text + (signed long int)9: SUCCESS
[search.pointer_arithmetic.67] line 470 pointer arithmetic: pointer NULL in ((unsigned char *)text + (signed long int)9) - (signed long int)patlen: SUCCESS
[search.pointer_arithmetic.68] line 470 pointer arithmetic: pointer invalid in ((unsigned char *)text + (signed long int)9) - (signed long int)patlen: SUCCESS
[search.pointer_arithmetic.69] line 470 pointer arithmetic: deallocated dynamic object in ((unsigned char *)text + (signed long int)9) - (signed long int)patlen: SUCCESS
[search.pointer_arithmetic.70] line 470 pointer arithmetic: dead object in ((unsigned char *)text + (signed long int)9) - (signed long int)patlen: SUCCESS
[search.pointer_arithmetic.71] line 470 pointer arithmetic: pointer outside object bounds in ((unsigned char *)text + (signed long int)9) - (signed long int)patlen: SUCCESS
[search.pointer_arithmetic.72] line 470 pointer arithmetic: invalid integer address in ((unsigned char *)text + (signed long int)9) - (signed long int)patlen: SUCCESS
[search.overflow.18] line 471 arithmetic overflow on signed to unsigned type conversion in (size_t)patlen: SUCCESS
[search.overflow.19] line 472 arithmetic overflow on signed + in count + 1: SUCCESS
[search.overflow.20] line 473 arithmetic overflow on signed to unsigned type conversion in (size_t)patlen: SUCCESS
[search.pointer_arithmetic.73] line 473 pointer arithmetic: pointer NULL in y0 + (signed long int)1: SUCCESS
[search.pointer_arithmetic.74] line 473 pointer arithmetic: pointer invalid in y0 + (signed long int)1: SUCCESS
[search.pointer_arithmetic.75] line 473 pointer arithmetic: deallocated dynamic object in y0 + (signed long int)1: SUCCESS
[search.pointer_arithmetic.76] line 473 pointer arithmetic: dead object in y0 + (signed long int)1: SUCCESS
[search.pointer_arithmetic.77] line 473 pointer arithmetic: pointer outside object bounds in y0 + (signed long int)1: SUCCESS
[search.pointer_arithmetic.78] line 473 pointer arithmetic: invalid integer address in y0 + (signed long int)1: SUCCESS
[search.overflow.21] line 474 arithmetic overflow on signed + in count + 1: SUCCESS
[search.overflow.22] line 475 arithmetic overflow on signed to unsigned type conversion in (size_t)patlen: SUCCESS
[search.pointer_arithmetic.79] line 475 pointer arithmetic: pointer NULL in y0 + (signed long int)2: SUCCESS
[search.pointer_arithmetic.80] line 475 pointer arithmetic: pointer invalid in y0 + (signed long int)2: SUCCESS
[search.pointer_arithmetic.81] line 475 pointer arithmetic: deallocated dynamic object in y0 + (signed long int)2: SUCCESS
[search.pointer_arithmetic.82] line 475 pointer arithmetic: dead object in y0 + (signed long int)2: SUCCESS
[search.pointer_arithmetic.83] line 475 pointer arithmetic: pointer outside object bounds in y0 + (signed long int)2: SUCCESS
[search.pointer_arithmetic.84] line 475 pointer arithmetic: invalid integer address in y0 + (signed long int)2: SUCCESS
[search.overflow.23] line 476 arithmetic overflow on signed + in count + 1: SUCCESS
[search.overflow.24] line 477 arithmetic overflow on signed to unsigned type conversion in (size_t)patlen: SUCCESS
[search.pointer_arithmetic.85] line 477 pointer arithmetic: pointer NULL in y0 + (signed long int)3: SUCCESS
[search.pointer_arithmetic.86] line 477 pointer arithmetic: pointer invalid in y0 + (signed long int)3: SUCCESS
[search.pointer_arithmetic.87] line 477 pointer arithmetic: deallocated dynamic object in y0 + (signed long int)3: SUCCESS
[search.pointer_arithmetic.88] line 477 pointer arithmetic: dead object in y0 + (signed long int)3: SUCCESS
[search.pointer_arithmetic.89] line 477 pointer arithmetic: pointer outside object bounds in y0 + (signed long int)3: SUCCESS
[search.pointer_arithmetic.90] line 477 pointer arithmetic: invalid integer address in y0 + (signed long int)3: SUCCESS
[search.overflow.25] line 478 arithmetic overflow on signed + in count + 1: SUCCESS
[search.overflow.26] line 479 arithmetic overflow on signed to unsigned type conversion in (size_t)patlen: SUCCESS
[search.pointer_arithmetic.91] line 479 pointer arithmetic: pointer NULL in y0 + (signed long int)4: SUCCESS
[search.pointer_arithmetic.92] line 479 pointer arithmetic: pointer invalid in y0 + (signed long int)4: SUCCESS
[search.pointer_arithmetic.93] line 479 pointer arithmetic: deallocated dynamic object in y0 + (signed long int)4: SUCCESS
[search.pointer_arithmetic.94] line 479 pointer arithmetic: dead object in y0 + (signed long int)4: SUCCESS
[search.pointer_arithmetic.95] line 479 pointer arithmetic: pointer outside object bounds in y0 + (signed long int)4: SUCCESS
[search.pointer_arithmetic.96] line 479 pointer arithmetic: invalid integer address in y0 + (signed long int)4: SUCCESS
[search.overflow.27] line 480 arithmetic overflow on signed + in count + 1: SUCCESS
[search.overflow.28] line 481 arithmetic overflow on signed to unsigned type conversion in (size_t)patlen: SUCCESS
[search.pointer_arithmetic.97] line 481 pointer arithmetic: pointer NULL in y0 + (signed long int)5: SUCCESS
[search.pointer_arithmetic.98] line 481 pointer arithmetic: pointer invalid in y0 + (signed long int)5: SUCCESS
[search.pointer_arithmetic.99] line 481 pointer arithmetic: deallocated dynamic object in y0 + (signed long int)5: SUCCESS
[search.pointer_arithmetic.100] line 481 pointer arithmetic: dead object in y0 + (signed long int)5: SUCCESS
[search.pointer_arithmetic.101] line 481 pointer arithmetic: pointer outside object bounds in y0 + (signed long int)5: SUCCESS
[search.pointer_arithmetic.102] line 481 pointer arithmetic: invalid integer address in y0 + (signed long int)5: SUCCESS
[search.overflow.29] line 482 arithmetic overflow on signed + in count + 1: SUCCESS
[search.overflow.30] line 483 arithmetic overflow on signed to unsigned type conversion in (size_t)patlen: SUCCESS
[search.pointer_arithmetic.103] line 483 pointer arithmetic: pointer NULL in y0 + (signed long int)6: SUCCESS
[search.pointer_arithmetic.104] line 483 pointer arithmetic: pointer invalid in y0 + (signed long int)6: SUCCESS
[search.pointer_arithmetic.105] line 483 pointer arithmetic: deallocated dynamic object in y0 + (signed long int)6: SUCCESS
[search.pointer_arithmetic.106] line 483 pointer arithmetic: dead object in y0 + (signed long int)6: SUCCESS
[search.pointer_arithmetic.107] line 483 pointer arithmetic: pointer outside object bounds in y0 + (signed long int)6: SUCCESS
[search.pointer_arithmetic.108] line 483 pointer arithmetic: invalid integer address in y0 + (signed long int)6: SUCCESS
[search.overflow.31] line 484 arithmetic overflow on signed + in count + 1: SUCCESS
[search.overflow.32] line 485 arithmetic overflow on signed to unsigned type conversion in (size_t)patlen: SUCCESS
[search.pointer_arithmetic.109] line 485 pointer arithmetic: pointer NULL in y0 + (signed long int)7: SUCCESS
[search.pointer_arithmetic.110] line 485 pointer arithmetic: pointer invalid in y0 + (signed long int)7: SUCCESS
[search.pointer_arithmetic.111] line 485 pointer arithmetic: deallocated dynamic object in y0 + (signed long int)7: SUCCESS
[search.pointer_arithmetic.112] line 485 pointer arithmetic: dead object in y0 + (signed long int)7: SUCCESS
[search.pointer_arithmetic.113] line 485 pointer arithmetic: pointer outside object bounds in y0 + (signed long int)7: SUCCESS
[search.pointer_arithmetic.114] line 485 pointer arithmetic: invalid integer address in y0 + (signed long int)7: SUCCESS
[search.overflow.33] line 486 arithmetic overflow on signed + in count + 1: SUCCESS
[search.array_bounds.3] line 489 array dynamic object upper bound in (*text)[0l]: SUCCESS
[search.array_bounds.4] line 489 array dynamic object upper bound in (*text)[1l]: SUCCESS
[search.array_bounds.5] line 489 array dynamic object upper bound in text[(signed long int)1][0l]: SUCCESS
[search.array_bounds.6] line 489 array dynamic object upper bound in text[(signed long int)1][1l]: SUCCESS
[search.pointer_arithmetic.115] line 489 pointer arithmetic: pointer NULL in text + (signed long int)1: SUCCESS
[search.pointer_arithmetic.116] line 489 pointer arithmetic: pointer invalid in text + (signed long int)1: SUCCESS
[search.pointer_arithmetic.117] line 489 pointer arithmetic: deallocated dynamic object in text + (signed long int)1: SUCCESS
[search.pointer_arithmetic.118] line 489 pointer arithmetic: dead object in text + (signed long int)1: SUCCESS
[search.pointer_arithmetic.119] line 489 pointer arithmetic: pointer outside object bounds in text + (signed long int)1: SUCCESS
[search.pointer_arithmetic.120] line 489 pointer arithmetic: invalid integer address in text + (signed long int)1: SUCCESS
[search.pointer_dereference.31] line 489 dereference failure: pointer NULL in *text: SUCCESS
[search.pointer_dereference.32] line 489 dereference failure: pointer invalid in *text: SUCCESS
[search.pointer_dereference.33] line 489 dereference failure: deallocated dynamic object in *text: SUCCESS
[search.pointer_dereference.34] line 489 dereference failure: dead object in *text: SUCCESS
[search.pointer_dereference.35] line 489 dereference failure: pointer outside object bounds in *text: SUCCESS
[search.pointer_dereference.36] line 489 dereference failure: invalid integer address in *text: SUCCESS
[search.pointer_dereference.37] line 489 dereference failure: pointer NULL in text[(signed long int)1]: SUCCESS
[search.pointer_dereference.38] line 489 dereference failure: pointer invalid in text[(signed long int)1]: SUCCESS
[search.pointer_dereference.39] line 489 dereference failure: deallocated dynamic object in text[(signed long int)1]: SUCCESS
[search.pointer_dereference.40] line 489 dereference failure: dead object in text[(signed long int)1]: SUCCESS
[search.pointer_dereference.41] line 489 dereference failure: pointer outside object bounds in text[(signed long int)1]: SUCCESS
[search.pointer_dereference.42] line 489 dereference failure: invalid integer address in text[(signed long int)1]: SUCCESS
[search.pointer_arithmetic.121] line 498 pointer arithmetic: pointer NULL in (unsigned char *)text + (signed long int)9: SUCCESS
[search.pointer_arithmetic.122] line 498 pointer arithmetic: pointer invalid in (unsigned char *)text + (signed long int)9: SUCCESS
[search.pointer_arithmetic.123] line 498 pointer arithmetic: deallocated dynamic object in (unsigned char *)text + (signed long int)9: SUCCESS
[search.pointer_arithmetic.124] line 498 pointer arithmetic: dead object in (unsigned char *)text + (signed long int)9: SUCCESS
[search.pointer_arithmetic.125] line 498 pointer arithmetic: pointer outside object bounds in (unsigned char *)text + (signed long int)9: SUCCESS
[search.pointer_arithmetic.126] line 498 pointer arithmetic: invalid integer address in (unsigned char *)text + (signed long int)9: SUCCESS
[search.pointer_arithmetic.127] line 498 pointer arithmetic: pointer NULL in (unsigned char *)text + (signed long int)9 + (signed long int)8: SUCCESS
[search.pointer_arithmetic.128] line 498 pointer arithmetic: pointer invalid in (unsigned char *)text + (signed long int)9 + (signed long int)8: SUCCESS
[search.pointer_arithmetic.129] line 498 pointer arithmetic: deallocated dynamic object in (unsigned char *)text + (signed long int)9 + (signed long int)8: SUCCESS
[search.pointer_arithmetic.130] line 498 pointer arithmetic: dead object in (unsigned char *)text + (signed long int)9 + (signed long int)8: SUCCESS
[search.pointer_arithmetic.131] line 498 pointer arithmetic: pointer outside object bounds in (unsigned char *)text + (signed long int)9 + (signed long int)8: SUCCESS
[search.pointer_arithmetic.132] line 498 pointer arithmetic: invalid integer address in (unsigned char *)text + (signed long int)9 + (signed long int)8: SUCCESS
[search.pointer_arithmetic.133] line 498 pointer arithmetic: pointer NULL in ((unsigned char *)text + (signed long int)9 + (signed long int)8) - (signed long int)patlen: SUCCESS
[search.pointer_arithmetic.134] line 498 pointer arithmetic: pointer invalid in ((unsigned char *)text + (signed long int)9 + (signed long int)8) - (signed long int)patlen: SUCCESS
[search.pointer_arithmetic.135] line 498 pointer arithmetic: deallocated dynamic object in ((unsigned char *)text + (signed long int)9 + (signed long int)8) - (signed long int)patlen: SUCCESS
[search.pointer_arithmetic.136] line 498 pointer arithmetic: dead object in ((unsigned char *)text + (signed long int)9 + (signed long int)8) - (signed long int)patlen: SUCCESS
[search.pointer_arithmetic.137] line 498 pointer arithmetic: pointer outside object bounds in ((unsigned char *)text + (signed long int)9 + (signed long int)8) - (signed long int)patlen: SUCCESS
[search.pointer_arithmetic.138] line 498 pointer arithmetic: invalid integer address in ((unsigned char *)text + (signed long int)9 + (signed long int)8) - (signed long int)patlen: SUCCESS
[search.overflow.34] line 499 arithmetic overflow on signed to unsigned type conversion in (size_t)patlen: SUCCESS
[search.overflow.35] line 500 arithmetic overflow on signed + in count + 1: SUCCESS
[search.overflow.36] line 501 arithmetic overflow on signed to unsigned type conversion in (size_t)patlen: SUCCESS
[search.pointer_arithmetic.139] line 501 pointer arithmetic: pointer NULL in y0 + (signed long int)1: SUCCESS
[search.pointer_arithmetic.140] line 501 pointer arithmetic: pointer invalid in y0 + (signed long int)1: SUCCESS
[search.pointer_arithmetic.141] line 501 pointer arithmetic: deallocated dynamic object in y0 + (signed long int)1: SUCCESS
[search.pointer_arithmetic.142] line 501 pointer arithmetic: dead object in y0 + (signed long int)1: SUCCESS
[search.pointer_arithmetic.143] line 501 pointer arithmetic: pointer outside object bounds in y0 + (signed long int)1: SUCCESS
[search.pointer_arithmetic.144] line 501 pointer arithmetic: invalid integer address in y0 + (signed long int)1: SUCCESS
[search.overflow.37] line 502 arithmetic overflow on signed + in count + 1: SUCCESS
[search.overflow.38] line 503 arithmetic overflow on signed to unsigned type conversion in (size_t)patlen: SUCCESS
[search.pointer_arithmetic.145] line 503 pointer arithmetic: pointer NULL in y0 + (signed long int)2: SUCCESS
[search.pointer_arithmetic.146] line 503 pointer arithmetic: pointer invalid in y0 + (signed long int)2: SUCCESS
[search.pointer_arithmetic.147] line 503 pointer arithmetic: deallocated dynamic object in y0 + (signed long int)2: SUCCESS
[search.pointer_arithmetic.148] line 503 pointer arithmetic: dead object in y0 + (signed long int)2: SUCCESS
[search.pointer_arithmetic.149] line 503 pointer arithmetic: pointer outside object bounds in y0 + (signed long int)2: SUCCESS
[search.pointer_arithmetic.150] line 503 pointer arithmetic: invalid integer address in y0 + (signed long int)2: SUCCESS
[search.overflow.39] line 504 arithmetic overflow on signed + in count + 1: SUCCESS
[search.overflow.40] line 505 arithmetic overflow on signed to unsigned type conversion in (size_t)patlen: SUCCESS
[search.pointer_arithmetic.151] line 505 pointer arithmetic: pointer NULL in y0 + (signed long int)3: SUCCESS
[search.pointer_arithmetic.152] line 505 pointer arithmetic: pointer invalid in y0 + (signed long int)3: SUCCESS
[search.pointer_arithmetic.153] line 505 pointer arithmetic: deallocated dynamic object in y0 + (signed long int)3: SUCCESS
[search.pointer_arithmetic.154] line 505 pointer arithmetic: dead object in y0 + (signed long int)3: SUCCESS
[search.pointer_arithmetic.155] line 505 pointer arithmetic: pointer outside object bounds in y0 + (signed long int)3: SUCCESS
[search.pointer_arithmetic.156] line 505 pointer arithmetic: invalid integer address in y0 + (signed long int)3: SUCCESS
[search.overflow.41] line 506 arithmetic overflow on signed + in count + 1: SUCCESS
[search.overflow.42] line 507 arithmetic overflow on signed to unsigned type conversion in (size_t)patlen: SUCCESS
[search.pointer_arithmetic.157] line 507 pointer arithmetic: pointer NULL in y0 + (signed long int)4: SUCCESS
[search.pointer_arithmetic.158] line 507 pointer arithmetic: pointer invalid in y0 + (signed long int)4: SUCCESS
[search.pointer_arithmetic.159] line 507 pointer arithmetic: deallocated dynamic object in y0 + (signed long int)4: SUCCESS
[search.pointer_arithmetic.160] line 507 pointer arithmetic: dead object in y0 + (signed long int)4: SUCCESS
[search.pointer_arithmetic.161] line 507 pointer arithmetic: pointer outside object bounds in y0 + (signed long int)4: SUCCESS
[search.pointer_arithmetic.162] line 507 pointer arithmetic: invalid integer address in y0 + (signed long int)4: SUCCESS
[search.overflow.43] line 508 arithmetic overflow on signed + in count + 1: SUCCESS
[search.overflow.44] line 509 arithmetic overflow on signed to unsigned type conversion in (size_t)patlen: SUCCESS
[search.pointer_arithmetic.163] line 509 pointer arithmetic: pointer NULL in y0 + (signed long int)5: SUCCESS
[search.pointer_arithmetic.164] line 509 pointer arithmetic: pointer invalid in y0 + (signed long int)5: SUCCESS
[search.pointer_arithmetic.165] line 509 pointer arithmetic: deallocated dynamic object in y0 + (signed long int)5: SUCCESS
[search.pointer_arithmetic.166] line 509 pointer arithmetic: dead object in y0 + (signed long int)5: SUCCESS
[search.pointer_arithmetic.167] line 509 pointer arithmetic: pointer outside object bounds in y0 + (signed long int)5: SUCCESS
[search.pointer_arithmetic.168] line 509 pointer arithmetic: invalid integer address in y0 + (signed long int)5: SUCCESS
[search.overflow.45] line 510 arithmetic overflow on signed + in count + 1: SUCCESS
[search.overflow.46] line 511 arithmetic overflow on signed to unsigned type conversion in (size_t)patlen: SUCCESS
[search.pointer_arithmetic.169] line 511 pointer arithmetic: pointer NULL in y0 + (signed long int)6: SUCCESS
[search.pointer_arithmetic.170] line 511 pointer arithmetic: pointer invalid in y0 + (signed long int)6: SUCCESS
[search.pointer_arithmetic.171] line 511 pointer arithmetic: deallocated dynamic object in y0 + (signed long int)6: SUCCESS
[search.pointer_arithmetic.172] line 511 pointer arithmetic: dead object in y0 + (signed long int)6: SUCCESS
[search.pointer_arithmetic.173] line 511 pointer arithmetic: pointer outside object bounds in y0 + (signed long int)6: SUCCESS
[search.pointer_arithmetic.174] line 511 pointer arithmetic: invalid integer address in y0 + (signed long int)6: SUCCESS
[search.overflow.47] line 512 arithmetic overflow on signed + in count + 1: SUCCESS
[search.overflow.48] line 513 arithmetic overflow on signed to unsigned type conversion in (size_t)patlen: SUCCESS
[search.pointer_arithmetic.175] line 513 pointer arithmetic: pointer NULL in y0 + (signed long int)7: SUCCESS
[search.pointer_arithmetic.176] line 513 pointer arithmetic: pointer invalid in y0 + (signed long int)7: SUCCESS
[search.pointer_arithmetic.177] line 513 pointer arithmetic: deallocated dynamic object in y0 + (signed long int)7: SUCCESS
[search.pointer_arithmetic.178] line 513 pointer arithmetic: dead object in y0 + (signed long int)7: SUCCESS
[search.pointer_arithmetic.179] line 513 pointer arithmetic: pointer outside object bounds in y0 + (signed long int)7: SUCCESS
[search.pointer_arithmetic.180] line 513 pointer arithmetic: invalid integer address in y0 + (signed long int)7: SUCCESS
[search.overflow.49] line 514 arithmetic overflow on signed + in count + 1: SUCCESS
[search.pointer_arithmetic.181] line 516 pointer arithmetic: pointer NULL in text + 1l: SUCCESS
[search.pointer_arithmetic.182] line 516 pointer arithmetic: pointer invalid in text + 1l: SUCCESS
[search.pointer_arithmetic.183] line 516 pointer arithmetic: deallocated dynamic object in text + 1l: SUCCESS
[search.pointer_arithmetic.184] line 516 pointer arithmetic: dead object in text + 1l: SUCCESS
[search.pointer_arithmetic.185] line 516 pointer arithmetic: pointer outside object bounds in text + 1l: SUCCESS
[search.pointer_arithmetic.186] line 516 pointer arithmetic: invalid integer address in text + 1l: SUCCESS
[search.overflow.50] line 519 arithmetic overflow on signed - in ((unsigned char *)text + (signed long int)8) - x: SUCCESS
[search.overflow.51] line 519 arithmetic overflow on signed type conversion in (signed int)(((unsigned char *)text + (signed long int)8) - x): SUCCESS
[search.overflow.56] line 519 arithmetic overflow on signed + in k + 1: SUCCESS
[search.pointer.2] line 519 same object violation in ((unsigned char *)text + (signed long int)8) - x: SUCCESS
[search.pointer_arithmetic.187] line 519 pointer arithmetic: pointer NULL in (unsigned char *)text + (signed long int)8: SUCCESS
[search.pointer_arithmetic.188] line 519 pointer arithmetic: pointer invalid in (unsigned char *)text + (signed long int)8: SUCCESS
[search.pointer_arithmetic.189] line 519 pointer arithmetic: deallocated dynamic object in (unsigned char *)text + (signed long int)8: SUCCESS
[search.pointer_arithmetic.190] line 519 pointer arithmetic: dead object in (unsigned char *)text + (signed long int)8: SUCCESS
[search.pointer_arithmetic.191] line 519 pointer arithmetic: pointer outside object bounds in (unsigned char *)text + (signed long int)8: SUCCESS
[search.pointer_arithmetic.192] line 519 pointer arithmetic: invalid integer address in (unsigned char *)text + (signed long int)8: SUCCESS
[search.pointer_arithmetic.193] line 519 pointer relation: pointer NULL in x: SUCCESS
[search.pointer_arithmetic.194] line 519 pointer relation: pointer invalid in x: SUCCESS
[search.pointer_arithmetic.195] line 519 pointer relation: deallocated dynamic object in x: SUCCESS
[search.pointer_arithmetic.196] line 519 pointer relation: dead object in x: SUCCESS
[search.pointer_arithmetic.197] line 519 pointer relation: pointer outside object bounds in x: SUCCESS
[search.pointer_arithmetic.198] line 519 pointer relation: invalid integer address in x: SUCCESS
[search.overflow.52] line 520 arithmetic overflow on signed - in k - patlen: SUCCESS
[search.overflow.53] line 520 arithmetic overflow on signed + in (k - patlen) + 1: SUCCESS
[search.overflow.54] line 520 arithmetic overflow on signed to unsigned type conversion in (size_t)patlen: SUCCESS
[search.pointer_arithmetic.199] line 520 pointer arithmetic: pointer NULL in x + (signed long int)((k - patlen) + 1): SUCCESS
[search.pointer_arithmetic.200] line 520 pointer arithmetic: pointer invalid in x + (signed long int)((k - patlen) + 1): SUCCESS
[search.pointer_arithmetic.201] line 520 pointer arithmetic: deallocated dynamic object in x + (signed long int)((k - patlen) + 1): SUCCESS
[search.pointer_arithmetic.202] line 520 pointer arithmetic: dead object in x + (signed long int)((k - patlen) + 1): SUCCESS
[search.pointer_arithmetic.203] line 520 pointer arithmetic: pointer outside object bounds in x + (signed long int)((k - patlen) + 1): SUCCESS
[search.pointer_arithmetic.204] line 520 pointer arithmetic: invalid integer address in x + (signed long int)((k - patlen) + 1): SUCCESS
[search.overflow.55] line 521 arithmetic overflow on signed + in count + 1: SUCCESS

source/algos/epsm.c function search1
[search1.overflow.1] line 62 arithmetic overflow on signed * in 16 * (textlen / 16): SUCCESS
[search1.pointer_arithmetic.1] line 62 pointer arithmetic: pointer NULL in x + (signed long int)(16 * (textlen / 16)): SUCCESS
[search1.pointer_arithmetic.2] line 62 pointer arithmetic: pointer invalid in x + (signed long int)(16 * (textlen / 16)): SUCCESS
[search1.pointer_arithmetic.3] line 62 pointer arithmetic: deallocated dynamic object in x + (signed long int)(16 * (textlen / 16)): SUCCESS
[search1.pointer_arithmetic.4] line 62 pointer arithmetic: dead object in x + (signed long int)(16 * (textlen / 16)): SUCCESS
[search1.pointer_arithmetic.5] line 62 pointer arithmetic: pointer outside object bounds in x + (signed long int)(16 * (textlen / 16)): SUCCESS
[search1.pointer_arithmetic.6] line 62 pointer arithmetic: invalid integer address in x + (signed long int)(16 * (textlen / 16)): SUCCESS
[search1.overflow.2] line 74 arithmetic overflow on unsigned + in j + 1u: SUCCESS
[search1.array_bounds.1] line 75 array upper bound in byte_extract_little_endian(template0, 0l, unsigned char [16l])[(signed long int)j]: SUCCESS
[search1.pointer_arithmetic.7] line 75 pointer arithmetic: pointer NULL in pattern + (signed long int)0: SUCCESS
[search1.pointer_arithmetic.8] line 75 pointer arithmetic: pointer invalid in pattern + (signed long int)0: SUCCESS
[search1.pointer_arithmetic.9] line 75 pointer arithmetic: deallocated dynamic object in pattern + (signed long int)0: SUCCESS
[search1.pointer_arithmetic.10] line 75 pointer arithmetic: dead object in pattern + (signed long int)0: SUCCESS
[search1.pointer_arithmetic.11] line 75 pointer arithmetic: pointer outside object bounds in pattern + (signed long int)0: SUCCESS
[search1.pointer_arithmetic.12] line 75 pointer arithmetic: invalid integer address in pattern + (signed long int)0: SUCCESS
[search1.pointer_dereference.1] line 75 dereference failure: pointer NULL in pattern[(signed long int)0]: SUCCESS
[search1.pointer_dereference.2] line 75 dereference failure: pointer invalid in pattern[(signed long int)0]: SUCCESS
[search1.pointer_dereference.3] line 75 dereference failure: deallocated dynamic object in pattern[(signed long int)0]: SUCCESS
[search1.pointer_dereference.4] line 75 dereference failure: dead object in pattern[(signed long int)0]: SUCCESS
[search1.pointer_dereference.5] line 75 dereference failure: pointer outside object bounds in pattern[(signed long int)0]: SUCCESS
[search1.pointer_dereference.6] line 75 dereference failure: invalid integer address in pattern[(signed long int)0]: SUCCESS
[search1.pointer.1] line 81 same object violation in text < tend: SUCCESS
[search1.pointer_arithmetic.13] line 81 pointer relation: pointer NULL in text: SUCCESS
[search1.pointer_arithmetic.14] line 81 pointer relation: pointer invalid in text: SUCCESS
[search1.pointer_arithmetic.15] line 81 pointer relation: deallocated dynamic object in text: SUCCESS
[search1.pointer_arithmetic.16] line 81 pointer relation: dead object in text: SUCCESS
[search1.pointer_arithmetic.17] line 81 pointer relation: pointer outside object bounds in text: SUCCESS
[search1.pointer_arithmetic.18] line 81 pointer relation: invalid integer address in text: SUCCESS
[search1.pointer_arithmetic.19] line 81 pointer relation: pointer NULL in tend: SUCCESS
[search1.pointer_arithmetic.20] line 81 pointer relation: pointer invalid in tend: SUCCESS
[search1.pointer_arithmetic.21] line 81 pointer relation: deallocated dynamic object in tend: SUCCESS
[search1.pointer_arithmetic.22] line 81 pointer relation: dead object in tend: SUCCESS
[search1.pointer_arithmetic.23] line 81 pointer relation: pointer outside object bounds in tend: SUCCESS
[search1.pointer_arithmetic.24] line 81 pointer relation: invalid integer address in tend: SUCCESS
[search1.pointer_dereference.7] line 82 dereference failure: pointer NULL in *text: SUCCESS
[search1.pointer_dereference.8] line 82 dereference failure: pointer invalid in *text: SUCCESS
[search1.pointer_dereference.9] line 82 dereference failure: deallocated dynamic object in *text: SUCCESS
[search1.pointer_dereference.10] line 82 dereference failure: dead object in *text: SUCCESS
[search1.pointer_dereference.11] line 82 dereference failure: pointer outside object bounds in *text: SUCCESS
[search1.pointer_dereference.12] line 82 dereference failure: invalid integer address in *text: SUCCESS
[search1.overflow.3] line 83 arithmetic overflow on signed to unsigned type conversion in (unsigned int)return_value__mm_movemask_epi8: SUCCESS
[search1.overflow.4] line 92 arithmetic overflow on signed + in count + return_value__mm_popcnt_u32: SUCCESS
[search1.pointer_arithmetic.25] line 94 pointer arithmetic: pointer NULL in text + 1l: SUCCESS
[search1.pointer_arithmetic.26] line 94 pointer arithmetic: pointer invalid in text + 1l: SUCCESS
[search1.pointer_arithmetic.27] line 94 pointer arithmetic: deallocated dynamic object in text + 1l: SUCCESS
[search1.pointer_arithmetic.28] line 94 pointer arithmetic: dead object in text + 1l: SUCCESS
[search1.pointer_arithmetic.29] line 94 pointer arithmetic: pointer outside object bounds in text + 1l: SUCCESS
[search1.pointer_arithmetic.30] line 94 pointer arithmetic: invalid integer address in text + 1l: SUCCESS
[search1.overflow.5] line 97 arithmetic overflow on signed * in 16 * (textlen / 16): SUCCESS
[search1.overflow.6] line 97 arithmetic overflow on signed to unsigned type conversion in (unsigned int)(16 * (textlen / 16)): SUCCESS
[search1.overflow.7] line 97 arithmetic overflow on signed to unsigned type conversion in (unsigned int)textlen: SUCCESS
[search1.overflow.9] line 97 arithmetic overflow on unsigned + in j + 1u: SUCCESS
[search1.pointer_arithmetic.31] line 98 pointer arithmetic: pointer NULL in x + (signed long int)j: SUCCESS
[search1.pointer_arithmetic.32] line 98 pointer arithmetic: pointer invalid in x + (signed long int)j: SUCCESS
[search1.pointer_arithmetic.33] line 98 pointer arithmetic: deallocated dynamic object in x + (signed long int)j: SUCCESS
[search1.pointer_arithmetic.34] line 98 pointer arithmetic: dead object in x + (signed long int)j: SUCCESS
[search1.pointer_arithmetic.35] line 98 pointer arithmetic: pointer outside object bounds in x + (signed long int)j: SUCCESS
[search1.pointer_arithmetic.36] line 98 pointer arithmetic: invalid integer address in x + (signed long int)j: SUCCESS
[search1.pointer_arithmetic.37] line 98 pointer arithmetic: pointer NULL in pattern + (signed long int)0: SUCCESS
[search1.pointer_arithmetic.38] line 98 pointer arithmetic: pointer invalid in pattern + (signed long int)0: SUCCESS
[search1.pointer_arithmetic.39] line 98 pointer arithmetic: deallocated dynamic object in pattern + (signed long int)0: SUCCESS
[search1.pointer_arithmetic.40] line 98 pointer arithmetic: dead object in pattern + (signed long int)0: SUCCESS
[search1.pointer_arithmetic.41] line 98 pointer arithmetic: pointer outside object bounds in pattern + (signed long int)0: SUCCESS
[search1.pointer_arithmetic.42] line 98 pointer arithmetic: invalid integer address in pattern + (signed long int)0: SUCCESS
[search1.pointer_dereference.13] line 98 dereference failure: pointer NULL in x[(signed long int)j]: SUCCESS
[search1.pointer_dereference.14] line 98 dereference failure: pointer invalid in x[(signed long int)j]: SUCCESS
[search1.pointer_dereference.15] line 98 dereference failure: deallocated dynamic object in x[(signed long int)j]: SUCCESS
[search1.pointer_dereference.16] line 98 dereference failure: dead object in x[(signed long int)j]: SUCCESS
[search1.pointer_dereference.17] line 98 dereference failure: pointer outside object bounds in x[(signed long int)j]: SUCCESS
[search1.pointer_dereference.18] line 98 dereference failure: invalid integer address in x[(signed long int)j]: SUCCESS
[search1.pointer_dereference.19] line 98 dereference failure: pointer NULL in pattern[(signed long int)0]: SUCCESS
[search1.pointer_dereference.20] line 98 dereference failure: pointer invalid in pattern[(signed long int)0]: SUCCESS
[search1.pointer_dereference.21] line 98 dereference failure: deallocated dynamic object in pattern[(signed long int)0]: SUCCESS
[search1.pointer_dereference.22] line 98 dereference failure: dead object in pattern[(signed long int)0]: SUCCESS
[search1.pointer_dereference.23] line 98 dereference failure: pointer outside object bounds in pattern[(signed long int)0]: SUCCESS
[search1.pointer_dereference.24] line 98 dereference failure: invalid integer address in pattern[(signed long int)0]: SUCCESS
[search1.overflow.8] line 99 arithmetic overflow on signed + in count + 1: SUCCESS

source/algos/epsm.c function search16
[search16.overflow.1] line 300 arithmetic overflow on signed - in patlen / 8 - 1: SUCCESS
[search16.overflow.2] line 300 arithmetic overflow on signed to unsigned type conversion in (unsigned int)(patlen / 8 - 1): SUCCESS
[search16.overflow.3] line 305 arithmetic overflow on signed * in (patlen / 8) * 8: SUCCESS
[search16.precondition_instance.1] line 310 memset destination region writeable: SUCCESS
[search16.overflow.4] line 313 arithmetic overflow on unsigned to signed type conversion in (signed int)i: SUCCESS
[search16.overflow.5] line 313 arithmetic overflow on signed - in tmppatlen - 7: SUCCESS
[search16.overflow.9] line 313 arithmetic overflow on unsigned + in i + 1u: SUCCESS
[search16.pointer_arithmetic.1] line 315 pointer arithmetic: pointer NULL in pattern + (signed long int)i: SUCCESS
[search16.pointer_arithmetic.2] line 315 pointer arithmetic: pointer invalid in pattern + (signed long int)i: SUCCESS
[search16.pointer_arithmetic.3] line 315 pointer arithmetic: deallocated dynamic object in pattern + (signed long int)i: SUCCESS
[search16.pointer_arithmetic.4] line 315 pointer arithmetic: dead object in pattern + (signed long int)i: SUCCESS
[search16.pointer_arithmetic.5] line 315 pointer arithmetic: pointer outside object bounds in pattern + (signed long int)i: SUCCESS
[search16.pointer_arithmetic.6] line 315 pointer arithmetic: invalid integer address in pattern + (signed long int)i: SUCCESS
[search16.pointer_arithmetic.7] line 315 pointer arithmetic: pointer NULL in pattern + (signed long int)i: SUCCESS
[search16.pointer_arithmetic.8] line 315 pointer arithmetic: pointer invalid in pattern + (signed long int)i: SUCCESS
[search16.pointer_arithmetic.9] line 315 pointer arithmetic: deallocated dynamic object in pattern + (signed long int)i: SUCCESS
[search16.pointer_arithmetic.10] line 315 pointer arithmetic: dead object in pattern + (signed long int)i: SUCCESS
[search16.pointer_arithmetic.11] line 315 pointer arithmetic: pointer outside object bounds in pattern + (signed long int)i: SUCCESS
[search16.pointer_arithmetic.12] line 315 pointer arithmetic: invalid integer address in pattern + (signed long int)i: SUCCESS
[search16.pointer_arithmetic.13] line 315 pointer arithmetic: pointer NULL in pattern + (signed long int)i: SUCCESS
[search16.pointer_arithmetic.14] line 315 pointer arithmetic: pointer invalid in pattern + (signed long int)i: SUCCESS
[search16.pointer_arithmetic.15] line 315 pointer arithmetic: deallocated dynamic object in pattern + (signed long int)i: SUCCESS
[search16.pointer_arithmetic.16] line 315 pointer arithmetic: dead object in pattern + (signed long int)i: SUCCESS
[search16.pointer_arithmetic.17] line 315 pointer arithmetic: pointer outside object bounds in pattern + (signed long int)i: SUCCESS
[search16.pointer_arithmetic.18] line 315 pointer arithmetic: invalid integer address in pattern + (signed long int)i: SUCCESS
[search16.pointer_arithmetic.19] line 315 pointer arithmetic: pointer NULL in pattern + (signed long int)i: SUCCESS
[search16.pointer_arithmetic.20] line 315 pointer arithmetic: pointer invalid in pattern + (signed long int)i: SUCCESS
[search16.pointer_arithmetic.21] line 315 pointer arithmetic: deallocated dynamic object in pattern + (signed long int)i: SUCCESS
[search16.pointer_arithmetic.22] line 315 pointer arithmetic: dead object in pattern + (signed long int)i: SUCCESS
[search16.pointer_arithmetic.23] line 315 pointer arithmetic: pointer outside object bounds in pattern + (signed long int)i: SUCCESS
[search16.pointer_arithmetic.24] line 315 pointer arithmetic: invalid integer address in pattern + (signed long int)i: SUCCESS
[search16.precondition_instance.2] line 315 memcpy src/dst overlap: SUCCESS
[search16.precondition_instance.3] line 315 memcpy source region readable: SUCCESS
[search16.precondition_instance.4] line 315 memcpy destination region writeable: SUCCESS
[search16.overflow.6] line 317 arithmetic overflow on unsigned to unsigned type conversion in (unsigned int)(crc & mask): SUCCESS
[search16.array_bounds.1] line 319 array 'flist' upper bound in flist[(signed long int)filter]: SUCCESS
[search16.array_bounds.2] line 320 array 'flist' upper bound in flist[(signed long int)filter]: SUCCESS
[search16.pointer_dereference.1] line 322 dereference failure: pointer NULL in flist[(signed long int)filter]->next: SUCCESS
[search16.pointer_dereference.2] line 322 dereference failure: pointer invalid in flist[(signed long int)filter]->next: SUCCESS
[search16.pointer_dereference.3] line 322 dereference failure: deallocated dynamic object in flist[(signed long int)filter]->next: SUCCESS
[search16.pointer_dereference.4] line 322 dereference failure: dead object in flist[(signed long int)filter]->next: SUCCESS
[search16.pointer_dereference.5] line 322 dereference failure: pointer outside object bounds in flist[(signed long int)filter]->next: SUCCESS
[search16.pointer_dereference.6] line 322 dereference failure: invalid integer address in flist[(signed long int)filter]->next: SUCCESS
[search16.array_bounds.3] line 323 array 'flist' upper bound in flist[(signed long int)filter]: SUCCESS
[search16.overflow.7] line 323 arithmetic overflow on unsigned to signed type conversion in (signed int)i: SUCCESS
[search16.pointer_dereference.7] line 323 dereference failure: pointer NULL in flist[(signed long int)filter]->pos: SUCCESS
[search16.pointer_dereference.8] line 323 dereference failure: pointer invalid in flist[(signed long int)filter]->pos: SUCCESS
[search16.pointer_dereference.9] line 323 dereference failure: deallocated dynamic object in flist[(signed long int)filter]->pos: SUCCESS
[search16.pointer_dereference.10] line 323 dereference failure: dead object in flist[(signed long int)filter]->pos: SUCCESS
[search16.pointer_dereference.11] line 323 dereference failure: pointer outside object bounds in flist[(signed long int)filter]->pos: SUCCESS
[search16.pointer_dereference.12] line 323 dereference failure: invalid integer address in flist[(signed long int)filter]->pos: SUCCESS
[search16.array_bounds.4] line 326 array 'flist' upper bound in flist[(signed long int)filter]: SUCCESS
[search16.pointer_dereference.13] line 327 dereference failure: pointer NULL in t->next: SUCCESS
[search16.pointer_dereference.14] line 327 dereference failure: pointer invalid in t->next: SUCCESS
[search16.pointer_dereference.15] line 327 dereference failure: deallocated dynamic object in t->next: SUCCESS
[search16.pointer_dereference.16] line 327 dereference failure: dead object in t->next: SUCCESS
[search16.pointer_dereference.17] line 327 dereference failure: pointer outside object bounds in t->next: SUCCESS
[search16.pointer_dereference.18] line 327 dereference failure: invalid integer address in t->next: SUCCESS
[search16.pointer_dereference.19] line 329 dereference failure: pointer NULL in t->next: SUCCESS
[search16.pointer_dereference.20] line 329 dereference failure: pointer invalid in t->next: SUCCESS
[search16.pointer_dereference.21] line 329 dereference failure: deallocated dynamic object in t->next: SUCCESS
[search16.pointer_dereference.22] line 329 dereference failure: dead object in t->next: SUCCESS
[search16.pointer_dereference.23] line 329 dereference failure: pointer outside object bounds in t->next: SUCCESS
[search16.pointer_dereference.24] line 329 dereference failure: invalid integer address in t->next: SUCCESS
[search16.pointer_dereference.25] line 330 dereference failure: pointer NULL in t->next: SUCCESS
[search16.pointer_dereference.26] line 330 dereference failure: pointer invalid in t->next: SUCCESS
[search16.pointer_dereference.27] line 330 dereference failure: deallocated dynamic object in t->next: SUCCESS
[search16.pointer_dereference.28] line 330 dereference failure: dead object in t->next: SUCCESS
[search16.pointer_dereference.29] line 330 dereference failure: pointer outside object bounds in t->next: SUCCESS
[search16.pointer_dereference.30] line 330 dereference failure: invalid integer address in t->next: SUCCESS
[search16.pointer_dereference.31] line 332 dereference failure: pointer NULL in t->next: SUCCESS
[search16.pointer_dereference.32] line 332 dereference failure: pointer invalid in t->next: SUCCESS
[search16.pointer_dereference.33] line 332 dereference failure: deallocated dynamic object in t->next: SUCCESS
[search16.pointer_dereference.34] line 332 dereference failure: dead object in t->next: SUCCESS
[search16.pointer_dereference.35] line 332 dereference failure: pointer outside object bounds in t->next: SUCCESS
[search16.pointer_dereference.36] line 332 dereference failure: invalid integer address in t->next: SUCCESS
[search16.overflow.8] line 333 arithmetic overflow on unsigned to signed type conversion in (signed int)i: SUCCESS
[search16.pointer_dereference.37] line 333 dereference failure: pointer NULL in t->pos: SUCCESS
[search16.pointer_dereference.38] line 333 dereference failure: pointer invalid in t->pos: SUCCESS
[search16.pointer_dereference.39] line 333 dereference failure: deallocated dynamic object in t->pos: SUCCESS
[search16.pointer_dereference.40] line 333 dereference failure: dead object in t->pos: SUCCESS
[search16.pointer_dereference.41] line 333 dereference failure: pointer outside object bounds in t->pos: SUCCESS
[search16.pointer_dereference.42] line 333 dereference failure: invalid integer address in t->pos: SUCCESS
[search16.overflow.10] line 340 arithmetic overflow on signed - in textlen - tmppatlen: SUCCESS
[search16.overflow.11] line 340 arithmetic overflow on signed * in ((textlen - tmppatlen) / 8) * 8: SUCCESS
[search16.overflow.12] line 340 arithmetic overflow on signed + in ((textlen - tmppatlen) / 8) * 8 + 1: SUCCESS
[search16.pointer_arithmetic.25] line 340 pointer arithmetic: pointer NULL in x + (signed long int)(((textlen - tmppatlen) / 8) * 8 + 1): SUCCESS
[search16.pointer_arithmetic.26] line 340 pointer arithmetic: pointer invalid in x + (signed long int)(((textlen - tmppatlen) / 8) * 8 + 1): SUCCESS
[search16.pointer_arithmetic.27] line 340 pointer arithmetic: deallocated dynamic object in x + (signed long int)(((textlen - tmppatlen) / 8) * 8 + 1): SUCCESS
[search16.pointer_arithmetic.28] line 340 pointer arithmetic: dead object in x + (signed long int)(((textlen - tmppatlen) / 8) * 8 + 1): SUCCESS
[search16.pointer_arithmetic.29] line 340 pointer arithmetic: pointer outside object bounds in x + (signed long int)(((textlen - tmppatlen) / 8) * 8 + 1): SUCCESS
[search16.pointer_arithmetic.30] line 340 pointer arithmetic: invalid integer address in x + (signed long int)(((textlen - tmppatlen) / 8) * 8 + 1): SUCCESS
[search16.overflow.13] line 341 arithmetic overflow on unsigned - in shift - (unsigned int)1: SUCCESS
[search16.overflow.14] line 341 arithmetic overflow on unsigned * in (shift - (unsigned int)1) * (unsigned int)8: SUCCESS
[search16.pointer_arithmetic.31] line 341 pointer arithmetic: pointer NULL in x + (signed long int)((shift - (unsigned int)1) * (unsigned int)8): SUCCESS
[search16.pointer_arithmetic.32] line 341 pointer arithmetic: pointer invalid in x + (signed long int)((shift - (unsigned int)1) * (unsigned int)8): SUCCESS
[search16.pointer_arithmetic.33] line 341 pointer arithmetic: deallocated dynamic object in x + (signed long int)((shift - (unsigned int)1) * (unsigned int)8): SUCCESS
[search16.pointer_arithmetic.34] line 341 pointer arithmetic: dead object in x + (signed long int)((shift - (unsigned int)1) * (unsigned int)8): SUCCESS
[search16.pointer_arithmetic.35] line 341 pointer arithmetic: pointer outside object bounds in x + (signed long int)((shift - (unsigned int)1) * (unsigned int)8): SUCCESS
[search16.pointer_arithmetic.36] line 341 pointer arithmetic: invalid integer address in x + (signed long int)((shift - (unsigned int)1) * (unsigned int)8): SUCCESS
[search16.pointer_dereference.43] line 343 dereference failure: pointer NULL in *ptr64: SUCCESS
[search16.pointer_dereference.44] line 343 dereference failure: pointer invalid in *ptr64: SUCCESS
[search16.pointer_dereference.45] line 343 dereference failure: deallocated dynamic object in *ptr64: SUCCESS
[search16.pointer_dereference.46] line 343 dereference failure: dead object in *ptr64: SUCCESS
[search16.pointer_dereference.47] line 343 dereference failure: pointer outside object bounds in *ptr64: SUCCESS
[search16.pointer_dereference.48] line 343 dereference failure: invalid integer address in *ptr64: SUCCESS
[search16.overflow.15] line 344 arithmetic overflow on unsigned to unsigned type conversion in (unsigned int)(crc & mask): SUCCESS
[search16.array_bounds.5] line 345 array 'flist' upper bound in flist[(signed long int)filter]: SUCCESS
[search16.overflow.16] line 349 arithmetic overflow on signed to unsigned type conversion in (unsigned int)t->pos: SUCCESS
[search16.overflow.17] line 349 arithmetic overflow on unsigned - in shift - (unsigned int)1: SUCCESS
[search16.overflow.18] line 349 arithmetic overflow on unsigned * in (unsigned int)8 * (shift - (unsigned int)1): SUCCESS
[search16.pointer_dereference.49] line 349 dereference failure: pointer NULL in t->pos: SUCCESS
[search16.pointer_dereference.50] line 349 dereference failure: pointer invalid in t->pos: SUCCESS
[search16.pointer_dereference.51] line 349 dereference failure: deallocated dynamic object in t->pos: SUCCESS
[search16.pointer_dereference.52] line 349 dereference failure: dead object in t->pos: SUCCESS
[search16.pointer_dereference.53] line 349 dereference failure: pointer outside object bounds in t->pos: SUCCESS
[search16.pointer_dereference.54] line 349 dereference failure: invalid integer address in t->pos: SUCCESS
[search16.overflow.19] line 350 arithmetic overflow on signed to unsigned type conversion in (size_t)patlen: SUCCESS
[search16.pointer_arithmetic.37] line 350 pointer arithmetic: pointer NULL in charPtr - (signed long int)t->pos: SUCCESS
[search16.pointer_arithmetic.38] line 350 pointer arithmetic: pointer invalid in charPtr - (signed long int)t->pos: SUCCESS
[search16.pointer_arithmetic.39] line 350 pointer arithmetic: deallocated dynamic object in charPtr - (signed long int)t->pos: SUCCESS
[search16.pointer_arithmetic.40] line 350 pointer arithmetic: dead object in charPtr - (signed long int)t->pos: SUCCESS
[search16.pointer_arithmetic.41] line 350 pointer arithmetic: pointer outside object bounds in charPtr - (signed long int)t->pos: SUCCESS
[search16.pointer_arithmetic.42] line 350 pointer arithmetic: invalid integer address in charPtr - (signed long int)t->pos: SUCCESS
[search16.overflow.20] line 351 arithmetic overflow on signed + in count + 1: SUCCESS
[search16.pointer_dereference.55] line 353 dereference failure: pointer NULL in t->next: SUCCESS
[search16.pointer_dereference.56] line 353 dereference failure: pointer invalid in t->next: SUCCESS
[search16.pointer_dereference.57] line 353 dereference failure: deallocated dynamic object in t->next: SUCCESS
[search16.pointer_dereference.58] line 353 dereference failure: dead object in t->next: SUCCESS
[search16.pointer_dereference.59] line 353 dereference failure: pointer outside object bounds in t->next: SUCCESS
[search16.pointer_dereference.60] line 353 dereference failure: invalid integer address in t->next: SUCCESS
[search16.overflow.21] line 356 arithmetic overflow on signed * in (signed long int)shift * (signed long int)8ul: SUCCESS
[search16.pointer_arithmetic.43] line 356 pointer arithmetic: pointer NULL in ptr64 + (signed long int)shift: SUCCESS
[search16.pointer_arithmetic.44] line 356 pointer arithmetic: pointer invalid in ptr64 + (signed long int)shift: SUCCESS
[search16.pointer_arithmetic.45] line 356 pointer arithmetic: deallocated dynamic object in ptr64 + (signed long int)shift: SUCCESS
[search16.pointer_arithmetic.46] line 356 pointer arithmetic: dead object in ptr64 + (signed long int)shift: SUCCESS
[search16.pointer_arithmetic.47] line 356 pointer arithmetic: pointer outside object bounds in ptr64 + (signed long int)shift: SUCCESS
[search16.pointer_arithmetic.48] line 356 pointer arithmetic: invalid integer address in ptr64 + (signed long int)shift: SUCCESS
[search16.pointer_dereference.61] line 358 dereference failure: pointer NULL in *ptr64: SUCCESS
[search16.pointer_dereference.62] line 358 dereference failure: pointer invalid in *ptr64: SUCCESS
[search16.pointer_dereference.63] line 358 dereference failure: deallocated dynamic object in *ptr64: SUCCESS
[search16.pointer_dereference.64] line 358 dereference failure: dead object in *ptr64: SUCCESS
[search16.pointer_dereference.65] line 358 dereference failure: pointer outside object bounds in *ptr64: SUCCESS
[search16.pointer_dereference.66] line 358 dereference failure: invalid integer address in *ptr64: SUCCESS
[search16.overflow.22] line 359 arithmetic overflow on unsigned to unsigned type conversion in (unsigned int)(crc & mask): SUCCESS
[search16.array_bounds.6] line 360 array 'flist' upper bound in flist[(signed long int)filter]: SUCCESS
[search16.overflow.23] line 364 arithmetic overflow on signed to unsigned type conversion in (unsigned int)t->pos: SUCCESS
[search16.overflow.24] line 364 arithmetic overflow on unsigned * in (unsigned int)2 * shift: SUCCESS
[search16.overflow.25] line 364 arithmetic overflow on unsigned - in (unsigned int)2 * shift - (unsigned int)1: SUCCESS
[search16.overflow.26] line 364 arithmetic overflow on unsigned * in (unsigned int)8 * ((unsigned int)2 * shift - (unsigned int)1): SUCCESS
[search16.pointer_dereference.67] line 364 dereference failure: pointer NULL in t->pos: SUCCESS
[search16.pointer_dereference.68] line 364 dereference failure: pointer invalid in t->pos: SUCCESS
[search16.pointer_dereference.69] line 364 dereference failure: deallocated dynamic object in t->pos: SUCCESS
[search16.pointer_dereference.70] line 364 dereference failure: dead object in t->pos: SUCCESS
[search16.pointer_dereference.71] line 364 dereference failure: pointer outside object bounds in t->pos: SUCCESS
[search16.pointer_dereference.72] line 364 dereference failure: invalid integer address in t->pos: SUCCESS
[search16.overflow.27] line 365 arithmetic overflow on signed to unsigned type conversion in (size_t)patlen: SUCCESS
[search16.pointer_arithmetic.49] line 365 pointer arithmetic: pointer NULL in charPtr - (signed long int)t->pos: SUCCESS
[search16.pointer_arithmetic.50] line 365 pointer arithmetic: pointer invalid in charPtr - (signed long int)t->pos: SUCCESS
[search16.pointer_arithmetic.51] line 365 pointer arithmetic: deallocated dynamic object in charPtr - (signed long int)t->pos: SUCCESS
[search16.pointer_arithmetic.52] line 365 pointer arithmetic: dead object in charPtr - (signed long int)t->pos: SUCCESS
[search16.pointer_arithmetic.53] line 365 pointer arithmetic: pointer outside object bounds in charPtr - (signed long int)t->pos: SUCCESS
[search16.pointer_arithmetic.54] line 365 pointer arithmetic: invalid integer address in charPtr - (signed long int)t->pos: SUCCESS
[search16.overflow.28] line 366 arithmetic overflow on signed + in count + 1: SUCCESS
[search16.pointer_dereference.73] line 368 dereference failure: pointer NULL in t->next: SUCCESS
[search16.pointer_dereference.74] line 368 dereference failure: pointer invalid in t->next: SUCCESS
[search16.pointer_dereference.75] line 368 dereference failure: deallocated dynamic object in t->next: SUCCESS
[search16.pointer_dereference.76] line 368 dereference failure: dead object in t->next: SUCCESS
[search16.pointer_dereference.77] line 368 dereference failure: pointer outside object bounds in t->next: SUCCESS
[search16.pointer_dereference.78] line 368 dereference failure: invalid integer address in t->next: SUCCESS
[search16.overflow.29] line 371 arithmetic overflow on signed * in (signed long int)shift * (signed long int)8ul: SUCCESS
[search16.pointer_arithmetic.55] line 371 pointer arithmetic: pointer NULL in ptr64 + (signed long int)shift: SUCCESS
[search16.pointer_arithmetic.56] line 371 pointer arithmetic: pointer invalid in ptr64 + (signed long int)shift: SUCCESS
[search16.pointer_arithmetic.57] line 371 pointer arithmetic: deallocated dynamic object in ptr64 + (signed long int)shift: SUCCESS
[search16.pointer_arithmetic.58] line 371 pointer arithmetic: dead object in ptr64 + (signed long int)shift: SUCCESS
[search16.pointer_arithmetic.59] line 371 pointer arithmetic: pointer outside object bounds in ptr64 + (signed long int)shift: SUCCESS
[search16.pointer_arithmetic.60] line 371 pointer arithmetic: invalid integer address in ptr64 + (signed long int)shift: SUCCESS
[search16.pointer.1] line 373 same object violation in ptr64 < lastchunk: SUCCESS
[search16.pointer_arithmetic.61] line 373 pointer relation: pointer NULL in ptr64: SUCCESS
[search16.pointer_arithmetic.62] line 373 pointer relation: pointer invalid in ptr64: SUCCESS
[search16.pointer_arithmetic.63] line 373 pointer relation: deallocated dynamic object in ptr64: SUCCESS
[search16.pointer_arithmetic.64] line 373 pointer relation: dead object in ptr64: SUCCESS
[search16.pointer_arithmetic.65] line 373 pointer relation: pointer outside object bounds in ptr64: SUCCESS
[search16.pointer_arithmetic.66] line 373 pointer relation: invalid integer address in ptr64: SUCCESS
[search16.pointer_arithmetic.67] line 373 pointer relation: pointer NULL in lastchunk: SUCCESS
[search16.pointer_arithmetic.68] line 373 pointer relation: pointer invalid in lastchunk: SUCCESS
[search16.pointer_arithmetic.69] line 373 pointer relation: deallocated dynamic object in lastchunk: SUCCESS
[search16.pointer_arithmetic.70] line 373 pointer relation: dead object in lastchunk: SUCCESS
[search16.pointer_arithmetic.71] line 373 pointer relation: pointer outside object bounds in lastchunk: SUCCESS
[search16.pointer_arithmetic.72] line 373 pointer relation: invalid integer address in lastchunk: SUCCESS
[search16.pointer_dereference.79] line 374 dereference failure: pointer NULL in *ptr64: SUCCESS
[search16.pointer_dereference.80] line 374 dereference failure: pointer invalid in *ptr64: SUCCESS
[search16.pointer_dereference.81] line 374 dereference failure: deallocated dynamic object in *ptr64: SUCCESS
[search16.pointer_dereference.82] line 374 dereference failure: dead object in *ptr64: SUCCESS
[search16.pointer_dereference.83] line 374 dereference failure: pointer outside object bounds in *ptr64: SUCCESS
[search16.pointer_dereference.84] line 374 dereference failure: invalid integer address in *ptr64: SUCCESS
[search16.overflow.30] line 375 arithmetic overflow on unsigned to unsigned type conversion in (unsigned int)(crc & mask): SUCCESS
[search16.array_bounds.7] line 377 array 'flist' upper bound in flist[(signed long int)filter]: SUCCESS
[search16.overflow.31] line 381 arithmetic overflow on signed to unsigned type conversion in (unsigned int)t->pos: SUCCESS
[search16.overflow.32] line 381 arithmetic overflow on signed - in charPtr - x: SUCCESS
[search16.overflow.33] line 381 arithmetic overflow on signed to unsigned type conversion in (unsigned int)(charPtr - x): SUCCESS
[search16.pointer.2] line 381 same object violation in charPtr - x: SUCCESS
[search16.pointer_arithmetic.73] line 381 pointer relation: pointer NULL in charPtr: SUCCESS
[search16.pointer_arithmetic.74] line 381 pointer relation: pointer invalid in charPtr: SUCCESS
[search16.pointer_arithmetic.75] line 381 pointer relation: deallocated dynamic object in charPtr: SUCCESS
[search16.pointer_arithmetic.76] line 381 pointer relation: dead object in charPtr: SUCCESS
[search16.pointer_arithmetic.77] line 381 pointer relation: pointer outside object bounds in charPtr: SUCCESS
[search16.pointer_arithmetic.78] line 381 pointer relation: invalid integer address in charPtr: SUCCESS
[search16.pointer_arithmetic.79] line 381 pointer relation: pointer NULL in x: SUCCESS
[search16.pointer_arithmetic.80] line 381 pointer relation: pointer invalid in x: SUCCESS
[search16.pointer_arithmetic.81] line 381 pointer relation: deallocated dynamic object in x: SUCCESS
[search16.pointer_arithmetic.82] line 381 pointer relation: dead object in x: SUCCESS
[search16.pointer_arithmetic.83] line 381 pointer relation: pointer outside object bounds in x: SUCCESS
[search16.pointer_arithmetic.84] line 381 pointer relation: invalid integer address in x: SUCCESS
[search16.pointer_dereference.85] line 381 dereference failure: pointer NULL in t->pos: SUCCESS
[search16.pointer_dereference.86] line 381 dereference failure: pointer invalid in t->pos: SUCCESS
[search16.pointer_dereference.87] line 381 dereference failure: deallocated dynamic object in t->pos: SUCCESS
[search16.pointer_dereference.88] line 381 dereference failure: dead object in t->pos: SUCCESS
[search16.pointer_dereference.89] line 381 dereference failure: pointer outside object bounds in t->pos: SUCCESS
[search16.pointer_dereference.90] line 381 dereference failure: invalid integer address in t->pos: SUCCESS
[search16.overflow.34] line 382 arithmetic overflow on signed to unsigned type conversion in (size_t)patlen: SUCCESS
[search16.pointer_arithmetic.85] line 382 pointer arithmetic: pointer NULL in charPtr - (signed long int)t->pos: SUCCESS
[search16.pointer_arithmetic.86] line 382 pointer arithmetic: pointer invalid in charPtr - (signed long int)t->pos: SUCCESS
[search16.pointer_arithmetic.87] line 382 pointer arithmetic: deallocated dynamic object in charPtr - (signed long int)t->pos: SUCCESS
[search16.pointer_arithmetic.88] line 382 pointer arithmetic: dead object in charPtr - (signed long int)t->pos: SUCCESS
[search16.pointer_arithmetic.89] line 382 pointer arithmetic: pointer outside object bounds in charPtr - (signed long int)t->pos: SUCCESS
[search16.pointer_arithmetic.90] line 382 pointer arithmetic: invalid integer address in charPtr - (signed long int)t->pos: SUCCESS
[search16.overflow.35] line 383 arithmetic overflow on signed + in count + 1: SUCCESS
[search16.pointer_dereference.91] line 384 dereference failure: pointer NULL in t->next: SUCCESS
[search16.pointer_dereference.92] line 384 dereference failure: pointer invalid in t->next: SUCCESS
[search16.pointer_dereference.93] line 384 dereference failure: deallocated dynamic object in t->next: SUCCESS
[search16.pointer_dereference.94] line 384 dereference failure: dead object in t->next: SUCCESS
[search16.pointer_dereference.95] line 384 dereference failure: pointer outside object bounds in t->next: SUCCESS
[search16.pointer_dereference.96] line 384 dereference failure: invalid integer address in t->next: SUCCESS
[search16.overflow.36] line 387 arithmetic overflow on signed * in (signed long int)shift * (signed long int)8ul: SUCCESS
[search16.pointer_arithmetic.91] line 387 pointer arithmetic: pointer NULL in ptr64 + (signed long int)shift: SUCCESS
[search16.pointer_arithmetic.92] line 387 pointer arithmetic: pointer invalid in ptr64 + (signed long int)shift: SUCCESS
[search16.pointer_arithmetic.93] line 387 pointer arithmetic: deallocated dynamic object in ptr64 + (signed long int)shift: SUCCESS
[search16.pointer_arithmetic.94] line 387 pointer arithmetic: dead object in ptr64 + (signed long int)shift: SUCCESS
[search16.pointer_arithmetic.95] line 387 pointer arithmetic: pointer outside object bounds in ptr64 + (signed long int)shift: SUCCESS
[search16.pointer_arithmetic.96] line 387 pointer arithmetic: invalid integer address in ptr64 + (signed long int)shift: SUCCESS
[search16.overflow.37] line 390 arithmetic overflow on signed * in (signed long int)shift * (signed long int)8ul: SUCCESS
[search16.pointer_arithmetic.97] line 390 pointer arithmetic: pointer NULL in ptr64 - (signed long int)shift: SUCCESS
[search16.pointer_arithmetic.98] line 390 pointer arithmetic: pointer invalid in ptr64 - (signed long int)shift: SUCCESS
[search16.pointer_arithmetic.99] line 390 pointer arithmetic: deallocated dynamic object in ptr64 - (signed long int)shift: SUCCESS
[search16.pointer_arithmetic.100] line 390 pointer arithmetic: dead object in ptr64 - (signed long int)shift: SUCCESS
[search16.pointer_arithmetic.101] line 390 pointer arithmetic: pointer outside object bounds in ptr64 - (signed long int)shift: SUCCESS
[search16.pointer_arithmetic.102] line 390 pointer arithmetic: invalid integer address in ptr64 - (signed long int)shift: SUCCESS
[search16.overflow.38] line 392 arithmetic overflow on signed - in tmppatlen - 1: SUCCESS
[search16.pointer_arithmetic.103] line 392 pointer arithmetic: pointer NULL in charPtr + (signed long int)(tmppatlen - 1): SUCCESS
[search16.pointer_arithmetic.104] line 392 pointer arithmetic: pointer invalid in charPtr + (signed long int)(tmppatlen - 1): SUCCESS
[search16.pointer_arithmetic.105] line 392 pointer arithmetic: deallocated dynamic object in charPtr + (signed long int)(tmppatlen - 1): SUCCESS
[search16.pointer_arithmetic.106] line 392 pointer arithmetic: dead object in charPtr + (signed long int)(tmppatlen - 1): SUCCESS
[search16.pointer_arithmetic.107] line 392 pointer arithmetic: pointer outside object bounds in charPtr + (signed long int)(tmppatlen - 1): SUCCESS
[search16.pointer_arithmetic.108] line 392 pointer arithmetic: invalid integer address in charPtr + (signed long int)(tmppatlen - 1): SUCCESS
[search16.pointer_arithmetic.109] line 395 pointer arithmetic: pointer NULL in x + (signed long int)textlen: SUCCESS
[search16.pointer_arithmetic.110] line 395 pointer arithmetic: pointer invalid in x + (signed long int)textlen: SUCCESS
[search16.pointer_arithmetic.111] line 395 pointer arithmetic: deallocated dynamic object in x + (signed long int)textlen: SUCCESS
[search16.pointer_arithmetic.112] line 395 pointer arithmetic: dead object in x + (signed long int)textlen: SUCCESS
[search16.pointer_arithmetic.113] line 395 pointer arithmetic: pointer outside object bounds in x + (signed long int)textlen: SUCCESS
[search16.pointer_arithmetic.114] line 395 pointer arithmetic: invalid integer address in x + (signed long int)textlen: SUCCESS
[search16.pointer_arithmetic.115] line 395 pointer arithmetic: pointer NULL in (x + (signed long int)textlen) - (signed long int)patlen: SUCCESS
[search16.pointer_arithmetic.116] line 395 pointer arithmetic: pointer invalid in (x + (signed long int)textlen) - (signed long int)patlen: SUCCESS
[search16.pointer_arithmetic.117] line 395 pointer arithmetic: deallocated dynamic object in (x + (signed long int)textlen) - (signed long int)patlen: SUCCESS
[search16.pointer_arithmetic.118] line 395 pointer arithmetic: dead object in (x + (signed long int)textlen) - (signed long int)patlen: SUCCESS
[search16.pointer_arithmetic.119] line 395 pointer arithmetic: pointer outside object bounds in (x + (signed long int)textlen) - (signed long int)patlen: SUCCESS
[search16.pointer_arithmetic.120] line 395 pointer arithmetic: invalid integer address in (x + (signed long int)textlen) - (signed long int)patlen: SUCCESS
[search16.pointer_arithmetic.121] line 395 pointer arithmetic: pointer NULL in ((x + (signed long int)textlen) - (signed long int)patlen) + (signed long int)tmppatlen: SUCCESS
[search16.pointer_arithmetic.122] line 395 pointer arithmetic: pointer invalid in ((x + (signed long int)textlen) - (signed long int)patlen) + (signed long int)tmppatlen: SUCCESS
[search16.pointer_arithmetic.123] line 395 pointer arithmetic: deallocated dynamic object in ((x + (signed long int)textlen) - (signed long int)patlen) + (signed long int)tmppatlen: SUCCESS
[search16.pointer_arithmetic.124] line 395 pointer arithmetic: dead object in ((x + (signed long int)textlen) - (signed long int)patlen) + (signed long int)tmppatlen: SUCCESS
[search16.pointer_arithmetic.125] line 395 pointer arithmetic: pointer outside object bounds in ((x + (signed long int)textlen) - (signed long int)patlen) + (signed long int)tmppatlen: SUCCESS
[search16.pointer_arithmetic.126] line 395 pointer arithmetic: invalid integer address in ((x + (signed long int)textlen) - (signed long int)patlen) + (signed long int)tmppatlen: SUCCESS
[search16.pointer_arithmetic.127] line 395 pointer arithmetic: pointer NULL in (((x + (signed long int)textlen) - (signed long int)patlen) + (signed long int)tmppatlen) - (signed long int)1: SUCCESS
[search16.pointer_arithmetic.128] line 395 pointer arithmetic: pointer invalid in (((x + (signed long int)textlen) - (signed long int)patlen) + (signed long int)tmppatlen) - (signed long int)1: SUCCESS
[search16.pointer_arithmetic.129] line 395 pointer arithmetic: deallocated dynamic object in (((x + (signed long int)textlen) - (signed long int)patlen) + (signed long int)tmppatlen) - (signed long int)1: SUCCESS
[search16.pointer_arithmetic.130] line 395 pointer arithmetic: dead object in (((x + (signed long int)textlen) - (signed long int)patlen) + (signed long int)tmppatlen) - (signed long int)1: SUCCESS
[search16.pointer_arithmetic.131] line 395 pointer arithmetic: pointer outside object bounds in (((x + (signed long int)textlen) - (signed long int)patlen) + (signed long int)tmppatlen) - (signed long int)1: SUCCESS
[search16.pointer_arithmetic.132] line 395 pointer arithmetic: invalid integer address in (((x + (signed long int)textlen) - (signed long int)patlen) + (signed long int)tmppatlen) - (signed long int)1: SUCCESS
[search16.pointer.3] line 396 same object violation in charPtr <= tail_limit: SUCCESS
[search16.pointer_arithmetic.133] line 396 pointer relation: pointer NULL in charPtr: SUCCESS
[search16.pointer_arithmetic.134] line 396 pointer relation: pointer invalid in charPtr: SUCCESS
[search16.pointer_arithmetic.135] line 396 pointer relation: deallocated dynamic object in charPtr: SUCCESS
[search16.pointer_arithmetic.136] line 396 pointer relation: dead object in charPtr: SUCCESS
[search16.pointer_arithmetic.137] line 396 pointer relation: pointer outside object bounds in charPtr: SUCCESS
[search16.pointer_arithmetic.138] line 396 pointer relation: invalid integer address in charPtr: SUCCESS
[search16.pointer_arithmetic.139] line 396 pointer relation: pointer NULL in tail_limit: SUCCESS
[search16.pointer_arithmetic.140] line 396 pointer relation: pointer invalid in tail_limit: SUCCESS
[search16.pointer_arithmetic.141] line 396 pointer relation: deallocated dynamic object in tail_limit: SUCCESS
[search16.pointer_arithmetic.142] line 396 pointer relation: dead object in tail_limit: SUCCESS
[search16.pointer_arithmetic.143] line 396 pointer relation: pointer outside object bounds in tail_limit: SUCCESS
[search16.pointer_arithmetic.144] line 396 pointer relation: invalid integer address in tail_limit: SUCCESS
[search16.overflow.39] line 397 arithmetic overflow on signed to unsigned type conversion in (size_t)patlen: SUCCESS
[search16.pointer_arithmetic.145] line 397 pointer arithmetic: pointer NULL in charPtr - (signed long int)tmppatlen: SUCCESS
[search16.pointer_arithmetic.146] line 397 pointer arithmetic: pointer invalid in charPtr - (signed long int)tmppatlen: SUCCESS
[search16.pointer_arithmetic.147] line 397 pointer arithmetic: deallocated dynamic object in charPtr - (signed long int)tmppatlen: SUCCESS
[search16.pointer_arithmetic.148] line 397 pointer arithmetic: dead object in charPtr - (signed long int)tmppatlen: SUCCESS
[search16.pointer_arithmetic.149] line 397 pointer arithmetic: pointer outside object bounds in charPtr - (signed long int)tmppatlen: SUCCESS
[search16.pointer_arithmetic.150] line 397 pointer arithmetic: invalid integer address in charPtr - (signed long int)tmppatlen: SUCCESS
[search16.pointer_arithmetic.151] line 397 pointer arithmetic: pointer NULL in (charPtr - (signed long int)tmppatlen) + (signed long int)1: SUCCESS
[search16.pointer_arithmetic.152] line 397 pointer arithmetic: pointer invalid in (charPtr - (signed long int)tmppatlen) + (signed long int)1: SUCCESS
[search16.pointer_arithmetic.153] line 397 pointer arithmetic: deallocated dynamic object in (charPtr - (signed long int)tmppatlen) + (signed long int)1: SUCCESS
[search16.pointer_arithmetic.154] line 397 pointer arithmetic: dead object in (charPtr - (signed long int)tmppatlen) + (signed long int)1: SUCCESS
[search16.pointer_arithmetic.155] line 397 pointer arithmetic: pointer outside object bounds in (charPtr - (signed long int)tmppatlen) + (signed long int)1: SUCCESS
[search16.pointer_arithmetic.156] line 397 pointer arithmetic: invalid integer address in (charPtr - (signed long int)tmppatlen) + (signed long int)1: SUCCESS
[search16.overflow.40] line 398 arithmetic overflow on signed + in count + 1: SUCCESS
[search16.pointer_arithmetic.157] line 399 pointer arithmetic: pointer NULL in charPtr + 1l: SUCCESS
[search16.pointer_arithmetic.158] line 399 pointer arithmetic: pointer invalid in charPtr + 1l: SUCCESS
[search16.pointer_arithmetic.159] line 399 pointer arithmetic: deallocated dynamic object in charPtr + 1l: SUCCESS
[search16.pointer_arithmetic.160] line 399 pointer arithmetic: dead object in charPtr + 1l: SUCCESS
[search16.pointer_arithmetic.161] line 399 pointer arithmetic: pointer outside object bounds in charPtr + 1l: SUCCESS
[search16.pointer_arithmetic.162] line 399 pointer arithmetic: invalid integer address in charPtr + 1l: SUCCESS
[search16.overflow.41] line 403 arithmetic overflow on unsigned + in i + 1u: SUCCESS
[search16.array_bounds.8] line 404 array 'flist' upper bound in flist[(signed long int)i]: SUCCESS
[search16.pointer_dereference.97] line 406 dereference failure: pointer NULL in t->next: SUCCESS
[search16.pointer_dereference.98] line 406 dereference failure: pointer invalid in t->next: SUCCESS
[search16.pointer_dereference.99] line 406 dereference failure: deallocated dynamic object in t->next: SUCCESS
[search16.pointer_dereference.100] line 406 dereference failure: dead object in t->next: SUCCESS
[search16.pointer_dereference.101] line 406 dereference failure: pointer outside object bounds in t->next: SUCCESS
[search16.pointer_dereference.102] line 406 dereference failure: invalid integer address in t->next: SUCCESS
[search16.precondition_instance.5] line 407 free argument must be NULL or valid pointer: SUCCESS
[search16.precondition_instance.6] line 407 free argument must be dynamic object: SUCCESS
[search16.precondition_instance.7] line 407 free argument has offset zero: SUCCESS
[search16.precondition_instance.8] line 407 double free: SUCCESS
[search16.precondition_instance.9] line 407 free called for new[] object: SUCCESS
[search16.precondition_instance.10] line 407 free called for stack-allocated object: SUCCESS
[search16.array_bounds.9] line 408 array 'flist' upper bound in flist[(signed long int)i]: SUCCESS

source/algos/epsm.c function search2
[search2.overflow.1] line 108 arithmetic overflow on signed * in 16 * (textlen / 16): SUCCESS
[search2.pointer_arithmetic.1] line 108 pointer arithmetic: pointer NULL in x + (signed long int)(16 * (textlen / 16)): SUCCESS
[search2.pointer_arithmetic.2] line 108 pointer arithmetic: pointer invalid in x + (signed long int)(16 * (textlen / 16)): SUCCESS
[search2.pointer_arithmetic.3] line 108 pointer arithmetic: deallocated dynamic object in x + (signed long int)(16 * (textlen / 16)): SUCCESS
[search2.pointer_arithmetic.4] line 108 pointer arithmetic: dead object in x + (signed long int)(16 * (textlen / 16)): SUCCESS
[search2.pointer_arithmetic.5] line 108 pointer arithmetic: pointer outside object bounds in x + (signed long int)(16 * (textlen / 16)): SUCCESS
[search2.pointer_arithmetic.6] line 108 pointer arithmetic: invalid integer address in x + (signed long int)(16 * (textlen / 16)): SUCCESS
[search2.pointer_arithmetic.7] line 113 pointer arithmetic: pointer NULL in pattern + (signed long int)0: SUCCESS
[search2.pointer_arithmetic.8] line 113 pointer arithmetic: pointer invalid in pattern + (signed long int)0: SUCCESS
[search2.pointer_arithmetic.9] line 113 pointer arithmetic: deallocated dynamic object in pattern + (signed long int)0: SUCCESS
[search2.pointer_arithmetic.10] line 113 pointer arithmetic: dead object in pattern + (signed long int)0: SUCCESS
[search2.pointer_arithmetic.11] line 113 pointer arithmetic: pointer outside object bounds in pattern + (signed long int)0: SUCCESS
[search2.pointer_arithmetic.12] line 113 pointer arithmetic: invalid integer address in pattern + (signed long int)0: SUCCESS
[search2.pointer_arithmetic.13] line 113 pointer arithmetic: pointer NULL in pattern + (signed long int)1: SUCCESS
[search2.pointer_arithmetic.14] line 113 pointer arithmetic: pointer invalid in pattern + (signed long int)1: SUCCESS
[search2.pointer_arithmetic.15] line 113 pointer arithmetic: deallocated dynamic object in pattern + (signed long int)1: SUCCESS
[search2.pointer_arithmetic.16] line 113 pointer arithmetic: dead object in pattern + (signed long int)1: SUCCESS
[search2.pointer_arithmetic.17] line 113 pointer arithmetic: pointer outside object bounds in pattern + (signed long int)1: SUCCESS
[search2.pointer_arithmetic.18] line 113 pointer arithmetic: invalid integer address in pattern + (signed long int)1: SUCCESS
[search2.pointer_dereference.1] line 113 dereference failure: pointer NULL in pattern[(signed long int)0]: SUCCESS
[search2.pointer_dereference.2] line 113 dereference failure: pointer invalid in pattern[(signed long int)0]: SUCCESS
[search2.pointer_dereference.3] line 113 dereference failure: deallocated dynamic object in pattern[(signed long int)0]: SUCCESS
[search2.pointer_dereference.4] line 113 dereference failure: dead object in pattern[(signed long int)0]: SUCCESS
[search2.pointer_dereference.5] line 113 dereference failure: pointer outside object bounds in pattern[(signed long int)0]: SUCCESS
[search2.pointer_dereference.6] line 113 dereference failure: invalid integer address in pattern[(signed long int)0]: SUCCESS
[search2.pointer_dereference.7] line 113 dereference failure: pointer NULL in pattern[(signed long int)1]: SUCCESS
[search2.pointer_dereference.8] line 113 dereference failure: pointer invalid in pattern[(signed long int)1]: SUCCESS
[search2.pointer_dereference.9] line 113 dereference failure: deallocated dynamic object in pattern[(signed long int)1]: SUCCESS
[search2.pointer_dereference.10] line 113 dereference failure: dead object in pattern[(signed long int)1]: SUCCESS
[search2.pointer_dereference.11] line 113 dereference failure: pointer outside object bounds in pattern[(signed long int)1]: SUCCESS
[search2.pointer_dereference.12] line 113 dereference failure: invalid integer address in pattern[(signed long int)1]: SUCCESS
[search2.overflow.2] line 121 arithmetic overflow on unsigned + in j + 1u: SUCCESS
[search2.array_bounds.1] line 122 array upper bound in byte_extract_little_endian(template0, 0l, unsigned char [16l])[(signed long int)j]: SUCCESS
[search2.array_bounds.2] line 123 array upper bound in byte_extract_little_endian(template1, 0l, unsigned char [16l])[(signed long int)j]: SUCCESS
[search2.pointer.1] line 130 same object violation in text < tend: SUCCESS
[search2.pointer_arithmetic.19] line 130 pointer relation: pointer NULL in text: SUCCESS
[search2.pointer_arithmetic.20] line 130 pointer relation: pointer invalid in text: SUCCESS
[search2.pointer_arithmetic.21] line 130 pointer relation: deallocated dynamic object in text: SUCCESS
[search2.pointer_arithmetic.22] line 130 pointer relation: dead object in text: SUCCESS
[search2.pointer_arithmetic.23] line 130 pointer relation: pointer outside object bounds in text: SUCCESS
[search2.pointer_arithmetic.24] line 130 pointer relation: invalid integer address in text: SUCCESS
[search2.pointer_arithmetic.25] line 130 pointer relation: pointer NULL in tend: SUCCESS
[search2.pointer_arithmetic.26] line 130 pointer relation: pointer invalid in tend: SUCCESS
[search2.pointer_arithmetic.27] line 130 pointer relation: deallocated dynamic object in tend: SUCCESS
[search2.pointer_arithmetic.28] line 130 pointer relation: dead object in tend: SUCCESS
[search2.pointer_arithmetic.29] line 130 pointer relation: pointer outside object bounds in tend: SUCCESS
[search2.pointer_arithmetic.30] line 130 pointer relation: invalid integer address in tend: SUCCESS
[search2.pointer_dereference.13] line 131 dereference failure: pointer NULL in *text: SUCCESS
[search2.pointer_dereference.14] line 131 dereference failure: pointer invalid in *text: SUCCESS
[search2.pointer_dereference.15] line 131 dereference failure: deallocated dynamic object in *text: SUCCESS
[search2.pointer_dereference.16] line 131 dereference failure: dead object in *text: SUCCESS
[search2.pointer_dereference.17] line 131 dereference failure: pointer outside object bounds in *text: SUCCESS
[search2.pointer_dereference.18] line 131 dereference failure: invalid integer address in *text: SUCCESS
[search2.overflow.3] line 132 arithmetic overflow on signed to unsigned type conversion in (unsigned int)return_value__mm_movemask_epi8: SUCCESS
[search2.pointer_dereference.19] line 133 dereference failure: pointer NULL in *text: SUCCESS
[search2.pointer_dereference.20] line 133 dereference failure: pointer invalid in *text: SUCCESS
[search2.pointer_dereference.21] line 133 dereference failure: deallocated dynamic object in *text: SUCCESS
[search2.pointer_dereference.22] line 133 dereference failure: dead object in *text: SUCCESS
[search2.pointer_dereference.23] line 133 dereference failure: pointer outside object bounds in *text: SUCCESS
[search2.pointer_dereference.24] line 133 dereference failure: invalid integer address in *text: SUCCESS
[search2.overflow.4] line 134 arithmetic overflow on signed to unsigned type conversion in (unsigned int)return_value__mm_movemask_epi8$0: SUCCESS
[search2.overflow.5] line 145 arithmetic overflow on signed + in count + return_value__mm_popcnt_u32: SUCCESS
[search2.pointer_arithmetic.31] line 148 pointer arithmetic: pointer NULL in text + 1l: SUCCESS
[search2.pointer_arithmetic.32] line 148 pointer arithmetic: pointer invalid in text + 1l: SUCCESS
[search2.pointer_arithmetic.33] line 148 pointer arithmetic: deallocated dynamic object in text + 1l: SUCCESS
[search2.pointer_arithmetic.34] line 148 pointer arithmetic: dead object in text + 1l: SUCCESS
[search2.pointer_arithmetic.35] line 148 pointer arithmetic: pointer outside object bounds in text + 1l: SUCCESS
[search2.pointer_arithmetic.36] line 148 pointer arithmetic: invalid integer address in text + 1l: SUCCESS
[search2.overflow.6] line 151 arithmetic overflow on signed * in 16 * (textlen / 16): SUCCESS
[search2.overflow.7] line 151 arithmetic overflow on signed to unsigned type conversion in (unsigned int)(16 * (textlen / 16)): SUCCESS
[search2.overflow.8] line 151 arithmetic overflow on signed to unsigned type conversion in (unsigned int)textlen: SUCCESS
[search2.overflow.11] line 151 arithmetic overflow on unsigned + in j + 1u: SUCCESS
[search2.overflow.9] line 152 arithmetic overflow on unsigned - in j - (unsigned int)1: SUCCESS
[search2.pointer_arithmetic.37] line 152 pointer arithmetic: pointer NULL in x + (signed long int)(j - (unsigned int)1): SUCCESS
[search2.pointer_arithmetic.38] line 152 pointer arithmetic: pointer invalid in x + (signed long int)(j - (unsigned int)1): SUCCESS
[search2.pointer_arithmetic.39] line 152 pointer arithmetic: deallocated dynamic object in x + (signed long int)(j - (unsigned int)1): SUCCESS
[search2.pointer_arithmetic.40] line 152 pointer arithmetic: dead object in x + (signed long int)(j - (unsigned int)1): SUCCESS
[search2.pointer_arithmetic.41] line 152 pointer arithmetic: pointer outside object bounds in x + (signed long int)(j - (unsigned int)1): SUCCESS
[search2.pointer_arithmetic.42] line 152 pointer arithmetic: invalid integer address in x + (signed long int)(j - (unsigned int)1): SUCCESS
[search2.pointer_arithmetic.43] line 152 pointer arithmetic: pointer NULL in x + (signed long int)j: SUCCESS
[search2.pointer_arithmetic.44] line 152 pointer arithmetic: pointer invalid in x + (signed long int)j: SUCCESS
[search2.pointer_arithmetic.45] line 152 pointer arithmetic: deallocated dynamic object in x + (signed long int)j: SUCCESS
[search2.pointer_arithmetic.46] line 152 pointer arithmetic: dead object in x + (signed long int)j: SUCCESS
[search2.pointer_arithmetic.47] line 152 pointer arithmetic: pointer outside object bounds in x + (signed long int)j: SUCCESS
[search2.pointer_arithmetic.48] line 152 pointer arithmetic: invalid integer address in x + (signed long int)j: SUCCESS
[search2.pointer_dereference.25] line 152 dereference failure: pointer NULL in x[(signed long int)(j - (unsigned int)1)]: SUCCESS
[search2.pointer_dereference.26] line 152 dereference failure: pointer invalid in x[(signed long int)(j - (unsigned int)1)]: SUCCESS
[search2.pointer_dereference.27] line 152 dereference failure: deallocated dynamic object in x[(signed long int)(j - (unsigned int)1)]: SUCCESS
[search2.pointer_dereference.28] line 152 dereference failure: dead object in x[(signed long int)(j - (unsigned int)1)]: SUCCESS
[search2.pointer_dereference.29] line 152 dereference failure: pointer outside object bounds in x[(signed long int)(j - (unsigned int)1)]: SUCCESS
[search2.pointer_dereference.30] line 152 dereference failure: invalid integer address in x[(signed long int)(j - (unsigned int)1)]: SUCCESS
[search2.pointer_dereference.31] line 152 dereference failure: pointer NULL in x[(signed long int)j]: SUCCESS
[search2.pointer_dereference.32] line 152 dereference failure: pointer invalid in x[(signed long int)j]: SUCCESS
[search2.pointer_dereference.33] line 152 dereference failure: deallocated dynamic object in x[(signed long int)j]: SUCCESS
[search2.pointer_dereference.34] line 152 dereference failure: dead object in x[(signed long int)j]: SUCCESS
[search2.pointer_dereference.35] line 152 dereference failure: pointer outside object bounds in x[(signed long int)j]: SUCCESS
[search2.pointer_dereference.36] line 152 dereference failure: invalid integer address in x[(signed long int)j]: SUCCESS
[search2.overflow.10] line 153 arithmetic overflow on signed + in count + 1: SUCCESS

source/algos/epsm.c function search3
[search3.overflow.1] line 162 arithmetic overflow on signed * in 16 * (textlen / 16): SUCCESS
[search3.pointer_arithmetic.1] line 162 pointer arithmetic: pointer NULL in x + (signed long int)(16 * (textlen / 16)): SUCCESS
[search3.pointer_arithmetic.2] line 162 pointer arithmetic: pointer invalid in x + (signed long int)(16 * (textlen / 16)): SUCCESS
[search3.pointer_arithmetic.3] line 162 pointer arithmetic: deallocated dynamic object in x + (signed long int)(16 * (textlen / 16)): SUCCESS
[search3.pointer_arithmetic.4] line 162 pointer arithmetic: dead object in x + (signed long int)(16 * (textlen / 16)): SUCCESS
[search3.pointer_arithmetic.5] line 162 pointer arithmetic: pointer outside object bounds in x + (signed long int)(16 * (textlen / 16)): SUCCESS
[search3.pointer_arithmetic.6] line 162 pointer arithmetic: invalid integer address in x + (signed long int)(16 * (textlen / 16)): SUCCESS
[search3.overflow.2] line 174 arithmetic overflow on unsigned + in j + 1u: SUCCESS
[search3.array_bounds.1] line 175 array upper bound in byte_extract_little_endian(template0, 0l, unsigned char [16l])[(signed long int)j]: SUCCESS
[search3.pointer_arithmetic.7] line 175 pointer arithmetic: pointer NULL in pattern + (signed long int)0: SUCCESS
[search3.pointer_arithmetic.8] line 175 pointer arithmetic: pointer invalid in pattern + (signed long int)0: SUCCESS
[search3.pointer_arithmetic.9] line 175 pointer arithmetic: deallocated dynamic object in pattern + (signed long int)0: SUCCESS
[search3.pointer_arithmetic.10] line 175 pointer arithmetic: dead object in pattern + (signed long int)0: SUCCESS
[search3.pointer_arithmetic.11] line 175 pointer arithmetic: pointer outside object bounds in pattern + (signed long int)0: SUCCESS
[search3.pointer_arithmetic.12] line 175 pointer arithmetic: invalid integer address in pattern + (signed long int)0: SUCCESS
[search3.pointer_dereference.1] line 175 dereference failure: pointer NULL in pattern[(signed long int)0]: SUCCESS
[search3.pointer_dereference.2] line 175 dereference failure: pointer invalid in pattern[(signed long int)0]: SUCCESS
[search3.pointer_dereference.3] line 175 dereference failure: deallocated dynamic object in pattern[(signed long int)0]: SUCCESS
[search3.pointer_dereference.4] line 175 dereference failure: dead object in pattern[(signed long int)0]: SUCCESS
[search3.pointer_dereference.5] line 175 dereference failure: pointer outside object bounds in pattern[(signed long int)0]: SUCCESS
[search3.pointer_dereference.6] line 175 dereference failure: invalid integer address in pattern[(signed long int)0]: SUCCESS
[search3.array_bounds.2] line 176 array upper bound in byte_extract_little_endian(template1, 0l, unsigned char [16l])[(signed long int)j]: SUCCESS
[search3.pointer_arithmetic.13] line 176 pointer arithmetic: pointer NULL in pattern + (signed long int)1: SUCCESS
[search3.pointer_arithmetic.14] line 176 pointer arithmetic: pointer invalid in pattern + (signed long int)1: SUCCESS
[search3.pointer_arithmetic.15] line 176 pointer arithmetic: deallocated dynamic object in pattern + (signed long int)1: SUCCESS
[search3.pointer_arithmetic.16] line 176 pointer arithmetic: dead object in pattern + (signed long int)1: SUCCESS
[search3.pointer_arithmetic.17] line 176 pointer arithmetic: pointer outside object bounds in pattern + (signed long int)1: SUCCESS
[search3.pointer_arithmetic.18] line 176 pointer arithmetic: invalid integer address in pattern + (signed long int)1: SUCCESS
[search3.pointer_dereference.7] line 176 dereference failure: pointer NULL in pattern[(signed long int)1]: SUCCESS
[search3.pointer_dereference.8] line 176 dereference failure: pointer invalid in pattern[(signed long int)1]: SUCCESS
[search3.pointer_dereference.9] line 176 dereference failure: deallocated dynamic object in pattern[(signed long int)1]: SUCCESS
[search3.pointer_dereference.10] line 176 dereference failure: dead object in pattern[(signed long int)1]: SUCCESS
[search3.pointer_dereference.11] line 176 dereference failure: pointer outside object bounds in pattern[(signed long int)1]: SUCCESS
[search3.pointer_dereference.12] line 176 dereference failure: invalid integer address in pattern[(signed long int)1]: SUCCESS
[search3.array_bounds.3] line 177 array upper bound in byte_extract_little_endian(template2, 0l, unsigned char [16l])[(signed long int)j]: SUCCESS
[search3.pointer_arithmetic.19] line 177 pointer arithmetic: pointer NULL in pattern + (signed long int)2: SUCCESS
[search3.pointer_arithmetic.20] line 177 pointer arithmetic: pointer invalid in pattern + (signed long int)2: SUCCESS
[search3.pointer_arithmetic.21] line 177 pointer arithmetic: deallocated dynamic object in pattern + (signed long int)2: SUCCESS
[search3.pointer_arithmetic.22] line 177 pointer arithmetic: dead object in pattern + (signed long int)2: SUCCESS
[search3.pointer_arithmetic.23] line 177 pointer arithmetic: pointer outside object bounds in pattern + (signed long int)2: SUCCESS
[search3.pointer_arithmetic.24] line 177 pointer arithmetic: invalid integer address in pattern + (signed long int)2: SUCCESS
[search3.pointer_dereference.13] line 177 dereference failure: pointer NULL in pattern[(signed long int)2]: SUCCESS
[search3.pointer_dereference.14] line 177 dereference failure: pointer invalid in pattern[(signed long int)2]: SUCCESS
[search3.pointer_dereference.15] line 177 dereference failure: deallocated dynamic object in pattern[(signed long int)2]: SUCCESS
[search3.pointer_dereference.16] line 177 dereference failure: dead object in pattern[(signed long int)2]: SUCCESS
[search3.pointer_dereference.17] line 177 dereference failure: pointer outside object bounds in pattern[(signed long int)2]: SUCCESS
[search3.pointer_dereference.18] line 177 dereference failure: invalid integer address in pattern[(signed long int)2]: SUCCESS
[search3.pointer.1] line 185 same object violation in text < tend: SUCCESS
[search3.pointer_arithmetic.25] line 185 pointer relation: pointer NULL in text: SUCCESS
[search3.pointer_arithmetic.26] line 185 pointer relation: pointer invalid in text: SUCCESS
[search3.pointer_arithmetic.27] line 185 pointer relation: deallocated dynamic object in text: SUCCESS
[search3.pointer_arithmetic.28] line 185 pointer relation: dead object in text: SUCCESS
[search3.pointer_arithmetic.29] line 185 pointer relation: pointer outside object bounds in text: SUCCESS
[search3.pointer_arithmetic.30] line 185 pointer relation: invalid integer address in text: SUCCESS
[search3.pointer_arithmetic.31] line 185 pointer relation: pointer NULL in tend: SUCCESS
[search3.pointer_arithmetic.32] line 185 pointer relation: pointer invalid in tend: SUCCESS
[search3.pointer_arithmetic.33] line 185 pointer relation: deallocated dynamic object in tend: SUCCESS
[search3.pointer_arithmetic.34] line 185 pointer relation: dead object in tend: SUCCESS
[search3.pointer_arithmetic.35] line 185 pointer relation: pointer outside object bounds in tend: SUCCESS
[search3.pointer_arithmetic.36] line 185 pointer relation: invalid integer address in tend: SUCCESS
[search3.pointer_dereference.19] line 186 dereference failure: pointer NULL in *text: SUCCESS
[search3.pointer_dereference.20] line 186 dereference failure: pointer invalid in *text: SUCCESS
[search3.pointer_dereference.21] line 186 dereference failure: deallocated dynamic object in *text: SUCCESS
[search3.pointer_dereference.22] line 186 dereference failure: dead object in *text: SUCCESS
[search3.pointer_dereference.23] line 186 dereference failure: pointer outside object bounds in *text: SUCCESS
[search3.pointer_dereference.24] line 186 dereference failure: invalid integer address in *text: SUCCESS
[search3.overflow.3] line 187 arithmetic overflow on signed to unsigned type conversion in (unsigned int)return_value__mm_movemask_epi8: SUCCESS
[search3.pointer_dereference.25] line 189 dereference failure: pointer NULL in *text: SUCCESS
[search3.pointer_dereference.26] line 189 dereference failure: pointer invalid in *text: SUCCESS
[search3.pointer_dereference.27] line 189 dereference failure: deallocated dynamic object in *text: SUCCESS
[search3.pointer_dereference.28] line 189 dereference failure: dead object in *text: SUCCESS
[search3.pointer_dereference.29] line 189 dereference failure: pointer outside object bounds in *text: SUCCESS
[search3.pointer_dereference.30] line 189 dereference failure: invalid integer address in *text: SUCCESS
[search3.overflow.4] line 190 arithmetic overflow on signed to unsigned type conversion in (unsigned int)return_value__mm_movemask_epi8$0: SUCCESS
[search3.pointer_dereference.31] line 192 dereference failure: pointer NULL in *text: SUCCESS
[search3.pointer_dereference.32] line 192 dereference failure: pointer invalid in *text: SUCCESS
[search3.pointer_dereference.33] line 192 dereference failure: deallocated dynamic object in *text: SUCCESS
[search3.pointer_dereference.34] line 192 dereference failure: dead object in *text: SUCCESS
[search3.pointer_dereference.35] line 192 dereference failure: pointer outside object bounds in *text: SUCCESS
[search3.pointer_dereference.36] line 192 dereference failure: invalid integer address in *text: SUCCESS
[search3.overflow.5] line 193 arithmetic overflow on signed to unsigned type conversion in (unsigned int)return_value__mm_movemask_epi8$1: SUCCESS
[search3.overflow.6] line 206 arithmetic overflow on signed + in count + return_value__mm_popcnt_u32: SUCCESS
[search3.pointer_arithmetic.37] line 211 pointer arithmetic: pointer NULL in text + 1l: SUCCESS
[search3.pointer_arithmetic.38] line 211 pointer arithmetic: pointer invalid in text + 1l: SUCCESS
[search3.pointer_arithmetic.39] line 211 pointer arithmetic: deallocated dynamic object in text + 1l: SUCCESS
[search3.pointer_arithmetic.40] line 211 pointer arithmetic: dead object in text + 1l: SUCCESS
[search3.pointer_arithmetic.41] line 211 pointer arithmetic: pointer outside object bounds in text + 1l: SUCCESS
[search3.pointer_arithmetic.42] line 211 pointer arithmetic: invalid integer address in text + 1l: SUCCESS
[search3.overflow.7] line 214 arithmetic overflow on signed * in 16 * (textlen / 16): SUCCESS
[search3.overflow.8] line 214 arithmetic overflow on signed to unsigned type conversion in (unsigned int)(16 * (textlen / 16)): SUCCESS
[search3.overflow.9] line 214 arithmetic overflow on signed to unsigned type conversion in (unsigned int)textlen: SUCCESS
[search3.overflow.13] line 214 arithmetic overflow on unsigned + in j + 1u: SUCCESS
[search3.overflow.10] line 215 arithmetic overflow on unsigned - in j - (unsigned int)2: SUCCESS
[search3.overflow.11] line 215 arithmetic overflow on unsigned - in j - (unsigned int)1: SUCCESS
[search3.pointer_arithmetic.43] line 215 pointer arithmetic: pointer NULL in x + (signed long int)(j - (unsigned int)2): SUCCESS
[search3.pointer_arithmetic.44] line 215 pointer arithmetic: pointer invalid in x + (signed long int)(j - (unsigned int)2): SUCCESS
[search3.pointer_arithmetic.45] line 215 pointer arithmetic: deallocated dynamic object in x + (signed long int)(j - (unsigned int)2): SUCCESS
[search3.pointer_arithmetic.46] line 215 pointer arithmetic: dead object in x + (signed long int)(j - (unsigned int)2): SUCCESS
[search3.pointer_arithmetic.47] line 215 pointer arithmetic: pointer outside object bounds in x + (signed long int)(j - (unsigned int)2): SUCCESS
[search3.pointer_arithmetic.48] line 215 pointer arithmetic: invalid integer address in x + (signed long int)(j - (unsigned int)2): SUCCESS
[search3.pointer_arithmetic.49] line 215 pointer arithmetic: pointer NULL in pattern + (signed long int)0: SUCCESS
[search3.pointer_arithmetic.50] line 215 pointer arithmetic: pointer invalid in pattern + (signed long int)0: SUCCESS
[search3.pointer_arithmetic.51] line 215 pointer arithmetic: deallocated dynamic object in pattern + (signed long int)0: SUCCESS
[search3.pointer_arithmetic.52] line 215 pointer arithmetic: dead object in pattern + (signed long int)0: SUCCESS
[search3.pointer_arithmetic.53] line 215 pointer arithmetic: pointer outside object bounds in pattern + (signed long int)0: SUCCESS
[search3.pointer_arithmetic.54] line 215 pointer arithmetic: invalid integer address in pattern + (signed long int)0: SUCCESS
[search3.pointer_arithmetic.55] line 215 pointer arithmetic: pointer NULL in x + (signed long int)(j - (unsigned int)1): SUCCESS
[search3.pointer_arithmetic.56] line 215 pointer arithmetic: pointer invalid in x + (signed long int)(j - (unsigned int)1): SUCCESS
[search3.pointer_arithmetic.57] line 215 pointer arithmetic: deallocated dynamic object in x + (signed long int)(j - (unsigned int)1): SUCCESS
[search3.pointer_arithmetic.58] line 215 pointer arithmetic: dead object in x + (signed long int)(j - (unsigned int)1): SUCCESS
[search3.pointer_arithmetic.59] line 215 pointer arithmetic: pointer outside object bounds in x + (signed long int)(j - (unsigned int)1): SUCCESS
[search3.pointer_arithmetic.60] line 215 pointer arithmetic: invalid integer address in x + (signed long int)(j - (unsigned int)1): SUCCESS
[search3.pointer_arithmetic.61] line 215 pointer arithmetic: pointer NULL in pattern + (signed long int)1: SUCCESS
[search3.pointer_arithmetic.62] line 215 pointer arithmetic: pointer invalid in pattern + (signed long int)1: SUCCESS
[search3.pointer_arithmetic.63] line 215 pointer arithmetic: deallocated dynamic object in pattern + (signed long int)1: SUCCESS
[search3.pointer_arithmetic.64] line 215 pointer arithmetic: dead object in pattern + (signed long int)1: SUCCESS
[search3.pointer_arithmetic.65] line 215 pointer arithmetic: pointer outside object bounds in pattern + (signed long int)1: SUCCESS
[search3.pointer_arithmetic.66] line 215 pointer arithmetic: invalid integer address in pattern + (signed long int)1: SUCCESS
[search3.pointer_dereference.37] line 215 dereference failure: pointer NULL in x[(signed long int)(j - (unsigned int)2)]: SUCCESS
[search3.pointer_dereference.38] line 215 dereference failure: pointer invalid in x[(signed long int)(j - (unsigned int)2)]: SUCCESS
[search3.pointer_dereference.39] line 215 dereference failure: deallocated dynamic object in x[(signed long int)(j - (unsigned int)2)]: SUCCESS
[search3.pointer_dereference.40] line 215 dereference failure: dead object in x[(signed long int)(j - (unsigned int)2)]: SUCCESS
[search3.pointer_dereference.41] line 215 dereference failure: pointer outside object bounds in x[(signed long int)(j - (unsigned int)2)]: SUCCESS
[search3.pointer_dereference.42] line 215 dereference failure: invalid integer address in x[(signed long int)(j - (unsigned int)2)]: SUCCESS
[search3.pointer_dereference.43] line 215 dereference failure: pointer NULL in pattern[(signed long int)0]: SUCCESS
[search3.pointer_dereference.44] line 215 dereference failure: pointer invalid in pattern[(signed long int)0]: SUCCESS
[search3.pointer_dereference.45] line 215 dereference failure: deallocated dynamic object in pattern[(signed long int)0]: SUCCESS
[search3.pointer_dereference.46] line 215 dereference failure: dead object in pattern[(signed long int)0]: SUCCESS
[search3.pointer_dereference.47] line 215 dereference failure: pointer outside object bounds in pattern[(signed long int)0]: SUCCESS
[search3.pointer_dereference.48] line 215 dereference failure: invalid integer address in pattern[(signed long int)0]: SUCCESS
[search3.pointer_dereference.49] line 215 dereference failure: pointer NULL in x[(signed long int)(j - (unsigned int)1)]: SUCCESS
[search3.pointer_dereference.50] line 215 dereference failure: pointer invalid in x[(signed long int)(j - (unsigned int)1)]: SUCCESS
[search3.pointer_dereference.51] line 215 dereference failure: deallocated dynamic object in x[(signed long int)(j - (unsigned int)1)]: SUCCESS
[search3.pointer_dereference.52] line 215 dereference failure: dead object in x[(signed long int)(j - (unsigned int)1)]: SUCCESS
[search3.pointer_dereference.53] line 215 dereference failure: pointer outside object bounds in x[(signed long int)(j - (unsigned int)1)]: SUCCESS
[search3.pointer_dereference.54] line 215 dereference failure: invalid integer address in x[(signed long int)(j - (unsigned int)1)]: SUCCESS
[search3.pointer_dereference.55] line 215 dereference failure: pointer NULL in pattern[(signed long int)1]: SUCCESS
[search3.pointer_dereference.56] line 215 dereference failure: pointer invalid in pattern[(signed long int)1]: SUCCESS
[search3.pointer_dereference.57] line 215 dereference failure: deallocated dynamic object in pattern[(signed long int)1]: SUCCESS
[search3.pointer_dereference.58] line 215 dereference failure: dead object in pattern[(signed long int)1]: SUCCESS
[search3.pointer_dereference.59] line 215 dereference failure: pointer outside object bounds in pattern[(signed long int)1]: SUCCESS
[search3.pointer_dereference.60] line 215 dereference failure: invalid integer address in pattern[(signed long int)1]: SUCCESS
[search3.pointer_arithmetic.67] line 216 pointer arithmetic: pointer NULL in x + (signed long int)j: SUCCESS
[search3.pointer_arithmetic.68] line 216 pointer arithmetic: pointer invalid in x + (signed long int)j: SUCCESS
[search3.pointer_arithmetic.69] line 216 pointer arithmetic: deallocated dynamic object in x + (signed long int)j: SUCCESS
[search3.pointer_arithmetic.70] line 216 pointer arithmetic: dead object in x + (signed long int)j: SUCCESS
[search3.pointer_arithmetic.71] line 216 pointer arithmetic: pointer outside object bounds in x + (signed long int)j: SUCCESS
[search3.pointer_arithmetic.72] line 216 pointer arithmetic: invalid integer address in x + (signed long int)j: SUCCESS
[search3.pointer_arithmetic.73] line 216 pointer arithmetic: pointer NULL in pattern + (signed long int)2: SUCCESS
[search3.pointer_arithmetic.74] line 216 pointer arithmetic: pointer invalid in pattern + (signed long int)2: SUCCESS
[search3.pointer_arithmetic.75] line 216 pointer arithmetic: deallocated dynamic object in pattern + (signed long int)2: SUCCESS
[search3.pointer_arithmetic.76] line 216 pointer arithmetic: dead object in pattern + (signed long int)2: SUCCESS
[search3.pointer_arithmetic.77] line 216 pointer arithmetic: pointer outside object bounds in pattern + (signed long int)2: SUCCESS
[search3.pointer_arithmetic.78] line 216 pointer arithmetic: invalid integer address in pattern + (signed long int)2: SUCCESS
[search3.pointer_dereference.61] line 216 dereference failure: pointer NULL in x[(signed long int)j]: SUCCESS
[search3.pointer_dereference.62] line 216 dereference failure: pointer invalid in x[(signed long int)j]: SUCCESS
[search3.pointer_dereference.63] line 216 dereference failure: deallocated dynamic object in x[(signed long int)j]: SUCCESS
[search3.pointer_dereference.64] line 216 dereference failure: dead object in x[(signed long int)j]: SUCCESS
[search3.pointer_dereference.65] line 216 dereference failure: pointer outside object bounds in x[(signed long int)j]: SUCCESS
[search3.pointer_dereference.66] line 216 dereference failure: invalid integer address in x[(signed long int)j]: SUCCESS
[search3.pointer_dereference.67] line 216 dereference failure: pointer NULL in pattern[(signed long int)2]: SUCCESS
[search3.pointer_dereference.68] line 216 dereference failure: pointer invalid in pattern[(signed long int)2]: SUCCESS
[search3.pointer_dereference.69] line 216 dereference failure: deallocated dynamic object in pattern[(signed long int)2]: SUCCESS
[search3.pointer_dereference.70] line 216 dereference failure: dead object in pattern[(signed long int)2]: SUCCESS
[search3.pointer_dereference.71] line 216 dereference failure: pointer outside object bounds in pattern[(signed long int)2]: SUCCESS
[search3.pointer_dereference.72] line 216 dereference failure: invalid integer address in pattern[(signed long int)2]: SUCCESS
[search3.overflow.12] line 217 arithmetic overflow on signed + in count + 1: SUCCESS

source/algos/epsm.c function search4
[search4.overflow.1] line 225 arithmetic overflow on signed * in 16 * (textlen / 16): SUCCESS
[search4.pointer_arithmetic.1] line 225 pointer arithmetic: pointer NULL in x + (signed long int)(16 * (textlen / 16)): SUCCESS
[search4.pointer_arithmetic.2] line 225 pointer arithmetic: pointer invalid in x + (signed long int)(16 * (textlen / 16)): SUCCESS
[search4.pointer_arithmetic.3] line 225 pointer arithmetic: deallocated dynamic object in x + (signed long int)(16 * (textlen / 16)): SUCCESS
[search4.pointer_arithmetic.4] line 225 pointer arithmetic: dead object in x + (signed long int)(16 * (textlen / 16)): SUCCESS
[search4.pointer_arithmetic.5] line 225 pointer arithmetic: pointer outside object bounds in x + (signed long int)(16 * (textlen / 16)): SUCCESS
[search4.pointer_arithmetic.6] line 225 pointer arithmetic: invalid integer address in x + (signed long int)(16 * (textlen / 16)): SUCCESS
[search4.pointer_arithmetic.7] line 228 pointer arithmetic: pointer NULL in tend - 1l: SUCCESS
[search4.pointer_arithmetic.8] line 228 pointer arithmetic: pointer invalid in tend - 1l: SUCCESS
[search4.pointer_arithmetic.9] line 228 pointer arithmetic: deallocated dynamic object in tend - 1l: SUCCESS
[search4.pointer_arithmetic.10] line 228 pointer arithmetic: dead object in tend - 1l: SUCCESS
[search4.pointer_arithmetic.11] line 228 pointer arithmetic: pointer outside object bounds in tend - 1l: SUCCESS
[search4.pointer_arithmetic.12] line 228 pointer arithmetic: invalid integer address in tend - 1l: SUCCESS
[search4.pointer_arithmetic.13] line 241 pointer arithmetic: pointer NULL in pattern + (signed long int)0: SUCCESS
[search4.pointer_arithmetic.14] line 241 pointer arithmetic: pointer invalid in pattern + (signed long int)0: SUCCESS
[search4.pointer_arithmetic.15] line 241 pointer arithmetic: deallocated dynamic object in pattern + (signed long int)0: SUCCESS
[search4.pointer_arithmetic.16] line 241 pointer arithmetic: dead object in pattern + (signed long int)0: SUCCESS
[search4.pointer_arithmetic.17] line 241 pointer arithmetic: pointer outside object bounds in pattern + (signed long int)0: SUCCESS
[search4.pointer_arithmetic.18] line 241 pointer arithmetic: invalid integer address in pattern + (signed long int)0: SUCCESS
[search4.pointer_dereference.1] line 241 dereference failure: pointer NULL in pattern[(signed long int)0]: SUCCESS
[search4.pointer_dereference.2] line 241 dereference failure: pointer invalid in pattern[(signed long int)0]: SUCCESS
[search4.pointer_dereference.3] line 241 dereference failure: deallocated dynamic object in pattern[(signed long int)0]: SUCCESS
[search4.pointer_dereference.4] line 241 dereference failure: dead object in pattern[(signed long int)0]: SUCCESS
[search4.pointer_dereference.5] line 241 dereference failure: pointer outside object bounds in pattern[(signed long int)0]: SUCCESS
[search4.pointer_dereference.6] line 241 dereference failure: invalid integer address in pattern[(signed long int)0]: SUCCESS
[search4.pointer_arithmetic.19] line 242 pointer arithmetic: pointer NULL in pattern + (signed long int)1: SUCCESS
[search4.pointer_arithmetic.20] line 242 pointer arithmetic: pointer invalid in pattern + (signed long int)1: SUCCESS
[search4.pointer_arithmetic.21] line 242 pointer arithmetic: deallocated dynamic object in pattern + (signed long int)1: SUCCESS
[search4.pointer_arithmetic.22] line 242 pointer arithmetic: dead object in pattern + (signed long int)1: SUCCESS
[search4.pointer_arithmetic.23] line 242 pointer arithmetic: pointer outside object bounds in pattern + (signed long int)1: SUCCESS
[search4.pointer_arithmetic.24] line 242 pointer arithmetic: invalid integer address in pattern + (signed long int)1: SUCCESS
[search4.pointer_dereference.7] line 242 dereference failure: pointer NULL in pattern[(signed long int)1]: SUCCESS
[search4.pointer_dereference.8] line 242 dereference failure: pointer invalid in pattern[(signed long int)1]: SUCCESS
[search4.pointer_dereference.9] line 242 dereference failure: deallocated dynamic object in pattern[(signed long int)1]: SUCCESS
[search4.pointer_dereference.10] line 242 dereference failure: dead object in pattern[(signed long int)1]: SUCCESS
[search4.pointer_dereference.11] line 242 dereference failure: pointer outside object bounds in pattern[(signed long int)1]: SUCCESS
[search4.pointer_dereference.12] line 242 dereference failure: invalid integer address in pattern[(signed long int)1]: SUCCESS
[search4.pointer_arithmetic.25] line 243 pointer arithmetic: pointer NULL in pattern + (signed long int)2: SUCCESS
[search4.pointer_arithmetic.26] line 243 pointer arithmetic: pointer invalid in pattern + (signed long int)2: SUCCESS
[search4.pointer_arithmetic.27] line 243 pointer arithmetic: deallocated dynamic object in pattern + (signed long int)2: SUCCESS
[search4.pointer_arithmetic.28] line 243 pointer arithmetic: dead object in pattern + (signed long int)2: SUCCESS
[search4.pointer_arithmetic.29] line 243 pointer arithmetic: pointer outside object bounds in pattern + (signed long int)2: SUCCESS
[search4.pointer_arithmetic.30] line 243 pointer arithmetic: invalid integer address in pattern + (signed long int)2: SUCCESS
[search4.pointer_dereference.13] line 243 dereference failure: pointer NULL in pattern[(signed long int)2]: SUCCESS
[search4.pointer_dereference.14] line 243 dereference failure: pointer invalid in pattern[(signed long int)2]: SUCCESS
[search4.pointer_dereference.15] line 243 dereference failure: deallocated dynamic object in pattern[(signed long int)2]: SUCCESS
[search4.pointer_dereference.16] line 243 dereference failure: dead object in pattern[(signed long int)2]: SUCCESS
[search4.pointer_dereference.17] line 243 dereference failure: pointer outside object bounds in pattern[(signed long int)2]: SUCCESS
[search4.pointer_dereference.18] line 243 dereference failure: invalid integer address in pattern[(signed long int)2]: SUCCESS
[search4.pointer_arithmetic.31] line 244 pointer arithmetic: pointer NULL in pattern + (signed long int)3: SUCCESS
[search4.pointer_arithmetic.32] line 244 pointer arithmetic: pointer invalid in pattern + (signed long int)3: SUCCESS
[search4.pointer_arithmetic.33] line 244 pointer arithmetic: deallocated dynamic object in pattern + (signed long int)3: SUCCESS
[search4.pointer_arithmetic.34] line 244 pointer arithmetic: dead object in pattern + (signed long int)3: SUCCESS
[search4.pointer_arithmetic.35] line 244 pointer arithmetic: pointer outside object bounds in pattern + (signed long int)3: SUCCESS
[search4.pointer_arithmetic.36] line 244 pointer arithmetic: invalid integer address in pattern + (signed long int)3: SUCCESS
[search4.pointer_dereference.19] line 244 dereference failure: pointer NULL in pattern[(signed long int)3]: SUCCESS
[search4.pointer_dereference.20] line 244 dereference failure: pointer invalid in pattern[(signed long int)3]: SUCCESS
[search4.pointer_dereference.21] line 244 dereference failure: deallocated dynamic object in pattern[(signed long int)3]: SUCCESS
[search4.pointer_dereference.22] line 244 dereference failure: dead object in pattern[(signed long int)3]: SUCCESS
[search4.pointer_dereference.23] line 244 dereference failure: pointer outside object bounds in pattern[(signed long int)3]: SUCCESS
[search4.pointer_dereference.24] line 244 dereference failure: invalid integer address in pattern[(signed long int)3]: SUCCESS
[search4.pointer_arithmetic.37] line 248 pointer arithmetic: pointer NULL in text + 1l: SUCCESS
[search4.pointer_arithmetic.38] line 248 pointer arithmetic: pointer invalid in text + 1l: SUCCESS
[search4.pointer_arithmetic.39] line 248 pointer arithmetic: deallocated dynamic object in text + 1l: SUCCESS
[search4.pointer_arithmetic.40] line 248 pointer arithmetic: dead object in text + 1l: SUCCESS
[search4.pointer_arithmetic.41] line 248 pointer arithmetic: pointer outside object bounds in text + 1l: SUCCESS
[search4.pointer_arithmetic.42] line 248 pointer arithmetic: invalid integer address in text + 1l: SUCCESS
[search4.pointer.1] line 251 same object violation in text < tend: SUCCESS
[search4.pointer_arithmetic.43] line 251 pointer relation: pointer NULL in text: SUCCESS
[search4.pointer_arithmetic.44] line 251 pointer relation: pointer invalid in text: SUCCESS
[search4.pointer_arithmetic.45] line 251 pointer relation: deallocated dynamic object in text: SUCCESS
[search4.pointer_arithmetic.46] line 251 pointer relation: dead object in text: SUCCESS
[search4.pointer_arithmetic.47] line 251 pointer relation: pointer outside object bounds in text: SUCCESS
[search4.pointer_arithmetic.48] line 251 pointer relation: invalid integer address in text: SUCCESS
[search4.pointer_arithmetic.49] line 251 pointer relation: pointer NULL in tend: SUCCESS
[search4.pointer_arithmetic.50] line 251 pointer relation: pointer invalid in tend: SUCCESS
[search4.pointer_arithmetic.51] line 251 pointer relation: deallocated dynamic object in tend: SUCCESS
[search4.pointer_arithmetic.52] line 251 pointer relation: dead object in tend: SUCCESS
[search4.pointer_arithmetic.53] line 251 pointer relation: pointer outside object bounds in tend: SUCCESS
[search4.pointer_arithmetic.54] line 251 pointer relation: invalid integer address in tend: SUCCESS
[search4.array_bounds.1] line 254 array dynamic object upper bound in (*text)[0l]: SUCCESS
[search4.array_bounds.2] line 254 array dynamic object upper bound in (*text)[1l]: SUCCESS
[search4.pointer_dereference.25] line 254 dereference failure: pointer NULL in *text: SUCCESS
[search4.pointer_dereference.26] line 254 dereference failure: pointer invalid in *text: SUCCESS
[search4.pointer_dereference.27] line 254 dereference failure: deallocated dynamic object in *text: SUCCESS
[search4.pointer_dereference.28] line 254 dereference failure: dead object in *text: SUCCESS
[search4.pointer_dereference.29] line 254 dereference failure: pointer outside object bounds in *text: SUCCESS
[search4.pointer_dereference.30] line 254 dereference failure: invalid integer address in *text: SUCCESS
[search4.overflow.2] line 257 arithmetic overflow on signed to unsigned type conversion in (unsigned int)i: SUCCESS
[search4.overflow.3] line 257 arithmetic overflow on signed + in count + return_value__mm_popcnt_u32: SUCCESS
[search4.array_bounds.3] line 259 array dynamic object upper bound in (*text)[0l]: SUCCESS
[search4.array_bounds.4] line 259 array dynamic object upper bound in (*text)[1l]: SUCCESS
[search4.array_bounds.5] line 259 array dynamic object upper bound in text[(signed long int)1][0l]: SUCCESS
[search4.array_bounds.6] line 259 array dynamic object upper bound in text[(signed long int)1][1l]: SUCCESS
[search4.pointer_arithmetic.55] line 259 pointer arithmetic: pointer NULL in text + (signed long int)1: SUCCESS
[search4.pointer_arithmetic.56] line 259 pointer arithmetic: pointer invalid in text + (signed long int)1: SUCCESS
[search4.pointer_arithmetic.57] line 259 pointer arithmetic: deallocated dynamic object in text + (signed long int)1: SUCCESS
[search4.pointer_arithmetic.58] line 259 pointer arithmetic: dead object in text + (signed long int)1: SUCCESS
[search4.pointer_arithmetic.59] line 259 pointer arithmetic: pointer outside object bounds in text + (signed long int)1: SUCCESS
[search4.pointer_arithmetic.60] line 259 pointer arithmetic: invalid integer address in text + (signed long int)1: SUCCESS
[search4.pointer_dereference.31] line 259 dereference failure: pointer NULL in *text: SUCCESS
[search4.pointer_dereference.32] line 259 dereference failure: pointer invalid in *text: SUCCESS
[search4.pointer_dereference.33] line 259 dereference failure: deallocated dynamic object in *text: SUCCESS
[search4.pointer_dereference.34] line 259 dereference failure: dead object in *text: SUCCESS
[search4.pointer_dereference.35] line 259 dereference failure: pointer outside object bounds in *text: SUCCESS
[search4.pointer_dereference.36] line 259 dereference failure: invalid integer address in *text: SUCCESS
[search4.pointer_dereference.37] line 259 dereference failure: pointer NULL in text[(signed long int)1]: SUCCESS
[search4.pointer_dereference.38] line 259 dereference failure: pointer invalid in text[(signed long int)1]: SUCCESS
[search4.pointer_dereference.39] line 259 dereference failure: deallocated dynamic object in text[(signed long int)1]: SUCCESS
[search4.pointer_dereference.40] line 259 dereference failure: dead object in text[(signed long int)1]: SUCCESS
[search4.pointer_dereference.41] line 259 dereference failure: pointer outside object bounds in text[(signed long int)1]: SUCCESS
[search4.pointer_dereference.42] line 259 dereference failure: invalid integer address in text[(signed long int)1]: SUCCESS
[search4.overflow.4] line 267 arithmetic overflow on signed to unsigned type conversion in (unsigned int)i: SUCCESS
[search4.overflow.5] line 267 arithmetic overflow on signed + in count + return_value__mm_popcnt_u32$0: SUCCESS
[search4.pointer_arithmetic.61] line 268 pointer arithmetic: pointer NULL in text + 1l: SUCCESS
[search4.pointer_arithmetic.62] line 268 pointer arithmetic: pointer invalid in text + 1l: SUCCESS
[search4.pointer_arithmetic.63] line 268 pointer arithmetic: deallocated dynamic object in text + 1l: SUCCESS
[search4.pointer_arithmetic.64] line 268 pointer arithmetic: dead object in text + 1l: SUCCESS
[search4.pointer_arithmetic.65] line 268 pointer arithmetic: pointer outside object bounds in text + 1l: SUCCESS
[search4.pointer_arithmetic.66] line 268 pointer arithmetic: invalid integer address in text + 1l: SUCCESS
[search4.overflow.9] line 276 arithmetic overflow on signed + in i + 1: SUCCESS
[search4.overflow.6] line 277 arithmetic overflow on signed - in i - 3: SUCCESS
[search4.overflow.7] line 277 arithmetic overflow on signed to unsigned type conversion in (size_t)patlen: SUCCESS
[search4.pointer_arithmetic.67] line 277 pointer arithmetic: pointer NULL in x + (signed long int)(i - 3): SUCCESS
[search4.pointer_arithmetic.68] line 277 pointer arithmetic: pointer invalid in x + (signed long int)(i - 3): SUCCESS
[search4.pointer_arithmetic.69] line 277 pointer arithmetic: deallocated dynamic object in x + (signed long int)(i - 3): SUCCESS
[search4.pointer_arithmetic.70] line 277 pointer arithmetic: dead object in x + (signed long int)(i - 3): SUCCESS
[search4.pointer_arithmetic.71] line 277 pointer arithmetic: pointer outside object bounds in x + (signed long int)(i - 3): SUCCESS
[search4.pointer_arithmetic.72] line 277 pointer arithmetic: invalid integer address in x + (signed long int)(i - 3): SUCCESS
[search4.overflow.8] line 278 arithmetic overflow on signed + in count + 1: SUCCESS
[search4.overflow.10] line 285 arithmetic overflow on signed - in ((unsigned char *)text + (signed long int)3) - x: SUCCESS
[search4.overflow.11] line 285 arithmetic overflow on signed type conversion in (signed int)(((unsigned char *)text + (signed long int)3) - x): SUCCESS
[search4.overflow.14] line 285 arithmetic overflow on signed + in i + 1: SUCCESS
[search4.pointer.2] line 285 same object violation in ((unsigned char *)text + (signed long int)3) - x: SUCCESS
[search4.pointer_arithmetic.73] line 285 pointer arithmetic: pointer NULL in (unsigned char *)text + (signed long int)3: SUCCESS
[search4.pointer_arithmetic.74] line 285 pointer arithmetic: pointer invalid in (unsigned char *)text + (signed long int)3: SUCCESS
[search4.pointer_arithmetic.75] line 285 pointer arithmetic: deallocated dynamic object in (unsigned char *)text + (signed long int)3: SUCCESS
[search4.pointer_arithmetic.76] line 285 pointer arithmetic: dead object in (unsigned char *)text + (signed long int)3: SUCCESS
[search4.pointer_arithmetic.77] line 285 pointer arithmetic: pointer outside object bounds in (unsigned char *)text + (signed long int)3: SUCCESS
[search4.pointer_arithmetic.78] line 285 pointer arithmetic: invalid integer address in (unsigned char *)text + (signed long int)3: SUCCESS
[search4.pointer_arithmetic.79] line 285 pointer relation: pointer NULL in x: SUCCESS
[search4.pointer_arithmetic.80] line 285 pointer relation: pointer invalid in x: SUCCESS
[search4.pointer_arithmetic.81] line 285 pointer relation: deallocated dynamic object in x: SUCCESS
[search4.pointer_arithmetic.82] line 285 pointer relation: dead object in x: SUCCESS
[search4.pointer_arithmetic.83] line 285 pointer relation: pointer outside object bounds in x: SUCCESS
[search4.pointer_arithmetic.84] line 285 pointer relation: invalid integer address in x: SUCCESS
[search4.overflow.12] line 286 arithmetic overflow on signed - in i - 3: SUCCESS
[search4.pointer_arithmetic.85] line 286 pointer arithmetic: pointer NULL in x + (signed long int)(i - 3): SUCCESS
[search4.pointer_arithmetic.86] line 286 pointer arithmetic: pointer invalid in x + (signed long int)(i - 3): SUCCESS
[search4.pointer_arithmetic.87] line 286 pointer arithmetic: deallocated dynamic object in x + (signed long int)(i - 3): SUCCESS
[search4.pointer_arithmetic.88] line 286 pointer arithmetic: dead object in x + (signed long int)(i - 3): SUCCESS
[search4.pointer_arithmetic.89] line 286 pointer arithmetic: pointer outside object bounds in x + (signed long int)(i - 3): SUCCESS
[search4.pointer_arithmetic.90] line 286 pointer arithmetic: invalid integer address in x + (signed long int)(i - 3): SUCCESS
[search4.overflow.13] line 287 arithmetic overflow on signed + in count + 1: SUCCESS

source/algos/include/cbmc.h function bf_search
[bf_search.assertion.1] line 33 assertion m < MAX_M: SUCCESS
[bf_search.assertion.2] line 34 assertion n < MAX_N: SUCCESS
[bf_search.overflow.1] line 36 arithmetic overflow on signed - in n - m: SUCCESS
[bf_search.overflow.4] line 36 arithmetic overflow on signed + in j + 1: SUCCESS
[bf_search.overflow.2] line 39 arithmetic overflow on signed to unsigned type conversion in (size_t)m: SUCCESS
[bf_search.pointer_arithmetic.1] line 39 pointer arithmetic: pointer NULL in y + (signed long int)j: SUCCESS
[bf_search.pointer_arithmetic.2] line 39 pointer arithmetic: pointer invalid in y + (signed long int)j: SUCCESS
[bf_search.pointer_arithmetic.3] line 39 pointer arithmetic: deallocated dynamic object in y + (signed long int)j: SUCCESS
[bf_search.pointer_arithmetic.4] line 39 pointer arithmetic: dead object in y + (signed long int)j: SUCCESS
[bf_search.pointer_arithmetic.5] line 39 pointer arithmetic: pointer outside object bounds in y + (signed long int)j: SUCCESS
[bf_search.pointer_arithmetic.6] line 39 pointer arithmetic: invalid integer address in y + (signed long int)j: SUCCESS
[bf_search.overflow.3] line 40 arithmetic overflow on signed + in count + 1: SUCCESS

source/algos/include/cbmc.h function bf_search_large
[bf_search_large.overflow.1] line 48 arithmetic overflow on signed - in n - m: SUCCESS
[bf_search_large.overflow.4] line 48 arithmetic overflow on signed + in j + 1: SUCCESS
[bf_search_large.overflow.2] line 52 arithmetic overflow on signed to unsigned type conversion in (size_t)m: SUCCESS
[bf_search_large.pointer_arithmetic.1] line 52 pointer arithmetic: pointer NULL in y + (signed long int)j: SUCCESS
[bf_search_large.pointer_arithmetic.2] line 52 pointer arithmetic: pointer invalid in y + (signed long int)j: SUCCESS
[bf_search_large.pointer_arithmetic.3] line 52 pointer arithmetic: deallocated dynamic object in y + (signed long int)j: SUCCESS
[bf_search_large.pointer_arithmetic.4] line 52 pointer arithmetic: dead object in y + (signed long int)j: SUCCESS
[bf_search_large.pointer_arithmetic.5] line 52 pointer arithmetic: pointer outside object bounds in y + (signed long int)j: SUCCESS
[bf_search_large.pointer_arithmetic.6] line 52 pointer arithmetic: invalid integer address in y + (signed long int)j: SUCCESS
[bf_search_large.overflow.3] line 53 arithmetic overflow on signed + in count + 1: SUCCESS

source/algos/include/cbmc.h function main
[main.overflow.1] line 80 arithmetic overflow on signed + in i + 1: SUCCESS
[main.array_bounds.1] line 82 array 'P' lower bound in P[(signed long int)i]: SUCCESS
[main.array_bounds.2] line 82 array 'P' upper bound in P[(signed long int)i]: SUCCESS
[main.array_bounds.3] line 82 array 'P' lower bound in P[(signed long int)i]: SUCCESS
[main.array_bounds.4] line 82 array 'P' upper bound in P[(signed long int)i]: SUCCESS
[main.array_bounds.5] line 82 array 'P' lower bound in P[(signed long int)i]: SUCCESS
[main.array_bounds.6] line 82 array 'P' upper bound in P[(signed long int)i]: SUCCESS
[main.overflow.2] line 83 arithmetic overflow on signed + in i + 1: SUCCESS
[main.array_bounds.7] line 85 array 'T' lower bound in T[(signed long int)i]: SUCCESS
[main.array_bounds.8] line 85 array 'T' upper bound in T[(signed long int)i]: SUCCESS
[main.array_bounds.9] line 85 array 'T' lower bound in T[(signed long int)i]: SUCCESS
[main.array_bounds.10] line 85 array 'T' upper bound in T[(signed long int)i]: SUCCESS
[main.array_bounds.11] line 85 array 'T' lower bound in T[(signed long int)i]: SUCCESS
[main.array_bounds.12] line 85 array 'T' upper bound in T[(signed long int)i]: SUCCESS
[main.assertion.1] line 111 assertion ref == occ: SUCCESS
[main.assertion.2] line 114 assertion ref == occ: SUCCESS
[main.assertion.3] line 117 assertion ref == occ: SUCCESS
[main.assertion.4] line 118 assertion ref == occ: SUCCESS
[main.assertion.5] line 119 assertion ref == occ: SUCCESS
[main.assertion.6] line 120 assertion ref == occ: SUCCESS
[main.assertion.7] line 121 assertion ref == occ: SUCCESS
[main.assertion.8] line 122 assertion ref == occ: SUCCESS
[main.assertion.9] line 123 assertion ref == occ: SUCCESS
[main.assertion.10] line 124 assertion ref == occ: SUCCESS
[main.assertion.11] line 125 assertion ref == occ: SUCCESS
[main.assertion.12] line 126 assertion ref == occ: SUCCESS
[main.assertion.13] line 129 assertion ref == occ: SUCCESS
[main.assertion.14] line 130 assertion ref == occ: SUCCESS
[main.assertion.15] line 133 assertion ref == occ: SUCCESS
[main.assertion.16] line 134 assertion ref == occ: SUCCESS
[main.assertion.17] line 135 assertion ref == occ: SUCCESS
[main.assertion.18] line 136 assertion ref == occ: SUCCESS
[main.assertion.19] line 139 assertion ref == occ: SUCCESS
[main.assertion.20] line 140 assertion ref == occ: SUCCESS
[main.assertion.21] line 141 assertion ref == occ: SUCCESS
[main.assertion.22] line 142 assertion ref == occ: SUCCESS
[main.assertion.23] line 143 assertion ref == occ: SUCCESS
[main.assertion.24] line 144 assertion ref == occ: SUCCESS
[main.assertion.25] line 145 assertion ref == occ: SUCCESS
[main.assertion.26] line 148 assertion ref == occ: SUCCESS
[main.assertion.27] line 149 assertion ref == occ: SUCCESS
[main.assertion.28] line 150 assertion ref == occ: SUCCESS
[main.assertion.29] line 151 assertion ref == occ: SUCCESS
[main.assertion.30] line 152 assertion ref == occ: SUCCESS
[main.assertion.31] line 155 assertion ref == occ: SUCCESS
[main.assertion.32] line 158 assertion ref == occ: SUCCESS
[main.assertion.33] line 159 assertion ref == occ: SUCCESS
[main.assertion.34] line 160 assertion ref == occ: SUCCESS
[main.precondition_instance.1] line 163 strcpy src/dst overlap: SUCCESS
[main.assertion.35] line 165 assertion ref == occ: SUCCESS
[main.assertion.36] line 166 assertion ref == occ: SUCCESS
[main.assertion.37] line 169 assertion ref == occ: SUCCESS
[main.assertion.38] line 170 assertion ref == occ: SUCCESS
[main.assertion.39] line 173 assertion ref == occ: SUCCESS
[main.assertion.40] line 174 assertion ref == occ: SUCCESS
[main.assertion.41] line 177 assertion ref == occ: SUCCESS
[main.assertion.42] line 178 assertion ref == occ: SUCCESS

source/algos/include/search_large.h function _search_large_safe
[_search_large_safe.overflow.1] line 137 arithmetic overflow on signed to unsigned type conversion in (size_t)m: SUCCESS
[_search_large_safe.pointer_arithmetic.1] line 137 pointer arithmetic: pointer NULL in y + (signed long int)n: SUCCESS
[_search_large_safe.pointer_arithmetic.2] line 137 pointer arithmetic: pointer invalid in y + (signed long int)n: SUCCESS
[_search_large_safe.pointer_arithmetic.3] line 137 pointer arithmetic: deallocated dynamic object in y + (signed long int)n: SUCCESS
[_search_large_safe.pointer_arithmetic.4] line 137 pointer arithmetic: dead object in y + (signed long int)n: SUCCESS
[_search_large_safe.pointer_arithmetic.5] line 137 pointer arithmetic: pointer outside object bounds in y + (signed long int)n: SUCCESS
[_search_large_safe.pointer_arithmetic.6] line 137 pointer arithmetic: invalid integer address in y + (signed long int)n: SUCCESS
[_search_large_safe.overflow.2] line 139 arithmetic overflow on signed + in count + 1: SUCCESS
[_search_large_safe.overflow.3] line 141 arithmetic overflow on signed + in count + 1: SUCCESS
[_search_large_safe.overflow.4] line 143 arithmetic overflow on signed - in (p + (signed long int)1) - y: SUCCESS
[_search_large_safe.overflow.5] line 143 arithmetic overflow on signed - in (signed long int)n - ((p + (signed long int)1) - y): SUCCESS
[_search_large_safe.overflow.6] line 143 arithmetic overflow on signed type conversion in (signed int)((signed long int)n - ((p + (signed long int)1) - y)): SUCCESS
[_search_large_safe.pointer.1] line 143 same object violation in (p + (signed long int)1) - y: SUCCESS
[_search_large_safe.pointer_arithmetic.7] line 143 pointer arithmetic: pointer NULL in p + (signed long int)1: SUCCESS
[_search_large_safe.pointer_arithmetic.8] line 143 pointer arithmetic: pointer invalid in p + (signed long int)1: SUCCESS
[_search_large_safe.pointer_arithmetic.9] line 143 pointer arithmetic: deallocated dynamic object in p + (signed long int)1: SUCCESS
[_search_large_safe.pointer_arithmetic.10] line 143 pointer arithmetic: dead object in p + (signed long int)1: SUCCESS
[_search_large_safe.pointer_arithmetic.11] line 143 pointer arithmetic: pointer outside object bounds in p + (signed long int)1: SUCCESS
[_search_large_safe.pointer_arithmetic.12] line 143 pointer arithmetic: invalid integer address in p + (signed long int)1: SUCCESS
[_search_large_safe.pointer_arithmetic.13] line 143 pointer relation: pointer NULL in y: SUCCESS
[_search_large_safe.pointer_arithmetic.14] line 143 pointer relation: pointer invalid in y: SUCCESS
[_search_large_safe.pointer_arithmetic.15] line 143 pointer relation: deallocated dynamic object in y: SUCCESS
[_search_large_safe.pointer_arithmetic.16] line 143 pointer relation: dead object in y: SUCCESS
[_search_large_safe.pointer_arithmetic.17] line 143 pointer relation: pointer outside object bounds in y: SUCCESS
[_search_large_safe.pointer_arithmetic.18] line 143 pointer relation: invalid integer address in y: SUCCESS

source/algos/include/search_large.h function twoway_memmem
[twoway_memmem.overflow.4] line 23 arithmetic overflow on unsigned + in i + 1ul: SUCCESS
[twoway_memmem.array_bounds.1] line 24 array 'byteset' upper bound in byteset[(signed long int)((size_t)n[(signed long int)i] / ((unsigned long int)8 * sizeof(size_t) /*8ul*/ ))]: SUCCESS
[twoway_memmem.array_bounds.2] line 24 array 'shift' upper bound in shift[(signed long int)n[(signed long int)i]]: SUCCESS
[twoway_memmem.overflow.1] line 24 arithmetic overflow on unsigned to signed type conversion in (signed long int)i: SUCCESS
[twoway_memmem.overflow.2] line 24 arithmetic overflow on unsigned to signed type conversion in (signed long int)((size_t)n[(signed long int)i] / ((unsigned long int)8 * sizeof(size_t) /*8ul*/ )): SUCCESS
[twoway_memmem.overflow.3] line 24 arithmetic overflow on unsigned + in i + (unsigned long int)1: SUCCESS
[twoway_memmem.pointer_arithmetic.1] line 24 pointer arithmetic: pointer NULL in n + (signed long int)i: SUCCESS
[twoway_memmem.pointer_arithmetic.2] line 24 pointer arithmetic: pointer invalid in n + (signed long int)i: SUCCESS
[twoway_memmem.pointer_arithmetic.3] line 24 pointer arithmetic: deallocated dynamic object in n + (signed long int)i: SUCCESS
[twoway_memmem.pointer_arithmetic.4] line 24 pointer arithmetic: dead object in n + (signed long int)i: SUCCESS
[twoway_memmem.pointer_arithmetic.5] line 24 pointer arithmetic: pointer outside object bounds in n + (signed long int)i: SUCCESS
[twoway_memmem.pointer_arithmetic.6] line 24 pointer arithmetic: invalid integer address in n + (signed long int)i: SUCCESS
[twoway_memmem.pointer_dereference.1] line 24 dereference failure: pointer NULL in n[(signed long int)i]: SUCCESS
[twoway_memmem.pointer_dereference.2] line 24 dereference failure: pointer invalid in n[(signed long int)i]: SUCCESS
[twoway_memmem.pointer_dereference.3] line 24 dereference failure: deallocated dynamic object in n[(signed long int)i]: SUCCESS
[twoway_memmem.pointer_dereference.4] line 24 dereference failure: dead object in n[(signed long int)i]: SUCCESS
[twoway_memmem.pointer_dereference.5] line 24 dereference failure: pointer outside object bounds in n[(signed long int)i]: SUCCESS
[twoway_memmem.pointer_dereference.6] line 24 dereference failure: invalid integer address in n[(signed long int)i]: SUCCESS
[twoway_memmem.undefined-shift.1] line 24 shift distance too large in (size_t)1 << (size_t)n[(signed long int)i] % ((unsigned long int)8 * sizeof(size_t) /*8ul*/ ): SUCCESS
[twoway_memmem.overflow.5] line 27 arithmetic overflow on signed to unsigned type conversion in (size_t)-1: SUCCESS
[twoway_memmem.overflow.6] line 30 arithmetic overflow on unsigned + in jp + k: SUCCESS
[twoway_memmem.overflow.7] line 31 arithmetic overflow on unsigned + in ip + k: SUCCESS
[twoway_memmem.overflow.8] line 31 arithmetic overflow on unsigned to signed type conversion in (signed long int)(ip + k): SUCCESS
[twoway_memmem.overflow.9] line 31 arithmetic overflow on unsigned to signed type conversion in (signed long int)(jp + k): SUCCESS
[twoway_memmem.pointer_arithmetic.7] line 31 pointer arithmetic: pointer NULL in n + (signed long int)(ip + k): SUCCESS
[twoway_memmem.pointer_arithmetic.8] line 31 pointer arithmetic: pointer invalid in n + (signed long int)(ip + k): SUCCESS
[twoway_memmem.pointer_arithmetic.9] line 31 pointer arithmetic: deallocated dynamic object in n + (signed long int)(ip + k): SUCCESS
[twoway_memmem.pointer_arithmetic.10] line 31 pointer arithmetic: dead object in n + (signed long int)(ip + k): SUCCESS
[twoway_memmem.pointer_arithmetic.11] line 31 pointer arithmetic: pointer outside object bounds in n + (signed long int)(ip + k): SUCCESS
[twoway_memmem.pointer_arithmetic.12] line 31 pointer arithmetic: invalid integer address in n + (signed long int)(ip + k): SUCCESS
[twoway_memmem.pointer_arithmetic.13] line 31 pointer arithmetic: pointer NULL in n + (signed long int)(jp + k): SUCCESS
[twoway_memmem.pointer_arithmetic.14] line 31 pointer arithmetic: pointer invalid in n + (signed long int)(jp + k): SUCCESS
[twoway_memmem.pointer_arithmetic.15] line 31 pointer arithmetic: deallocated dynamic object in n + (signed long int)(jp + k): SUCCESS
[twoway_memmem.pointer_arithmetic.16] line 31 pointer arithmetic: dead object in n + (signed long int)(jp + k): SUCCESS
[twoway_memmem.pointer_arithmetic.17] line 31 pointer arithmetic: pointer outside object bounds in n + (signed long int)(jp + k): SUCCESS
[twoway_memmem.pointer_arithmetic.18] line 31 pointer arithmetic: invalid integer address in n + (signed long int)(jp + k): SUCCESS
[twoway_memmem.pointer_dereference.7] line 31 dereference failure: pointer NULL in n[(signed long int)(ip + k)]: SUCCESS
[twoway_memmem.pointer_dereference.8] line 31 dereference failure: pointer invalid in n[(signed long int)(ip + k)]: SUCCESS
[twoway_memmem.pointer_dereference.9] line 31 dereference failure: deallocated dynamic object in n[(signed long int)(ip + k)]: SUCCESS
[twoway_memmem.pointer_dereference.10] line 31 dereference failure: dead object in n[(signed long int)(ip + k)]: SUCCESS
[twoway_memmem.pointer_dereference.11] line 31 dereference failure: pointer outside object bounds in n[(signed long int)(ip + k)]: SUCCESS
[twoway_memmem.pointer_dereference.12] line 31 dereference failure: invalid integer address in n[(signed long int)(ip + k)]: SUCCESS
[twoway_memmem.pointer_dereference.13] line 31 dereference failure: pointer NULL in n[(signed long int)(jp + k)]: SUCCESS
[twoway_memmem.pointer_dereference.14] line 31 dereference failure: pointer invalid in n[(signed long int)(jp + k)]: SUCCESS
[twoway_memmem.pointer_dereference.15] line 31 dereference failure: deallocated dynamic object in n[(signed long int)(jp + k)]: SUCCESS
[twoway_memmem.pointer_dereference.16] line 31 dereference failure: dead object in n[(signed long int)(jp + k)]: SUCCESS
[twoway_memmem.pointer_dereference.17] line 31 dereference failure: pointer outside object bounds in n[(signed long int)(jp + k)]: SUCCESS
[twoway_memmem.pointer_dereference.18] line 31 dereference failure: invalid integer address in n[(signed long int)(jp + k)]: SUCCESS
[twoway_memmem.overflow.10] line 33 arithmetic overflow on unsigned + in jp + p: SUCCESS
[twoway_memmem.overflow.11] line 36 arithmetic overflow on unsigned + in k + 1ul: SUCCESS
[twoway_memmem.overflow.12] line 37 arithmetic overflow on unsigned + in ip + k: SUCCESS
[twoway_memmem.overflow.13] line 37 arithmetic overflow on unsigned to signed type conversion in (signed long int)(ip + k): SUCCESS
[twoway_memmem.overflow.14] line 37 arithmetic overflow on unsigned + in jp + k: SUCCESS
[twoway_memmem.overflow.15] line 37 arithmetic overflow on unsigned to signed type conversion in (signed long int)(jp + k): SUCCESS
[twoway_memmem.pointer_arithmetic.19] line 37 pointer arithmetic: pointer NULL in n + (signed long int)(ip + k): SUCCESS
[twoway_memmem.pointer_arithmetic.20] line 37 pointer arithmetic: pointer invalid in n + (signed long int)(ip + k): SUCCESS
[twoway_memmem.pointer_arithmetic.21] line 37 pointer arithmetic: deallocated dynamic object in n + (signed long int)(ip + k): SUCCESS
[twoway_memmem.pointer_arithmetic.22] line 37 pointer arithmetic: dead object in n + (signed long int)(ip + k): SUCCESS
[twoway_memmem.pointer_arithmetic.23] line 37 pointer arithmetic: pointer outside object bounds in n + (signed long int)(ip + k): SUCCESS
[twoway_memmem.pointer_arithmetic.24] line 37 pointer arithmetic: invalid integer address in n + (signed long int)(ip + k): SUCCESS
[twoway_memmem.pointer_arithmetic.25] line 37 pointer arithmetic: pointer NULL in n + (signed long int)(jp + k): SUCCESS
[twoway_memmem.pointer_arithmetic.26] line 37 pointer arithmetic: pointer invalid in n + (signed long int)(jp + k): SUCCESS
[twoway_memmem.pointer_arithmetic.27] line 37 pointer arithmetic: deallocated dynamic object in n + (signed long int)(jp + k): SUCCESS
[twoway_memmem.pointer_arithmetic.28] line 37 pointer arithmetic: dead object in n + (signed long int)(jp + k): SUCCESS
[twoway_memmem.pointer_arithmetic.29] line 37 pointer arithmetic: pointer outside object bounds in n + (signed long int)(jp + k): SUCCESS
[twoway_memmem.pointer_arithmetic.30] line 37 pointer arithmetic: invalid integer address in n + (signed long int)(jp + k): SUCCESS
[twoway_memmem.pointer_dereference.19] line 37 dereference failure: pointer NULL in n[(signed long int)(ip + k)]: SUCCESS
[twoway_memmem.pointer_dereference.20] line 37 dereference failure: pointer invalid in n[(signed long int)(ip + k)]: SUCCESS
[twoway_memmem.pointer_dereference.21] line 37 dereference failure: deallocated dynamic object in n[(signed long int)(ip + k)]: SUCCESS
[twoway_memmem.pointer_dereference.22] line 37 dereference failure: dead object in n[(signed long int)(ip + k)]: SUCCESS
[twoway_memmem.pointer_dereference.23] line 37 dereference failure: pointer outside object bounds in n[(signed long int)(ip + k)]: SUCCESS
[twoway_memmem.pointer_dereference.24] line 37 dereference failure: invalid integer address in n[(signed long int)(ip + k)]: SUCCESS
[twoway_memmem.pointer_dereference.25] line 37 dereference failure: pointer NULL in n[(signed long int)(jp + k)]: SUCCESS
[twoway_memmem.pointer_dereference.26] line 37 dereference failure: pointer invalid in n[(signed long int)(jp + k)]: SUCCESS
[twoway_memmem.pointer_dereference.27] line 37 dereference failure: deallocated dynamic object in n[(signed long int)(jp + k)]: SUCCESS
[twoway_memmem.pointer_dereference.28] line 37 dereference failure: dead object in n[(signed long int)(jp + k)]: SUCCESS
[twoway_memmem.pointer_dereference.29] line 37 dereference failure: pointer outside object bounds in n[(signed long int)(jp + k)]: SUCCESS
[twoway_memmem.pointer_dereference.30] line 37 dereference failure: invalid integer address in n[(signed long int)(jp + k)]: SUCCESS
[twoway_memmem.overflow.16] line 40 arithmetic overflow on unsigned - in jp - ip: SUCCESS
[twoway_memmem.overflow.17] line 42 arithmetic overflow on unsigned + in jp + 1ul: SUCCESS
[twoway_memmem.overflow.18] line 50 arithmetic overflow on signed to unsigned type conversion in (size_t)-1: SUCCESS
[twoway_memmem.overflow.19] line 53 arithmetic overflow on unsigned + in jp + k: SUCCESS
[twoway_memmem.overflow.20] line 54 arithmetic overflow on unsigned + in ip + k: SUCCESS
[twoway_memmem.overflow.21] line 54 arithmetic overflow on unsigned to signed type conversion in (signed long int)(ip + k): SUCCESS
[twoway_memmem.overflow.22] line 54 arithmetic overflow on unsigned to signed type conversion in (signed long int)(jp + k): SUCCESS
[twoway_memmem.pointer_arithmetic.31] line 54 pointer arithmetic: pointer NULL in n + (signed long int)(ip + k): SUCCESS
[twoway_memmem.pointer_arithmetic.32] line 54 pointer arithmetic: pointer invalid in n + (signed long int)(ip + k): SUCCESS
[twoway_memmem.pointer_arithmetic.33] line 54 pointer arithmetic: deallocated dynamic object in n + (signed long int)(ip + k): SUCCESS
[twoway_memmem.pointer_arithmetic.34] line 54 pointer arithmetic: dead object in n + (signed long int)(ip + k): SUCCESS
[twoway_memmem.pointer_arithmetic.35] line 54 pointer arithmetic: pointer outside object bounds in n + (signed long int)(ip + k): SUCCESS
[twoway_memmem.pointer_arithmetic.36] line 54 pointer arithmetic: invalid integer address in n + (signed long int)(ip + k): SUCCESS
[twoway_memmem.pointer_arithmetic.37] line 54 pointer arithmetic: pointer NULL in n + (signed long int)(jp + k): SUCCESS
[twoway_memmem.pointer_arithmetic.38] line 54 pointer arithmetic: pointer invalid in n + (signed long int)(jp + k): SUCCESS
[twoway_memmem.pointer_arithmetic.39] line 54 pointer arithmetic: deallocated dynamic object in n + (signed long int)(jp + k): SUCCESS
[twoway_memmem.pointer_arithmetic.40] line 54 pointer arithmetic: dead object in n + (signed long int)(jp + k): SUCCESS
[twoway_memmem.pointer_arithmetic.41] line 54 pointer arithmetic: pointer outside object bounds in n + (signed long int)(jp + k): SUCCESS
[twoway_memmem.pointer_arithmetic.42] line 54 pointer arithmetic: invalid integer address in n + (signed long int)(jp + k): SUCCESS
[twoway_memmem.pointer_dereference.31] line 54 dereference failure: pointer NULL in n[(signed long int)(ip + k)]: SUCCESS
[twoway_memmem.pointer_dereference.32] line 54 dereference failure: pointer invalid in n[(signed long int)(ip + k)]: SUCCESS
[twoway_memmem.pointer_dereference.33] line 54 dereference failure: deallocated dynamic object in n[(signed long int)(ip + k)]: SUCCESS
[twoway_memmem.pointer_dereference.34] line 54 dereference failure: dead object in n[(signed long int)(ip + k)]: SUCCESS
[twoway_memmem.pointer_dereference.35] line 54 dereference failure: pointer outside object bounds in n[(signed long int)(ip + k)]: SUCCESS
[twoway_memmem.pointer_dereference.36] line 54 dereference failure: invalid integer address in n[(signed long int)(ip + k)]: SUCCESS
[twoway_memmem.pointer_dereference.37] line 54 dereference failure: pointer NULL in n[(signed long int)(jp + k)]: SUCCESS
[twoway_memmem.pointer_dereference.38] line 54 dereference failure: pointer invalid in n[(signed long int)(jp + k)]: SUCCESS
[twoway_memmem.pointer_dereference.39] line 54 dereference failure: deallocated dynamic object in n[(signed long int)(jp + k)]: SUCCESS
[twoway_memmem.pointer_dereference.40] line 54 dereference failure: dead object in n[(signed long int)(jp + k)]: SUCCESS
[twoway_memmem.pointer_dereference.41] line 54 dereference failure: pointer outside object bounds in n[(signed long int)(jp + k)]: SUCCESS
[twoway_memmem.pointer_dereference.42] line 54 dereference failure: invalid integer address in n[(signed long int)(jp + k)]: SUCCESS
[twoway_memmem.overflow.23] line 56 arithmetic overflow on unsigned + in jp + p: SUCCESS
[twoway_memmem.overflow.24] line 59 arithmetic overflow on unsigned + in k + 1ul: SUCCESS
[twoway_memmem.overflow.25] line 60 arithmetic overflow on unsigned + in ip + k: SUCCESS
[twoway_memmem.overflow.26] line 60 arithmetic overflow on unsigned to signed type conversion in (signed long int)(ip + k): SUCCESS
[twoway_memmem.overflow.27] line 60 arithmetic overflow on unsigned + in jp + k: SUCCESS
[twoway_memmem.overflow.28] line 60 arithmetic overflow on unsigned to signed type conversion in (signed long int)(jp + k): SUCCESS
[twoway_memmem.pointer_arithmetic.43] line 60 pointer arithmetic: pointer NULL in n + (signed long int)(ip + k): SUCCESS
[twoway_memmem.pointer_arithmetic.44] line 60 pointer arithmetic: pointer invalid in n + (signed long int)(ip + k): SUCCESS
[twoway_memmem.pointer_arithmetic.45] line 60 pointer arithmetic: deallocated dynamic object in n + (signed long int)(ip + k): SUCCESS
[twoway_memmem.pointer_arithmetic.46] line 60 pointer arithmetic: dead object in n + (signed long int)(ip + k): SUCCESS
[twoway_memmem.pointer_arithmetic.47] line 60 pointer arithmetic: pointer outside object bounds in n + (signed long int)(ip + k): SUCCESS
[twoway_memmem.pointer_arithmetic.48] line 60 pointer arithmetic: invalid integer address in n + (signed long int)(ip + k): SUCCESS
[twoway_memmem.pointer_arithmetic.49] line 60 pointer arithmetic: pointer NULL in n + (signed long int)(jp + k): SUCCESS
[twoway_memmem.pointer_arithmetic.50] line 60 pointer arithmetic: pointer invalid in n + (signed long int)(jp + k): SUCCESS
[twoway_memmem.pointer_arithmetic.51] line 60 pointer arithmetic: deallocated dynamic object in n + (signed long int)(jp + k): SUCCESS
[twoway_memmem.pointer_arithmetic.52] line 60 pointer arithmetic: dead object in n + (signed long int)(jp + k): SUCCESS
[twoway_memmem.pointer_arithmetic.53] line 60 pointer arithmetic: pointer outside object bounds in n + (signed long int)(jp + k): SUCCESS
[twoway_memmem.pointer_arithmetic.54] line 60 pointer arithmetic: invalid integer address in n + (signed long int)(jp + k): SUCCESS
[twoway_memmem.pointer_dereference.43] line 60 dereference failure: pointer NULL in n[(signed long int)(ip + k)]: SUCCESS
[twoway_memmem.pointer_dereference.44] line 60 dereference failure: pointer invalid in n[(signed long int)(ip + k)]: SUCCESS
[twoway_memmem.pointer_dereference.45] line 60 dereference failure: deallocated dynamic object in n[(signed long int)(ip + k)]: SUCCESS
[twoway_memmem.pointer_dereference.46] line 60 dereference failure: dead object in n[(signed long int)(ip + k)]: SUCCESS
[twoway_memmem.pointer_dereference.47] line 60 dereference failure: pointer outside object bounds in n[(signed long int)(ip + k)]: SUCCESS
[twoway_memmem.pointer_dereference.48] line 60 dereference failure: invalid integer address in n[(signed long int)(ip + k)]: SUCCESS
[twoway_memmem.pointer_dereference.49] line 60 dereference failure: pointer NULL in n[(signed long int)(jp + k)]: SUCCESS
[twoway_memmem.pointer_dereference.50] line 60 dereference failure: pointer invalid in n[(signed long int)(jp + k)]: SUCCESS
[twoway_memmem.pointer_dereference.51] line 60 dereference failure: deallocated dynamic object in n[(signed long int)(jp + k)]: SUCCESS
[twoway_memmem.pointer_dereference.52] line 60 dereference failure: dead object in n[(signed long int)(jp + k)]: SUCCESS
[twoway_memmem.pointer_dereference.53] line 60 dereference failure: pointer outside object bounds in n[(signed long int)(jp + k)]: SUCCESS
[twoway_memmem.pointer_dereference.54] line 60 dereference failure: invalid integer address in n[(signed long int)(jp + k)]: SUCCESS
[twoway_memmem.overflow.29] line 63 arithmetic overflow on unsigned - in jp - ip: SUCCESS
[twoway_memmem.overflow.30] line 65 arithmetic overflow on unsigned + in jp + 1ul: SUCCESS
[twoway_memmem.overflow.31] line 69 arithmetic overflow on unsigned + in ip + (unsigned long int)1: SUCCESS
[twoway_memmem.overflow.32] line 69 arithmetic overflow on unsigned + in ms + (unsigned long int)1: SUCCESS
[twoway_memmem.overflow.33] line 75 arithmetic overflow on unsigned to signed type conversion in (signed long int)p: SUCCESS
[twoway_memmem.overflow.34] line 75 arithmetic overflow on unsigned + in ms + (unsigned long int)1: SUCCESS
[twoway_memmem.pointer_arithmetic.55] line 75 pointer arithmetic: pointer NULL in n + (signed long int)p: SUCCESS
[twoway_memmem.pointer_arithmetic.56] line 75 pointer arithmetic: pointer invalid in n + (signed long int)p: SUCCESS
[twoway_memmem.pointer_arithmetic.57] line 75 pointer arithmetic: deallocated dynamic object in n + (signed long int)p: SUCCESS
[twoway_memmem.pointer_arithmetic.58] line 75 pointer arithmetic: dead object in n + (signed long int)p: SUCCESS
[twoway_memmem.pointer_arithmetic.59] line 75 pointer arithmetic: pointer outside object bounds in n + (signed long int)p: SUCCESS
[twoway_memmem.pointer_arithmetic.60] line 75 pointer arithmetic: invalid integer address in n + (signed long int)p: SUCCESS
[twoway_memmem.overflow.35] line 77 arithmetic overflow on unsigned - in l - ms: SUCCESS
[twoway_memmem.overflow.36] line 77 arithmetic overflow on unsigned - in (l - ms) - (unsigned long int)1: SUCCESS
[twoway_memmem.overflow.37] line 77 arithmetic overflow on unsigned - in l - ms: SUCCESS
[twoway_memmem.overflow.38] line 77 arithmetic overflow on unsigned - in (l - ms) - (unsigned long int)1: SUCCESS
[twoway_memmem.overflow.39] line 77 arithmetic overflow on unsigned + in (ms > (l - ms) - (unsigned long int)1 ? ms : (l - ms) - (unsigned long int)1) + (unsigned long int)1: SUCCESS
[twoway_memmem.overflow.40] line 79 arithmetic overflow on unsigned - in l - p: SUCCESS
[twoway_memmem.overflow.41] line 86 arithmetic overflow on signed - in z - h: SUCCESS
[twoway_memmem.overflow.42] line 86 arithmetic overflow on unsigned to signed type conversion in (ptrdiff_t)l: SUCCESS
[twoway_memmem.pointer.1] line 86 same object violation in z - h: SUCCESS
[twoway_memmem.pointer_arithmetic.61] line 86 pointer relation: pointer NULL in z: SUCCESS
[twoway_memmem.pointer_arithmetic.62] line 86 pointer relation: pointer invalid in z: SUCCESS
[twoway_memmem.pointer_arithmetic.63] line 86 pointer relation: deallocated dynamic object in z: SUCCESS
[twoway_memmem.pointer_arithmetic.64] line 86 pointer relation: dead object in z: SUCCESS
[twoway_memmem.pointer_arithmetic.65] line 86 pointer relation: pointer outside object bounds in z: SUCCESS
[twoway_memmem.pointer_arithmetic.66] line 86 pointer relation: invalid integer address in z: SUCCESS
[twoway_memmem.pointer_arithmetic.67] line 86 pointer relation: pointer NULL in h: SUCCESS
[twoway_memmem.pointer_arithmetic.68] line 86 pointer relation: pointer invalid in h: SUCCESS
[twoway_memmem.pointer_arithmetic.69] line 86 pointer relation: deallocated dynamic object in h: SUCCESS
[twoway_memmem.pointer_arithmetic.70] line 86 pointer relation: dead object in h: SUCCESS
[twoway_memmem.pointer_arithmetic.71] line 86 pointer relation: pointer outside object bounds in h: SUCCESS
[twoway_memmem.pointer_arithmetic.72] line 86 pointer relation: invalid integer address in h: SUCCESS
[twoway_memmem.array_bounds.3] line 91 array 'byteset' upper bound in byteset[(signed long int)((size_t)h[(signed long int)(l - (unsigned long int)1)] / ((unsigned long int)8 * sizeof(size_t) /*8ul*/ ))]: SUCCESS
[twoway_memmem.overflow.43] line 91 arithmetic overflow on unsigned - in l - (unsigned long int)1: SUCCESS
[twoway_memmem.overflow.44] line 91 arithmetic overflow on unsigned to signed type conversion in (signed long int)(l - (unsigned long int)1): SUCCESS
[twoway_memmem.overflow.45] line 91 arithmetic overflow on unsigned to signed type conversion in (signed long int)((size_t)h[(signed long int)(l - (unsigned long int)1)] / ((unsigned long int)8 * sizeof(size_t) /*8ul*/ )): SUCCESS
[twoway_memmem.pointer_arithmetic.73] line 91 pointer arithmetic: pointer NULL in h + (signed long int)(l - (unsigned long int)1): SUCCESS
[twoway_memmem.pointer_arithmetic.74] line 91 pointer arithmetic: pointer invalid in h + (signed long int)(l - (unsigned long int)1): SUCCESS
[twoway_memmem.pointer_arithmetic.75] line 91 pointer arithmetic: deallocated dynamic object in h + (signed long int)(l - (unsigned long int)1): SUCCESS
[twoway_memmem.pointer_arithmetic.76] line 91 pointer arithmetic: dead object in h + (signed long int)(l - (unsigned long int)1): SUCCESS
[twoway_memmem.pointer_arithmetic.77] line 91 pointer arithmetic: pointer outside object bounds in h + (signed long int)(l - (unsigned long int)1): SUCCESS
[twoway_memmem.pointer_arithmetic.78] line 91 pointer arithmetic: invalid integer address in h + (signed long int)(l - (unsigned long int)1): SUCCESS
[twoway_memmem.pointer_dereference.55] line 91 dereference failure: pointer NULL in h[(signed long int)(l - (unsigned long int)1)]: SUCCESS
[twoway_memmem.pointer_dereference.56] line 91 dereference failure: pointer invalid in h[(signed long int)(l - (unsigned long int)1)]: SUCCESS
[twoway_memmem.pointer_dereference.57] line 91 dereference failure: deallocated dynamic object in h[(signed long int)(l - (unsigned long int)1)]: SUCCESS
[twoway_memmem.pointer_dereference.58] line 91 dereference failure: dead object in h[(signed long int)(l - (unsigned long int)1)]: SUCCESS
[twoway_memmem.pointer_dereference.59] line 91 dereference failure: pointer outside object bounds in h[(signed long int)(l - (unsigned long int)1)]: SUCCESS
[twoway_memmem.pointer_dereference.60] line 91 dereference failure: invalid integer address in h[(signed long int)(l - (unsigned long int)1)]: SUCCESS
[twoway_memmem.undefined-shift.2] line 91 shift distance too large in (size_t)1 << (size_t)h[(signed long int)(l - (unsigned long int)1)] % ((unsigned long int)8 * sizeof(size_t) /*8ul*/ ): SUCCESS
[twoway_memmem.array_bounds.4] line 92 array 'shift' upper bound in shift[(signed long int)h[(signed long int)(l - (unsigned long int)1)]]: SUCCESS
[twoway_memmem.overflow.46] line 92 arithmetic overflow on unsigned - in l - shift[(signed long int)h[(signed long int)(l - (unsigned long int)1)]]: SUCCESS
[twoway_memmem.overflow.47] line 96 arithmetic overflow on unsigned to signed type conversion in (signed long int)k: SUCCESS
[twoway_memmem.pointer_arithmetic.79] line 96 pointer arithmetic: pointer NULL in h + (signed long int)k: SUCCESS
[twoway_memmem.pointer_arithmetic.80] line 96 pointer arithmetic: pointer invalid in h + (signed long int)k: SUCCESS
[twoway_memmem.pointer_arithmetic.81] line 96 pointer arithmetic: deallocated dynamic object in h + (signed long int)k: SUCCESS
[twoway_memmem.pointer_arithmetic.82] line 96 pointer arithmetic: dead object in h + (signed long int)k: SUCCESS
[twoway_memmem.pointer_arithmetic.83] line 96 pointer arithmetic: pointer outside object bounds in h + (signed long int)k: SUCCESS
[twoway_memmem.pointer_arithmetic.84] line 96 pointer arithmetic: invalid integer address in h + (signed long int)k: SUCCESS
[twoway_memmem.overflow.48] line 101 arithmetic overflow on unsigned to signed type conversion in (signed long int)l: SUCCESS
[twoway_memmem.pointer_arithmetic.85] line 101 pointer arithmetic: pointer NULL in h + (signed long int)l: SUCCESS
[twoway_memmem.pointer_arithmetic.86] line 101 pointer arithmetic: pointer invalid in h + (signed long int)l: SUCCESS
[twoway_memmem.pointer_arithmetic.87] line 101 pointer arithmetic: deallocated dynamic object in h + (signed long int)l: SUCCESS
[twoway_memmem.pointer_arithmetic.88] line 101 pointer arithmetic: dead object in h + (signed long int)l: SUCCESS
[twoway_memmem.pointer_arithmetic.89] line 101 pointer arithmetic: pointer outside object bounds in h + (signed long int)l: SUCCESS
[twoway_memmem.pointer_arithmetic.90] line 101 pointer arithmetic: invalid integer address in h + (signed long int)l: SUCCESS
[twoway_memmem.overflow.49] line 107 arithmetic overflow on unsigned + in ms + (unsigned long int)1: SUCCESS
[twoway_memmem.overflow.50] line 107 arithmetic overflow on unsigned + in ms + (unsigned long int)1: SUCCESS
[twoway_memmem.overflow.51] line 107 arithmetic overflow on unsigned to signed type conversion in (signed long int)k: SUCCESS
[twoway_memmem.overflow.52] line 107 arithmetic overflow on unsigned + in k + 1ul: SUCCESS
[twoway_memmem.pointer_arithmetic.91] line 107 pointer arithmetic: pointer NULL in n + (signed long int)k: SUCCESS
[twoway_memmem.pointer_arithmetic.92] line 107 pointer arithmetic: pointer invalid in n + (signed long int)k: SUCCESS
[twoway_memmem.pointer_arithmetic.93] line 107 pointer arithmetic: deallocated dynamic object in n + (signed long int)k: SUCCESS
[twoway_memmem.pointer_arithmetic.94] line 107 pointer arithmetic: dead object in n + (signed long int)k: SUCCESS
[twoway_memmem.pointer_arithmetic.95] line 107 pointer arithmetic: pointer outside object bounds in n + (signed long int)k: SUCCESS
[twoway_memmem.pointer_arithmetic.96] line 107 pointer arithmetic: invalid integer address in n + (signed long int)k: SUCCESS
[twoway_memmem.pointer_arithmetic.97] line 107 pointer arithmetic: pointer NULL in h + (signed long int)k: SUCCESS
[twoway_memmem.pointer_arithmetic.98] line 107 pointer arithmetic: pointer invalid in h + (signed long int)k: SUCCESS
[twoway_memmem.pointer_arithmetic.99] line 107 pointer arithmetic: deallocated dynamic object in h + (signed long int)k: SUCCESS
[twoway_memmem.pointer_arithmetic.100] line 107 pointer arithmetic: dead object in h + (signed long int)k: SUCCESS
[twoway_memmem.pointer_arithmetic.101] line 107 pointer arithmetic: pointer outside object bounds in h + (signed long int)k: SUCCESS
[twoway_memmem.pointer_arithmetic.102] line 107 pointer arithmetic: invalid integer address in h + (signed long int)k: SUCCESS
[twoway_memmem.pointer_dereference.61] line 107 dereference failure: pointer NULL in n[(signed long int)k]: SUCCESS
[twoway_memmem.pointer_dereference.62] line 107 dereference failure: pointer invalid in n[(signed long int)k]: SUCCESS
[twoway_memmem.pointer_dereference.63] line 107 dereference failure: deallocated dynamic object in n[(signed long int)k]: SUCCESS
[twoway_memmem.pointer_dereference.64] line 107 dereference failure: dead object in n[(signed long int)k]: SUCCESS
[twoway_memmem.pointer_dereference.65] line 107 dereference failure: pointer outside object bounds in n[(signed long int)k]: SUCCESS
[twoway_memmem.pointer_dereference.66] line 107 dereference failure: invalid integer address in n[(signed long int)k]: SUCCESS
[twoway_memmem.pointer_dereference.67] line 107 dereference failure: pointer NULL in h[(signed long int)k]: SUCCESS
[twoway_memmem.pointer_dereference.68] line 107 dereference failure: pointer invalid in h[(signed long int)k]: SUCCESS
[twoway_memmem.pointer_dereference.69] line 107 dereference failure: deallocated dynamic object in h[(signed long int)k]: SUCCESS
[twoway_memmem.pointer_dereference.70] line 107 dereference failure: dead object in h[(signed long int)k]: SUCCESS
[twoway_memmem.pointer_dereference.71] line 107 dereference failure: pointer outside object bounds in h[(signed long int)k]: SUCCESS
[twoway_memmem.pointer_dereference.72] line 107 dereference failure: invalid integer address in h[(signed long int)k]: SUCCESS
[twoway_memmem.overflow.53] line 110 arithmetic overflow on unsigned - in k - ms: SUCCESS
[twoway_memmem.overflow.54] line 110 arithmetic overflow on unsigned to signed type conversion in (signed long int)(k - ms): SUCCESS
[twoway_memmem.pointer_arithmetic.103] line 110 pointer arithmetic: pointer NULL in h + (signed long int)(k - ms): SUCCESS
[twoway_memmem.pointer_arithmetic.104] line 110 pointer arithmetic: pointer invalid in h + (signed long int)(k - ms): SUCCESS
[twoway_memmem.pointer_arithmetic.105] line 110 pointer arithmetic: deallocated dynamic object in h + (signed long int)(k - ms): SUCCESS
[twoway_memmem.pointer_arithmetic.106] line 110 pointer arithmetic: dead object in h + (signed long int)(k - ms): SUCCESS
[twoway_memmem.pointer_arithmetic.107] line 110 pointer arithmetic: pointer outside object bounds in h + (signed long int)(k - ms): SUCCESS
[twoway_memmem.pointer_arithmetic.108] line 110 pointer arithmetic: invalid integer address in h + (signed long int)(k - ms): SUCCESS
[twoway_memmem.overflow.55] line 115 arithmetic overflow on unsigned + in ms + (unsigned long int)1: SUCCESS
[twoway_memmem.overflow.56] line 115 arithmetic overflow on unsigned - in k - (unsigned long int)1: SUCCESS
[twoway_memmem.overflow.57] line 115 arithmetic overflow on unsigned to signed type conversion in (signed long int)(k - (unsigned long int)1): SUCCESS
[twoway_memmem.overflow.58] line 115 arithmetic overflow on unsigned - in k - 1ul: SUCCESS
[twoway_memmem.pointer_arithmetic.109] line 115 pointer arithmetic: pointer NULL in n + (signed long int)(k - (unsigned long int)1): SUCCESS
[twoway_memmem.pointer_arithmetic.110] line 115 pointer arithmetic: pointer invalid in n + (signed long int)(k - (unsigned long int)1): SUCCESS
[twoway_memmem.pointer_arithmetic.111] line 115 pointer arithmetic: deallocated dynamic object in n + (signed long int)(k - (unsigned long int)1): SUCCESS
[twoway_memmem.pointer_arithmetic.112] line 115 pointer arithmetic: dead object in n + (signed long int)(k - (unsigned long int)1): SUCCESS
[twoway_memmem.pointer_arithmetic.113] line 115 pointer arithmetic: pointer outside object bounds in n + (signed long int)(k - (unsigned long int)1): SUCCESS
[twoway_memmem.pointer_arithmetic.114] line 115 pointer arithmetic: invalid integer address in n + (signed long int)(k - (unsigned long int)1): SUCCESS
[twoway_memmem.pointer_arithmetic.115] line 115 pointer arithmetic: pointer NULL in h + (signed long int)(k - (unsigned long int)1): SUCCESS
[twoway_memmem.pointer_arithmetic.116] line 115 pointer arithmetic: pointer invalid in h + (signed long int)(k - (unsigned long int)1): SUCCESS
[twoway_memmem.pointer_arithmetic.117] line 115 pointer arithmetic: deallocated dynamic object in h + (signed long int)(k - (unsigned long int)1): SUCCESS
[twoway_memmem.pointer_arithmetic.118] line 115 pointer arithmetic: dead object in h + (signed long int)(k - (unsigned long int)1): SUCCESS
[twoway_memmem.pointer_arithmetic.119] line 115 pointer arithmetic: pointer outside object bounds in h + (signed long int)(k - (unsigned long int)1): SUCCESS
[twoway_memmem.pointer_arithmetic.120] line 115 pointer arithmetic: invalid integer address in h + (signed long int)(k - (unsigned long int)1): SUCCESS
[twoway_memmem.pointer_dereference.73] line 115 dereference failure: pointer NULL in n[(signed long int)(k - (unsigned long int)1)]: SUCCESS
[twoway_memmem.pointer_dereference.74] line 115 dereference failure: pointer invalid in n[(signed long int)(k - (unsigned long int)1)]: SUCCESS
[twoway_memmem.pointer_dereference.75] line 115 dereference failure: deallocated dynamic object in n[(signed long int)(k - (unsigned long int)1)]: SUCCESS
[twoway_memmem.pointer_dereference.76] line 115 dereference failure: dead object in n[(signed long int)(k - (unsigned long int)1)]: SUCCESS
[twoway_memmem.pointer_dereference.77] line 115 dereference failure: pointer outside object bounds in n[(signed long int)(k - (unsigned long int)1)]: SUCCESS
[twoway_memmem.pointer_dereference.78] line 115 dereference failure: invalid integer address in n[(signed long int)(k - (unsigned long int)1)]: SUCCESS
[twoway_memmem.pointer_dereference.79] line 115 dereference failure: pointer NULL in h[(signed long int)(k - (unsigned long int)1)]: SUCCESS
[twoway_memmem.pointer_dereference.80] line 115 dereference failure: pointer invalid in h[(signed long int)(k - (unsigned long int)1)]: SUCCESS
[twoway_memmem.pointer_dereference.81] line 115 dereference failure: deallocated dynamic object in h[(signed long int)(k - (unsigned long int)1)]: SUCCESS
[twoway_memmem.pointer_dereference.82] line 115 dereference failure: dead object in h[(signed long int)(k - (unsigned long int)1)]: SUCCESS
[twoway_memmem.pointer_dereference.83] line 115 dereference failure: pointer outside object bounds in h[(signed long int)(k - (unsigned long int)1)]: SUCCESS
[twoway_memmem.pointer_dereference.84] line 115 dereference failure: invalid integer address in h[(signed long int)(k - (unsigned long int)1)]: SUCCESS
[twoway_memmem.overflow.59] line 120 arithmetic overflow on unsigned to signed type conversion in (signed long int)p: SUCCESS
[twoway_memmem.pointer_arithmetic.121] line 120 pointer arithmetic: pointer NULL in h + (signed long int)p: SUCCESS
[twoway_memmem.pointer_arithmetic.122] line 120 pointer arithmetic: pointer invalid in h + (signed long int)p: SUCCESS
[twoway_memmem.pointer_arithmetic.123] line 120 pointer arithmetic: deallocated dynamic object in h + (signed long int)p: SUCCESS
[twoway_memmem.pointer_arithmetic.124] line 120 pointer arithmetic: dead object in h + (signed long int)p: SUCCESS
[twoway_memmem.pointer_arithmetic.125] line 120 pointer arithmetic: pointer outside object bounds in h + (signed long int)p: SUCCESS
[twoway_memmem.pointer_arithmetic.126] line 120 pointer arithmetic: invalid integer address in h + (signed long int)p: SUCCESS

** 0 of 1590 failed (1 iterations)
VERIFICATION SUCCESSFUL
